發生年度,發生月份,發生日期,發生時間,事故類別名稱,處理單位名稱警局層,發生地點,天候名稱,光線名稱,道路類別-第1當事者-名稱,速限-第1當事者,道路型態大類別名稱,道路型態子類別名稱,事故位置大類別名稱,事故位置子類別名稱,路面狀況-路面鋪裝名稱,路面狀況-路面狀態名稱,路面狀況-路面缺陷名稱,道路障礙-障礙物名稱,道路障礙-視距品質名稱,道路障礙-視距名稱,號誌-號誌種類名稱,號誌-號誌動作名稱,車道劃分設施-分向設施大類別名稱,車道劃分設施-分向設施子類別名稱,車道劃分設施-分道設施-快車道或一般車道間名稱,車道劃分設施-分道設施-快慢車道間名稱,車道劃分設施-分道設施-路面邊線名稱,事故類型及型態大類別名稱,事故類型及型態子類別名稱,肇因研判大類別名稱-主要,肇因研判子類別名稱-主要,死亡受傷人數,當事者順位,當事者區分-類別-大類別名稱-車種,當事者區分-類別-子類別名稱-車種,當事者屬-性-別名稱,當事者事故發生時年齡,保護裝備名稱,行動電話或電腦或其他相類功能裝置名稱,當事者行動狀態大類別名稱,當事者行動狀態子類別名稱,車輛撞擊部位大類別名稱-最初,車輛撞擊部位子類別名稱-最初,車輛撞擊部位大類別名稱-其他,車輛撞擊部位子類別名稱-其他,肇因研判大類別名稱-個別,肇因研判子類別名稱-個別,肇事逃逸類別名稱-是否肇逃,經度,緯度
2024,1,20240101,231920,A1,桃園市政府警察局,桃園市八德區天祥街附近 / 桃園市八德區國道2號橋下便道口,晴,有照明且開啟,市區道路,30,交岔路,四岔路,交叉路口,交叉路口內,柏油,乾燥,無缺陷,無障礙物,無遮蔽物,良好,閃光號誌,正常,無,無分向設施,未繪設車道線,未繪設快慢車道分隔線,無,車與車,路口交岔撞,駕駛者,違反閃光號誌,死亡1;受傷1,1,機車,普通重型,男,32,戴半罩式安全帽,未使用,車的狀態,向前直行中,機車與自行車,左側車身,,,駕駛者,違反閃光號誌,否,121.301528,24.974739
2024,1,20240101,231920,A1,桃園市政府警察局,桃園市八德區天祥街附近 / 桃園市八德區國道2號橋下便道口,晴,有照明且開啟,市區道路,30,交岔路,四岔路,交叉路口,交叉路口內,柏油,乾燥,無缺陷,無障礙物,無遮蔽物,良好,閃光號誌,正常,無,無分向設施,未繪設車道線,未繪設快慢車道分隔線,無,車與車,路口交岔撞,駕駛者,違反閃光號誌,死亡1;受傷1,2,大貨車,營業用,男,30,繫安全帶(使用幼童安全椅),未使用,車的狀態,向前直行中,汽車,前車頭,,,駕駛者,未依規定減速,否,121.301528,24.974739
2024,1,20240109,112004,A1,桃園市政府警察局,桃園市蘆竹區大竹路口 / 桃園市蘆竹區愛國一路口,晴,有照明未開啟或故障,市區道路,50,交岔路,四岔路,其他,行人穿越道,柏油,乾燥,無缺陷,無障礙物,無遮蔽物,良好,行車管制號誌(附設行人專用號誌),正常,無,無分向設施,未繪設車道線,未繪設快慢車道分隔線,無,人與車,穿越道路中,駕駛者,起步時未注意安全,死亡1;受傷0,1,小貨車(含客、貨兩用),自用,男,71,繫安全帶(使用幼童安全椅),未使用,車的狀態,起步,汽車,右前車頭(身),,,駕駛者,起步時未注意安全,否,121.261403,25.022561
2024,1,20240109,112004,A1,桃園市政府警察局,桃園市蘆竹區大竹路口 / 桃園市蘆竹區愛國一路口,晴,有照明未開啟或故障,市區道路,50,交岔路,四岔路,其他,行人穿越道,柏油,乾燥,無缺陷,無障礙物,無遮蔽物,良好,行車管制號誌(附設行人專用號誌),正常,無,無分向設施,未繪設車道線,未繪設快慢車道分隔線,無,人與車,穿越道路中,駕駛者,起步時未注意安全,死亡1;受傷0,2,人,行人,男,71,其他(無需使用保護裝備之人),非駕駛人,人的狀態,步行,其他,非汽、機及自行車,,,非駕駛者,未依號誌或手勢指揮(示)穿越道路,否,121.261403,25.022561
2024,1,20240112,144600,A1,桃園市政府警察局,桃園市龜山區樹人路357號前0.0公尺,晴,無照明,市區道路,50,單路部分,直路,路段,一般車道(未劃分快慢車道),柏油,乾燥,無缺陷,無障礙物,無遮蔽物,良好,無號誌,無號誌,雙向禁止超車線,無標記,未繪設車道線,未繪設快慢車道分隔線,有,車與車,對撞,駕駛者,違反禁止超車標誌(線),死亡1;受傷2,1,小客車(含客、貨兩用),自用,男,51,繫安全帶(使用幼童安全椅),未使用,車的狀態,向前直行中,汽車,前車頭,汽車,前車頭,駕駛者,違反禁止超車標誌(線),否,121.339969,25.038049
2024,1,20240112,144600,A1,桃園市政府警察局,桃園市龜山區樹人路357號前0.0公尺,晴,無照明,市區道路,50,單路部分,直路,路段,一般車道(未劃分快慢車道),柏油,乾燥,無缺陷,無障礙物,無遮蔽物,良好,無號誌,無號誌,雙向禁止超車線,無標記,未繪設車道線,未繪設快慢車道分隔線,有,車與車,對撞,駕駛者,違反禁止超車標誌(線),死亡1;受傷2,2,機車,普通重型,男,29,戴半罩式安全帽,未使用,車的狀態,向前直行中,機車與自行車,前車頭,機車與自行車,前車頭,無(車輛駕駛者因素),尚未發現肇事因素,否,121.339969,25.038049
2024,1,20240112,144600,A1,桃園市政府警察局,桃園市龜山區樹人路357號前0.0公尺,晴,無照明,市區道路,50,單路部分,直路,路段,一般車道(未劃分快慢車道),柏油,乾燥,無缺陷,無障礙物,無遮蔽物,良好,無號誌,無號誌,雙向禁止超車線,無標記,未繪設車道線,未繪設快慢車道分隔線,有,車與車,對撞,駕駛者,違反禁止超車標誌(線),死亡1;受傷2,3,機車,普通重型,女,29,戴半罩式安全帽,未使用,車的狀態,向前直行中,機車與自行車,前車頭,機車與自行車,前車頭,無(車輛駕駛者因素),尚未發現肇事因素,否,121.339969,25.038049
2024,1,20240112,144600,A1,桃園市政府警察局,桃園市龜山區樹人路357號前0.0公尺,晴,無照明,市區道路,50,單路部分,直路,路段,一般車道(未劃分快慢車道),柏油,乾燥,無缺陷,無障礙物,無遮蔽物,良好,無號誌,無號誌,雙向禁止超車線,無標記,未繪設車道線,未繪設快慢車道分隔線,有,車與車,對撞,駕駛者,違反禁止超車標誌(線),死亡1;受傷2,4,機車,普通重型,男,41,戴半罩式安全帽,未使用,車的狀態,向前直行中,機車與自行車,前車頭,機車與自行車,前車頭,無(車輛駕駛者因素),尚未發現肇事因素,否,121.339969,25.038049
2024,1,20240113,083526,A1,桃園市政府警察局,桃園市大園區大觀路362號前0.0公尺,晴,有照明且開啟,市區道路,50,交岔路,三岔路,交叉路口,交叉路口內,柏油,乾燥,無缺陷,無障礙物,無遮蔽物,良好,無號誌,無號誌,無,無分向設施,未繪設車道線,未繪設快慢車道分隔線,無,車與車,側撞,駕駛者,無號誌路口，轉彎車未讓直行車先行,死亡1;受傷0,1,小客車(含客、貨兩用),租賃車,男,28,不明,不明,車的狀態,左轉彎,汽車,左前車頭(身),,,駕駛者,無號誌路口，轉彎車未讓直行車先行,否,121.187485,25.065603
2024,1,20240113,083526,A1,桃園市政府警察局,桃園市大園區大觀路362號前0.0公尺,晴,有照明且開啟,市區道路,50,交岔路,三岔路,交叉路口,交叉路口內,柏油,乾燥,無缺陷,無障礙物,無遮蔽物,良好,無號誌,無號誌,無,無分向設施,未繪設車道線,未繪設快慢車道分隔線,無,車與車,側撞,駕駛者,無號誌路口，轉彎車未讓直行車先行,死亡1;受傷0,2,機車,普通重型,男,23,戴半罩式安全帽,不明,車的狀態,向前直行中,機車與自行車,前車頭,,,駕駛者,未依規定減速,否,121.187485,25.065603
2024,1,20240115,170500,A1,桃園市政府警察局,桃園市平鎮區台66線 20公里500.0公尺處西側,雨,有照明未開啟或故障,快速(公)道,90,單路部分,直路,路段,快車道,柏油,濕潤,無缺陷,無障礙物,無遮蔽物,良好,無號誌,無號誌,中央分向島,寬式(50公分以上),車道線(無標記),未繪設快慢車道分隔線,有,車與車,追撞,駕駛者,未保持行車安全距離,死亡1;受傷6,1,小客車(含客、貨兩用),自用,男,28,繫安全帶(使用幼童安全椅),未使用,車的狀態,向前直行中,汽車,前車頭,汽車,後車尾,駕駛者,未保持行車安全距離,否,121.221840,24.922536
2024,1,20240115,170500,A1,桃園市政府警察局,桃園市平鎮區台66線 20公里500.0公尺處西側,雨,有照明未開啟或故障,快速(公)道,90,單路部分,直路,路段,快車道,柏油,濕潤,無缺陷,無障礙物,無遮蔽物,良好,無號誌,無號誌,中央分向島,寬式(50公分以上),車道線(無標記),未繪設快慢車道分隔線,有,車與車,追撞,駕駛者,未保持行車安全距離,死亡1;受傷6,2,小客車(含客、貨兩用),自用,女,43,繫安全帶(使用幼童安全椅),未使用,車的狀態,向前直行中,汽車,前車頭,汽車,後車尾,無(車輛駕駛者因素),尚未發現肇事因素,否,121.221840,24.922536
2024,1,20240115,170500,A1,桃園市政府警察局,桃園市平鎮區台66線 20公里500.0公尺處西側,雨,有照明未開啟或故障,快速(公)道,90,單路部分,直路,路段,快車道,柏油,濕潤,無缺陷,無障礙物,無遮蔽物,良好,無號誌,無號誌,中央分向島,寬式(50公分以上),車道線(無標記),未繪設快慢車道分隔線,有,車與車,追撞,駕駛者,未保持行車安全距離,死亡1;受傷6,3,大貨車,營業用,男,47,繫安全帶(使用幼童安全椅),未使用,車的狀態,向前直行中,汽車,前車頭,,,駕駛者,恍神、緊張、心不在焉分心駕駛,否,121.221840,24.922536
2024,1,20240115,170500,A1,桃園市政府警察局,桃園市平鎮區台66線 20公里500.0公尺處西側,雨,有照明未開啟或故障,快速(公)道,90,單路部分,直路,路段,快車道,柏油,濕潤,無缺陷,無障礙物,無遮蔽物,良好,無號誌,無號誌,中央分向島,寬式(50公分以上),車道線(無標記),未繪設快慢車道分隔線,有,車與車,追撞,駕駛者,未保持行車安全距離,死亡1;受傷6,4,小客車(含客、貨兩用),自用,女,31,繫安全帶(使用幼童安全椅),未使用,車的狀態,向前直行中,汽車,前車頭,汽車,後車尾,無(車輛駕駛者因素),尚未發現肇事因素,否,121.221840,24.922536
2024,1,20240115,170500,A1,桃園市政府警察局,桃園市平鎮區台66線 20公里500.0公尺處西側,雨,有照明未開啟或故障,快速(公)道,90,單路部分,直路,路段,快車道,柏油,濕潤,無缺陷,無障礙物,無遮蔽物,良好,無號誌,無號誌,中央分向島,寬式(50公分以上),車道線(無標記),未繪設快慢車道分隔線,有,車與車,追撞,駕駛者,未保持行車安全距離,死亡1;受傷6,5,小客車(含客、貨兩用),自用,男,23,繫安全帶(使用幼童安全椅),未使用,車的狀態,向前直行中,汽車,前車頭,汽車,後車尾,無(車輛駕駛者因素),尚未發現肇事因素,否,121.221840,24.922536
2024,1,20240115,170500,A1,桃園市政府警察局,桃園市平鎮區台66線 20公里500.0公尺處西側,雨,有照明未開啟或故障,快速(公)道,90,單路部分,直路,路段,快車道,柏油,濕潤,無缺陷,無障礙物,無遮蔽物,良好,無號誌,無號誌,中央分向島,寬式(50公分以上),車道線(無標記),未繪設快慢車道分隔線,有,車與車,追撞,駕駛者,未保持行車安全距離,死亡1;受傷6,6,小客車(含客、貨兩用),自用,男,20,繫安全帶(使用幼童安全椅),未使用,車的狀態,向前直行中,汽車,前車頭,汽車,後車尾,無(車輛駕駛者因素),尚未發現肇事因素,否,121.221840,24.922536
2024,1,20240115,170500,A1,桃園市政府警察局,桃園市平鎮區台66線 20公里500.0公尺處西側,雨,有照明未開啟或故障,快速(公)道,90,單路部分,直路,路段,快車道,柏油,濕潤,無缺陷,無障礙物,無遮蔽物,良好,無號誌,無號誌,中央分向島,寬式(50公分以上),車道線(無標記),未繪設快慢車道分隔線,有,車與車,追撞,駕駛者,未保持行車安全距離,死亡1;受傷6,7,小客車(含客、貨兩用),自用,男,21,繫安全帶(使用幼童安全椅),未使用,車的狀態,向前直行中,汽車,前車頭,,,無(車輛駕駛者因素),尚未發現肇事因素,否,121.221840,24.922536
2024,1,20240115,170500,A1,桃園市政府警察局,桃園市平鎮區台66線 20公里500.0公尺處西側,雨,有照明未開啟或故障,快速(公)道,90,單路部分,直路,路段,快車道,柏油,濕潤,無缺陷,無障礙物,無遮蔽物,良好,無號誌,無號誌,中央分向島,寬式(50公分以上),車道線(無標記),未繪設快慢車道分隔線,有,車與車,追撞,駕駛者,未保持行車安全距離,死亡1;受傷6,8,人,乘客,男,25,繫安全帶(使用幼童安全椅),非駕駛人,人的狀態,其他,其他,非汽、機及自行車,汽車,後車尾,無(非車輛駕駛人因素),尚未發現肇事因素,否,121.221840,24.922536
2024,1,20240115,170500,A1,桃園市政府警察局,桃園市平鎮區台66線 20公里500.0公尺處西側,雨,有照明未開啟或故障,快速(公)道,90,單路部分,直路,路段,快車道,柏油,濕潤,無缺陷,無障礙物,無遮蔽物,良好,無號誌,無號誌,中央分向島,寬式(50公分以上),車道線(無標記),未繪設快慢車道分隔線,有,車與車,追撞,駕駛者,未保持行車安全距離,死亡1;受傷6,9,人,乘客,男,51,繫安全帶(使用幼童安全椅),非駕駛人,人的狀態,其他,其他,非汽、機及自行車,汽車,後車尾,無(非車輛駕駛人因素),尚未發現肇事因素,否,121.221840,24.922536
2024,1,20240117,172000,A1,桃園市政府警察局,桃園市觀音區大觀路三段330號前0.0公尺附近,陰,有照明且開啟,市區道路,50,單路部分,直路,路段,一般車道(未劃分快慢車道),柏油,乾燥,無缺陷,無障礙物,無遮蔽物,良好,無號誌,無號誌,中央分向島,寬式(50公分以上),車道線(無標記),未繪設快慢車道分隔線,有,車與車,追撞,駕駛者,酒醉(後)駕駛,死亡1;受傷0,1,小客車(含客、貨兩用),自用,男,41,不明,不明,車的狀態,向前直行中,汽車,前車頭,汽車,右前車頭(身),駕駛者,酒醉(後)駕駛,是,121.124537,25.036872
2024,1,20240117,172000,A1,桃園市政府警察局,桃園市觀音區大觀路三段330號前0.0公尺附近,陰,有照明且開啟,市區道路,50,單路部分,直路,路段,一般車道(未劃分快慢車道),柏油,乾燥,無缺陷,無障礙物,無遮蔽物,良好,無號誌,無號誌,中央分向島,寬式(50公分以上),車道線(無標記),未繪設快慢車道分隔線,有,車與車,追撞,駕駛者,酒醉(後)駕駛,死亡1;受傷0,2,機車,普通重型,女,25,戴非半罩式安全帽,未使用,車的狀態,向前直行中,機車與自行車,後車尾,機車與自行車,後車尾,無(車輛駕駛者因素),尚未發現肇事因素,否,121.124537,25.036872
2024,1,20240117,172000,A1,桃園市政府警察局,桃園市觀音區大觀路三段330號前0.0公尺附近,陰,有照明且開啟,市區道路,50,單路部分,直路,路段,一般車道(未劃分快慢車道),柏油,乾燥,無缺陷,無障礙物,無遮蔽物,良好,無號誌,無號誌,中央分向島,寬式(50公分以上),車道線(無標記),未繪設快慢車道分隔線,有,車與車,追撞,駕駛者,酒醉(後)駕駛,死亡1;受傷0,3,小客車(含客、貨兩用),自用,男,37,繫安全帶(使用幼童安全椅),未使用,車的狀態,靜止(引擎熄火),汽車,左後車尾(身),汽車,左後車尾(身),無(車輛駕駛者因素),尚未發現肇事因素,否,121.124537,25.036872
2024,1,20240122,062600,A1,桃園市政府警察局,桃園市龍潭區中豐路上林段口 / 桃園市龍潭區聖亭路口,雨,有照明且開啟,市區道路,50,交岔路,四岔路,其他,行人穿越道,柏油,濕潤,無缺陷,無障礙物,無遮蔽物,良好,行車管制號誌,正常,無,無分向設施,未繪設車道線,未繪設快慢車道分隔線,無,人與車,穿越道路中,駕駛者,車輛未依規定暫停讓行人先行,死亡1;受傷0,1,小客車(含客、貨兩用),自用,女,71,不明,不明,車的狀態,右轉彎,汽車,前車頭,,,駕駛者,車輛未依規定暫停讓行人先行,否,121.209695,24.865101
2024,1,20240122,062600,A1,桃園市政府警察局,桃園市龍潭區中豐路上林段口 / 桃園市龍潭區聖亭路口,雨,有照明且開啟,市區道路,50,交岔路,四岔路,其他,行人穿越道,柏油,濕潤,無缺陷,無障礙物,無遮蔽物,良好,行車管制號誌,正常,無,無分向設施,未繪設車道線,未繪設快慢車道分隔線,無,人與車,穿越道路中,駕駛者,車輛未依規定暫停讓行人先行,死亡1;受傷0,2,人,行人,女,79,其他(無需使用保護裝備之人),非駕駛人,人的狀態,步行,其他,非汽、機及自行車,,,無(非車輛駕駛人因素),尚未發現肇事因素,否,121.209695,24.865101
2024,1,20240124,104211,A1,桃園市政府警察局,桃園市龜山區東萬壽路北側 / 桃園市龜山區龍校街北側,陰,有照明未開啟或故障,市區道路,50,交岔路,三岔路,交叉路口,交叉路口內,柏油,乾燥,無缺陷,無障礙物,無遮蔽物,良好,行車管制號誌,正常,無,無分向設施,未繪設車道線,未繪設快慢車道分隔線,無,車與車,側撞,駕駛者,有號誌路口，轉彎車未讓直行車先行,死亡1;受傷0,1,小客車(含客、貨兩用),計程車,男,52,繫安全帶(使用幼童安全椅),未使用,車的狀態,左轉彎,汽車,右側車身,,,駕駛者,有號誌路口，轉彎車未讓直行車先行,否,121.388547,25.012987
2024,1,20240124,104211,A1,桃園市政府警察局,桃園市龜山區東萬壽路北側 / 桃園市龜山區龍校街北側,陰,有照明未開啟或故障,市區道路,50,交岔路,三岔路,交叉路口,交叉路口內,柏油,乾燥,無缺陷,無障礙物,無遮蔽物,良好,行車管制號誌,正常,無,無分向設施,未繪設車道線,未繪設快慢車道分隔線,無,車與車,側撞,駕駛者,有號誌路口，轉彎車未讓直行車先行,死亡1;受傷0,2,機車,大型重型2(250-550C.C.),女,21,戴非半罩式安全帽,未使用,車的狀態,向前直行中,機車與自行車,前車頭,,,駕駛者,違反車輛專用標誌(線),否,121.388547,25.012987
2024,1,20240124,160730,A1,桃園市政府警察局,桃園市蘆竹區興化路201巷前0.0公尺附近,晴,有照明且開啟,市區道路,50,交岔路,三岔路,交叉路口,交叉口附近,柏油,乾燥,無缺陷,無障礙物,無遮蔽物,良好,無號誌,無號誌,雙向禁止超車線,無標記,未繪設車道線,未繪設快慢車道分隔線,有,車輛本身,撞電桿,其他,其他不當駕車行為,死亡1;受傷0,1,慢車,腳踏自行車,男,78,其他(無需使用保護裝備之人),不明,不明,不明,其他,不明,,,其他,其他不當駕車行為,否,121.299678,25.086567
2024,1,20240124,160730,A1,桃園市政府警察局,桃園市蘆竹區興化路201巷前0.0公尺附近,晴,有照明且開啟,市區道路,50,交岔路,三岔路,交叉路口,交叉口附近,柏油,乾燥,無缺陷,無障礙物,無遮蔽物,良好,無號誌,無號誌,雙向禁止超車線,無標記,未繪設車道線,未繪設快慢車道分隔線,有,車輛本身,撞電桿,其他,其他不當駕車行為,死亡1;受傷0,2,,,無或物(動物、堆置物),-1,,,,,,,,,無(非車輛駕駛人因素),尚未發現肇事因素,否,121.299678,25.086567
2024,1,20240127,053800,A1,桃園市政府警察局,桃園市觀音區濱海路保生段299號前0.0公尺,晴,有照明且開啟,村里道路,50,單路部分,直路,路段,一般車道(未劃分快慢車道),柏油,乾燥,無缺陷,無障礙物,無遮蔽物,良好,無號誌,無號誌,中央分向島,寬式(50公分以上),車道線(無標記),未繪設快慢車道分隔線,有,車輛本身,撞交通島,駕駛者,恍神、緊張、心不在焉分心駕駛,死亡1;受傷1,1,小客車(含客、貨兩用),自用,女,33,繫安全帶(使用幼童安全椅),未使用,車的狀態,向前直行中,汽車,前車頭,,,駕駛者,恍神、緊張、心不在焉分心駕駛,否,121.051834,25.016605
2024,1,20240127,053800,A1,桃園市政府警察局,桃園市觀音區濱海路保生段299號前0.0公尺,晴,有照明且開啟,村里道路,50,單路部分,直路,路段,一般車道(未劃分快慢車道),柏油,乾燥,無缺陷,無障礙物,無遮蔽物,良好,無號誌,無號誌,中央分向島,寬式(50公分以上),車道線(無標記),未繪設快慢車道分隔線,有,車輛本身,撞交通島,駕駛者,恍神、緊張、心不在焉分心駕駛,死亡1;受傷1,2,,,無或物(動物、堆置物),-1,,,,,,,,,無(非車輛駕駛人因素),尚未發現肇事因素,否,121.051834,25.016605
2024,1,20240127,053800,A1,桃園市政府警察局,桃園市觀音區濱海路保生段299號前0.0公尺,晴,有照明且開啟,村里道路,50,單路部分,直路,路段,一般車道(未劃分快慢車道),柏油,乾燥,無缺陷,無障礙物,無遮蔽物,良好,無號誌,無號誌,中央分向島,寬式(50公分以上),車道線(無標記),未繪設快慢車道分隔線,有,車輛本身,撞交通島,駕駛者,恍神、緊張、心不在焉分心駕駛,死亡1;受傷1,3,人,乘客,女,29,未戴安全帽或未繫安全帶(未使用幼童安全椅),非駕駛人,人的狀態,其他,其他,非汽、機及自行車,,,無(非車輛駕駛人因素),尚未發現肇事因素,否,121.051834,25.016605
2024,1,20240127,113100,A1,桃園市政府警察局,桃園市中壢區高鐵南路五段北側 / 桃園市中壢區福達路一段,陰,有照明未開啟或故障,市區道路,70,交岔路,四岔路,交叉路口,交叉路口內,柏油,乾燥,無缺陷,無障礙物,無遮蔽物,良好,行車管制號誌,正常,無,無分向設施,未繪設車道線,未繪設快慢車道分隔線,無,車與車,側撞,駕駛者,有號誌路口，轉彎車未讓直行車先行,死亡3;受傷1,1,小客車(含客、貨兩用),自用,男,27,繫安全帶(使用幼童安全椅),未使用,車的狀態,左轉彎,汽車,右側車身,,,駕駛者,有號誌路口，轉彎車未讓直行車先行,否,121.174401,24.972242
2024,1,20240127,113100,A1,桃園市政府警察局,桃園市中壢區高鐵南路五段北側 / 桃園市中壢區福達路一段,陰,有照明未開啟或故障,市區道路,70,交岔路,四岔路,交叉路口,交叉路口內,柏油,乾燥,無缺陷,無障礙物,無遮蔽物,良好,行車管制號誌,正常,無,無分向設施,未繪設車道線,未繪設快慢車道分隔線,無,車與車,側撞,駕駛者,有號誌路口，轉彎車未讓直行車先行,死亡3;受傷1,2,曳引車,營業用,男,59,繫安全帶(使用幼童安全椅),未使用,車的狀態,向前直行中,汽車,前車頭,,,駕駛者,超速駕駛,否,121.174401,24.972242
2024,1,20240127,113100,A1,桃園市政府警察局,桃園市中壢區高鐵南路五段北側 / 桃園市中壢區福達路一段,陰,有照明未開啟或故障,市區道路,70,交岔路,四岔路,交叉路口,交叉路口內,柏油,乾燥,無缺陷,無障礙物,無遮蔽物,良好,行車管制號誌,正常,無,無分向設施,未繪設車道線,未繪設快慢車道分隔線,無,車與車,側撞,駕駛者,有號誌路口，轉彎車未讓直行車先行,死亡3;受傷1,3,人,乘客,男,46,繫安全帶(使用幼童安全椅),非駕駛人,人的狀態,其他,其他,非汽、機及自行車,,,無(非車輛駕駛人因素),尚未發現肇事因素,否,121.174401,24.972242
2024,1,20240127,113100,A1,桃園市政府警察局,桃園市中壢區高鐵南路五段北側 / 桃園市中壢區福達路一段,陰,有照明未開啟或故障,市區道路,70,交岔路,四岔路,交叉路口,交叉路口內,柏油,乾燥,無缺陷,無障礙物,無遮蔽物,良好,行車管制號誌,正常,無,無分向設施,未繪設車道線,未繪設快慢車道分隔線,無,車與車,側撞,駕駛者,有號誌路口，轉彎車未讓直行車先行,死亡3;受傷1,4,人,乘客,男,36,繫安全帶(使用幼童安全椅),非駕駛人,人的狀態,其他,其他,非汽、機及自行車,,,無(非車輛駕駛人因素),尚未發現肇事因素,否,121.174401,24.972242
2024,1,20240127,113100,A1,桃園市政府警察局,桃園市中壢區高鐵南路五段北側 / 桃園市中壢區福達路一段,陰,有照明未開啟或故障,市區道路,70,交岔路,四岔路,交叉路口,交叉路口內,柏油,乾燥,無缺陷,無障礙物,無遮蔽物,良好,行車管制號誌,正常,無,無分向設施,未繪設車道線,未繪設快慢車道分隔線,無,車與車,側撞,駕駛者,有號誌路口，轉彎車未讓直行車先行,死亡3;受傷1,5,人,乘客,男,31,繫安全帶(使用幼童安全椅),非駕駛人,不明,不明,其他,非汽、機及自行車,,,無(非車輛駕駛人因素),尚未發現肇事因素,否,121.174401,24.972242
2024,1,20240130,125800,A1,桃園市政府警察局,桃園市蘆竹區中正路326號前0.0公尺,晴,無照明,市區道路,50,單路部分,直路,路段,一般車道(未劃分快慢車道),柏油,乾燥,無缺陷,無障礙物,無遮蔽物,良好,無號誌,無號誌,中央分向島,寬式(50公分以上),車道線(無標記),未繪設快慢車道分隔線,無,車與車,追撞,駕駛者,變換車道不當,死亡1;受傷0,1,大貨車,營業用,男,49,繫安全帶(使用幼童安全椅),未使用,車的狀態,向右變換車道,汽車,前車頭,,,駕駛者,變換車道不當,否,121.291652,25.048342
2024,1,20240130,125800,A1,桃園市政府警察局,桃園市蘆竹區中正路326號前0.0公尺,晴,無照明,市區道路,50,單路部分,直路,路段,一般車道(未劃分快慢車道),柏油,乾燥,無缺陷,無障礙物,無遮蔽物,良好,無號誌,無號誌,中央分向島,寬式(50公分以上),車道線(無標記),未繪設快慢車道分隔線,無,車與車,追撞,駕駛者,變換車道不當,死亡1;受傷0,2,機車,普通重型,女,58,戴半罩式安全帽,未使用,車的狀態,向前直行中,機車與自行車,後車尾,,,無(車輛駕駛者因素),尚未發現肇事因素,否,121.291652,25.048342
2024,1,20240130,125800,A1,桃園市政府警察局,桃園市蘆竹區中正路326號前0.0公尺,晴,無照明,市區道路,50,單路部分,直路,路段,一般車道(未劃分快慢車道),柏油,乾燥,無缺陷,無障礙物,無遮蔽物,良好,無號誌,無號誌,中央分向島,寬式(50公分以上),車道線(無標記),未繪設快慢車道分隔線,無,車與車,追撞,駕駛者,變換車道不當,死亡1;受傷0,3,小客車(含客、貨兩用),自用,男,34,繫安全帶(使用幼童安全椅),未使用,車的狀態,靜止(引擎熄火),其他,無撞擊,,,其他,違規(臨時)停車,否,121.291652,25.048342
2024,2,20240201,061727,A1,桃園市政府警察局,桃園市龍潭區中豐路口 / 桃園市龍潭區中豐路口,晴,無照明,市區道路,50,交岔路,四岔路,其他,行人穿越道,柏油,乾燥,無缺陷,無障礙物,無遮蔽物,良好,行車管制號誌,正常,無,無分向設施,未繪設車道線,未繪設快慢車道分隔線,無,人與車,穿越道路中,非駕駛者,未依號誌或手勢指揮(示)穿越道路,死亡1;受傷0,1,人,行人,女,78,其他(無需使用保護裝備之人),非駕駛人,人的狀態,步行,其他,非汽、機及自行車,,,非駕駛者,未依號誌或手勢指揮(示)穿越道路,否,121.212038,24.883289
2024,2,20240201,061727,A1,桃園市政府警察局,桃園市龍潭區中豐路口 / 桃園市龍潭區中豐路口,晴,無照明,市區道路,50,交岔路,四岔路,其他,行人穿越道,柏油,乾燥,無缺陷,無障礙物,無遮蔽物,良好,行車管制號誌,正常,無,無分向設施,未繪設車道線,未繪設快慢車道分隔線,無,人與車,穿越道路中,非駕駛者,未依號誌或手勢指揮(示)穿越道路,死亡1;受傷0,2,小貨車(含客、貨兩用),自用,女,61,繫安全帶(使用幼童安全椅),未使用,車的狀態,向前直行中,汽車,前車頭,,,駕駛者,車輛未依規定暫停讓行人先行,否,121.212038,24.883289
2024,2,20240202,050705,A1,桃園市政府警察局,桃園市大溪區信義路口 / 桃園市大溪區月眉路口,陰,有照明且開啟,市區道路,50,交岔路,四岔路,其他,行人穿越道,柏油,乾燥,無缺陷,無障礙物,無遮蔽物,良好,閃光號誌,正常,無,無分向設施,未繪設車道線,未繪設快慢車道分隔線,無,人與車,穿越道路中,駕駛者,車輛未依規定暫停讓行人先行,死亡1;受傷0,1,小客車(含客、貨兩用),自用,男,58,繫安全帶(使用幼童安全椅),未使用,車的狀態,向前直行中,汽車,前車頭,,,駕駛者,車輛未依規定暫停讓行人先行,否,121.286206,24.887534
2024,2,20240202,050705,A1,桃園市政府警察局,桃園市大溪區信義路口 / 桃園市大溪區月眉路口,陰,有照明且開啟,市區道路,50,交岔路,四岔路,其他,行人穿越道,柏油,乾燥,無缺陷,無障礙物,無遮蔽物,良好,閃光號誌,正常,無,無分向設施,未繪設車道線,未繪設快慢車道分隔線,無,人與車,穿越道路中,駕駛者,車輛未依規定暫停讓行人先行,死亡1;受傷0,2,人,行人,女,61,其他(無需使用保護裝備之人),非駕駛人,人的狀態,步行,其他,非汽、機及自行車,,,無(非車輛駕駛人因素),尚未發現肇事因素,否,121.286206,24.887534
2024,2,20240204,191100,A1,桃園市政府警察局,桃園市新屋區中山西路一段口 / 桃園市新屋區中山西路一段口,雨,有照明且開啟,市區道路,30,交岔路,四岔路,交叉路口,交叉路口內,柏油,濕潤,無缺陷,無障礙物,無遮蔽物,良好,無號誌,無號誌,無,無分向設施,未繪設車道線,未繪設快慢車道分隔線,無,車與車,路口交岔撞,駕駛者,無號誌路口，支線道未讓幹線道先行,死亡1;受傷1,1,小客車(含客、貨兩用),自用,男,23,繫安全帶(使用幼童安全椅),未使用,車的狀態,向前直行中,汽車,左前車頭(身),,,駕駛者,無號誌路口，支線道未讓幹線道先行,否,121.092089,24.971785
2024,2,20240204,191100,A1,桃園市政府警察局,桃園市新屋區中山西路一段口 / 桃園市新屋區中山西路一段口,雨,有照明且開啟,市區道路,30,交岔路,四岔路,交叉路口,交叉路口內,柏油,濕潤,無缺陷,無障礙物,無遮蔽物,良好,無號誌,無號誌,無,無分向設施,未繪設車道線,未繪設快慢車道分隔線,無,車與車,路口交岔撞,駕駛者,無號誌路口，支線道未讓幹線道先行,死亡1;受傷1,2,機車,普通重型,男,63,戴非半罩式安全帽,未使用,車的狀態,向前直行中,機車與自行車,右側車身,,,駕駛者,未依規定減速,否,121.092089,24.971785
2024,2,20240207,060500,A1,桃園市政府警察局,桃園市龜山區忠義路一段口 / 桃園市龜山區長壽路口,陰,有照明且開啟,市區道路,50,交岔路,多岔路,交叉路口,交叉路口內,柏油,濕潤,無缺陷,無障礙物,無遮蔽物,良好,行車管制號誌,正常,無,無分向設施,未繪設車道線,未繪設快慢車道分隔線,無,車與車,同向擦撞,駕駛者,起步時未注意安全,死亡1;受傷0,1,機車,普通重型,男,78,戴半罩式安全帽,未使用,車的狀態,起步,機車與自行車,右側車身,,,駕駛者,起步時未注意安全,否,121.343987,25.001768
2024,2,20240207,060500,A1,桃園市政府警察局,桃園市龜山區忠義路一段口 / 桃園市龜山區長壽路口,陰,有照明且開啟,市區道路,50,交岔路,多岔路,交叉路口,交叉路口內,柏油,濕潤,無缺陷,無障礙物,無遮蔽物,良好,行車管制號誌,正常,無,無分向設施,未繪設車道線,未繪設快慢車道分隔線,無,車與車,同向擦撞,駕駛者,起步時未注意安全,死亡1;受傷0,2,小客車(含客、貨兩用),自用,男,77,繫安全帶(使用幼童安全椅),未使用,車的狀態,向前直行中,汽車,左側車身,,,其他,其他不當駕車行為,否,121.343987,25.001768
2024,2,20240207,060500,A1,桃園市政府警察局,桃園市龜山區忠義路一段口 / 桃園市龜山區長壽路口,陰,有照明且開啟,市區道路,50,交岔路,多岔路,交叉路口,交叉路口內,柏油,濕潤,無缺陷,無障礙物,無遮蔽物,良好,行車管制號誌,正常,無,無分向設施,未繪設車道線,未繪設快慢車道分隔線,無,車與車,同向擦撞,駕駛者,起步時未注意安全,死亡1;受傷0,3,小客車(含客、貨兩用),自用,男,54,繫安全帶(使用幼童安全椅),未使用,車的狀態,向前直行中,汽車,左前車頭(身),,,駕駛者,恍神、緊張、心不在焉分心駕駛,否,121.343987,25.001768
2024,2,20240208,130800,A1,桃園市政府警察局,桃園市新屋區笨港里台61線南下平面車道與港昇路口(Q113020187;永安所),雨,無照明,市區道路,50,交岔路,四岔路,交叉路口,交叉口附近,柏油,濕潤,無缺陷,無障礙物,無遮蔽物,良好,行車管制號誌,正常,無,無分向設施,未繪設車道線,未繪設快慢車道分隔線,無,車與車,路口交岔撞,駕駛者,闖紅燈直行,死亡1;受傷0,1,小客車(含客、貨兩用),自用,男,71,繫安全帶(使用幼童安全椅),未使用,車的狀態,向前直行中,汽車,前車頭,,,駕駛者,闖紅燈直行,否,121.015325,24.969143
2024,2,20240208,130800,A1,桃園市政府警察局,桃園市新屋區笨港里台61線南下平面車道與港昇路口(Q113020187;永安所),雨,無照明,市區道路,50,交岔路,四岔路,交叉路口,交叉口附近,柏油,濕潤,無缺陷,無障礙物,無遮蔽物,良好,行車管制號誌,正常,無,無分向設施,未繪設車道線,未繪設快慢車道分隔線,無,車與車,路口交岔撞,駕駛者,闖紅燈直行,死亡1;受傷0,2,機車,普通重型,男,77,戴非半罩式安全帽,未使用,車的狀態,向前直行中,機車與自行車,右側車身,,,無(車輛駕駛者因素),尚未發現肇事因素,否,121.015325,24.969143
2024,2,20240210,235250,A1,桃園市政府警察局,桃園市龜山區忠義路二段慢車道往桃園方向(燈桿編號0802723),晴,有照明且開啟,市區道路,40,單路部分,直路,路段,慢車道,柏油,乾燥,無缺陷,無障礙物,無遮蔽物,良好,無號誌,無號誌,中央分向島,寬式(50公分以上),車道線(無標記),窄式快慢車道分隔島(無柵欄),有,車輛本身,撞路樹,駕駛者,恍神、緊張、心不在焉分心駕駛,死亡1;受傷1,1,小客車(含客、貨兩用),自用,女,49,不明,不明,車的狀態,向前直行中,汽車,前車頭,汽車,前車頭,駕駛者,恍神、緊張、心不在焉分心駕駛,否,121.359074,25.048965
2024,2,20240210,235250,A1,桃園市政府警察局,桃園市龜山區忠義路二段慢車道往桃園方向(燈桿編號0802723),晴,有照明且開啟,市區道路,40,單路部分,直路,路段,慢車道,柏油,乾燥,無缺陷,無障礙物,無遮蔽物,良好,無號誌,無號誌,中央分向島,寬式(50公分以上),車道線(無標記),窄式快慢車道分隔島(無柵欄),有,車輛本身,撞路樹,駕駛者,恍神、緊張、心不在焉分心駕駛,死亡1;受傷1,2,,,無或物(動物、堆置物),-1,,,,,,,,,無(非車輛駕駛人因素),尚未發現肇事因素,否,121.359074,25.048965
2024,2,20240210,235250,A1,桃園市政府警察局,桃園市龜山區忠義路二段慢車道往桃園方向(燈桿編號0802723),晴,有照明且開啟,市區道路,40,單路部分,直路,路段,慢車道,柏油,乾燥,無缺陷,無障礙物,無遮蔽物,良好,無號誌,無號誌,中央分向島,寬式(50公分以上),車道線(無標記),窄式快慢車道分隔島(無柵欄),有,車輛本身,撞路樹,駕駛者,恍神、緊張、心不在焉分心駕駛,死亡1;受傷1,3,人,乘客,男,1,不明,非駕駛人,人的狀態,其他,其他,無撞擊,,,無(非車輛駕駛人因素),尚未發現肇事因素,否,121.359074,25.048965
2024,2,20240211,031300,A1,桃園市政府警察局,桃園市桃園區介壽路393號前0.0公尺,陰,有照明且開啟,市區道路,30,單路部分,彎曲路及附近,路段,一般車道(未劃分快慢車道),柏油,乾燥,無缺陷,無障礙物,無遮蔽物,良好,無號誌,無號誌,雙向禁止超車線,無標記,車道線(無標記),未繪設快慢車道分隔線,有,車輛本身,撞號誌、標誌桿,駕駛者,酒醉(後)駕駛,死亡1;受傷1,1,機車,普通重型,男,35,不明,不明,車的狀態,向右變換車道,機車與自行車,前車頭,,,駕駛者,酒醉(後)駕駛,否,121.304570,24.979486
2024,2,20240211,031300,A1,桃園市政府警察局,桃園市桃園區介壽路393號前0.0公尺,陰,有照明且開啟,市區道路,30,單路部分,彎曲路及附近,路段,一般車道(未劃分快慢車道),柏油,乾燥,無缺陷,無障礙物,無遮蔽物,良好,無號誌,無號誌,雙向禁止超車線,無標記,車道線(無標記),未繪設快慢車道分隔線,有,車輛本身,撞號誌、標誌桿,駕駛者,酒醉(後)駕駛,死亡1;受傷1,2,,,無或物(動物、堆置物),-1,,,,,,,,,無(非車輛駕駛人因素),尚未發現肇事因素,否,121.304570,24.979486
2024,2,20240211,031300,A1,桃園市政府警察局,桃園市桃園區介壽路393號前0.0公尺,陰,有照明且開啟,市區道路,30,單路部分,彎曲路及附近,路段,一般車道(未劃分快慢車道),柏油,乾燥,無缺陷,無障礙物,無遮蔽物,良好,無號誌,無號誌,雙向禁止超車線,無標記,車道線(無標記),未繪設快慢車道分隔線,有,車輛本身,撞號誌、標誌桿,駕駛者,酒醉(後)駕駛,死亡1;受傷1,3,人,乘客,女,39,不明,非駕駛人,人的狀態,其他,其他,非汽、機及自行車,,,無(非車輛駕駛人因素),尚未發現肇事因素,否,121.304570,24.979486
2024,2,20240213,204403,A1,桃園市政府警察局,桃園市大園區大觀路231號,晴,有照明且開啟,市區道路,50,單路部分,直路,路段,機車優先道,柏油,乾燥,無缺陷,無障礙物,無遮蔽物,良好,無號誌,無號誌,行車分向線,無標記,未繪設車道線,快慢車道分隔線,有,人與車,同向通行中,非駕駛者,其他引起事故之疏失或行為,死亡2;受傷0,1,人,行人,男,76,其他(無需使用保護裝備之人),非駕駛人,人的狀態,步行,其他,非汽、機及自行車,,,非駕駛者,其他引起事故之疏失或行為,否,121.189193,25.065473
2024,2,20240213,204403,A1,桃園市政府警察局,桃園市大園區大觀路231號,晴,有照明且開啟,市區道路,50,單路部分,直路,路段,機車優先道,柏油,乾燥,無缺陷,無障礙物,無遮蔽物,良好,無號誌,無號誌,行車分向線,無標記,未繪設車道線,快慢車道分隔線,有,人與車,同向通行中,非駕駛者,其他引起事故之疏失或行為,死亡2;受傷0,2,機車,普通重型,男,44,戴非半罩式安全帽,未使用,車的狀態,向右變換車道,機車與自行車,前車頭,,,駕駛者,恍神、緊張、心不在焉分心駕駛,否,121.189193,25.065473
2024,2,20240213,204403,A1,桃園市政府警察局,桃園市大園區大觀路231號,晴,有照明且開啟,市區道路,50,單路部分,直路,路段,機車優先道,柏油,乾燥,無缺陷,無障礙物,無遮蔽物,良好,無號誌,無號誌,行車分向線,無標記,未繪設車道線,快慢車道分隔線,有,人與車,同向通行中,非駕駛者,其他引起事故之疏失或行為,死亡2;受傷0,3,小客車(含客、貨兩用),自用,男,58,繫安全帶(使用幼童安全椅),未使用,車的狀態,向前直行中,汽車,前車頭,,,其他,其他不當駕車行為,否,121.189193,25.065473
2024,2,20240218,225200,A1,桃園市政府警察局,桃園市中壢區中央東路口 / 桃園市中壢區元化路口,晴,有照明且開啟,市區道路,50,交岔路,四岔路,其他,行人穿越道,柏油,乾燥,無缺陷,無障礙物,無遮蔽物,良好,行車管制號誌(附設行人專用號誌),正常,無,無分向設施,未繪設車道線,未繪設快慢車道分隔線,無,人與車,穿越道路中,駕駛者,車輛未依規定暫停讓行人先行,死亡1;受傷0,1,小客車(含客、貨兩用),自用,男,63,繫安全帶(使用幼童安全椅),未使用,車的狀態,左轉彎,汽車,前車頭,汽車,前車頭,駕駛者,車輛未依規定暫停讓行人先行,否,121.227000,24.956059
2024,2,20240218,225200,A1,桃園市政府警察局,桃園市中壢區中央東路口 / 桃園市中壢區元化路口,晴,有照明且開啟,市區道路,50,交岔路,四岔路,其他,行人穿越道,柏油,乾燥,無缺陷,無障礙物,無遮蔽物,良好,行車管制號誌(附設行人專用號誌),正常,無,無分向設施,未繪設車道線,未繪設快慢車道分隔線,無,人與車,穿越道路中,駕駛者,車輛未依規定暫停讓行人先行,死亡1;受傷0,2,人,行人,男,58,其他(無需使用保護裝備之人),非駕駛人,人的狀態,步行,其他,非汽、機及自行車,其他,非汽、機及自行車,無(非車輛駕駛人因素),尚未發現肇事因素,否,121.227000,24.956059
2024,2,20240221,084241,A1,桃園市政府警察局,桃園市蘆竹區南青路口 / 桃園市蘆竹區富昌街口,晴,有照明未開啟或故障,市區道路,50,交岔路,四岔路,交叉路口,交叉路口內,柏油,乾燥,無缺陷,無障礙物,無遮蔽物,良好,行車管制號誌(附設行人專用號誌),正常,無,無分向設施,未繪設車道線,未繪設快慢車道分隔線,無,車與車,同向擦撞,駕駛者,右轉彎未依規定,死亡1;受傷0,1,小客車(含客、貨兩用),自用,男,43,繫安全帶(使用幼童安全椅),未使用,車的狀態,右轉彎,汽車,右側車身,,,駕駛者,右轉彎未依規定,否,121.263839,25.054488
2024,2,20240221,084241,A1,桃園市政府警察局,桃園市蘆竹區南青路口 / 桃園市蘆竹區富昌街口,晴,有照明未開啟或故障,市區道路,50,交岔路,四岔路,交叉路口,交叉路口內,柏油,乾燥,無缺陷,無障礙物,無遮蔽物,良好,行車管制號誌(附設行人專用號誌),正常,無,無分向設施,未繪設車道線,未繪設快慢車道分隔線,無,車與車,同向擦撞,駕駛者,右轉彎未依規定,死亡1;受傷0,2,機車,普通重型,男,39,戴半罩式安全帽,未使用,車的狀態,向前直行中,機車與自行車,左側車身,,,駕駛者,爭(搶)道行駛,否,121.263839,25.054488
2024,2,20240221,084241,A1,桃園市政府警察局,桃園市蘆竹區南青路口 / 桃園市蘆竹區富昌街口,晴,有照明未開啟或故障,市區道路,50,交岔路,四岔路,交叉路口,交叉路口內,柏油,乾燥,無缺陷,無障礙物,無遮蔽物,良好,行車管制號誌(附設行人專用號誌),正常,無,無分向設施,未繪設車道線,未繪設快慢車道分隔線,無,車與車,同向擦撞,駕駛者,右轉彎未依規定,死亡1;受傷0,3,機車,普通重型,男,53,戴半罩式安全帽,未使用,車的狀態,向前直行中,機車與自行車,左側車身,,,無(車輛駕駛者因素),尚未發現肇事因素,否,121.263839,25.054488
2024,2,20240221,084241,A1,桃園市政府警察局,桃園市蘆竹區南青路口 / 桃園市蘆竹區富昌街口,晴,有照明未開啟或故障,市區道路,50,交岔路,四岔路,交叉路口,交叉路口內,柏油,乾燥,無缺陷,無障礙物,無遮蔽物,良好,行車管制號誌(附設行人專用號誌),正常,無,無分向設施,未繪設車道線,未繪設快慢車道分隔線,無,車與車,同向擦撞,駕駛者,右轉彎未依規定,死亡1;受傷0,4,機車,普通重型,男,31,戴半罩式安全帽,未使用,車的狀態,向前直行中,機車與自行車,前車頭,,,駕駛者,爭(搶)道行駛,否,121.263839,25.054488
2024,2,20240221,173800,A1,桃園市政府警察局,桃園市中壢區月眉一路500巷前0.0公尺附近,晴,有照明未開啟或故障,市區道路,30,單路部分,直路,路段,一般車道(未劃分快慢車道),柏油,乾燥,無缺陷,其他障礙物,無遮蔽物,良好,無號誌,無號誌,無,無分向設施,未繪設車道線,未繪設快慢車道分隔線,有,車輛本身,撞電桿,駕駛者,酒醉(後)駕駛,死亡1;受傷0,1,機車,普通重型,男,69,戴半罩式安全帽,未使用,車的狀態,向前直行中,機車與自行車,前車頭,,,駕駛者,酒醉(後)駕駛,否,121.186311,25.011183
2024,2,20240221,173800,A1,桃園市政府警察局,桃園市中壢區月眉一路500巷前0.0公尺附近,晴,有照明未開啟或故障,市區道路,30,單路部分,直路,路段,一般車道(未劃分快慢車道),柏油,乾燥,無缺陷,其他障礙物,無遮蔽物,良好,無號誌,無號誌,無,無分向設施,未繪設車道線,未繪設快慢車道分隔線,有,車輛本身,撞電桿,駕駛者,酒醉(後)駕駛,死亡1;受傷0,2,,,無或物(動物、堆置物),-1,,,,,,,,,無(非車輛駕駛人因素),尚未發現肇事因素,否,121.186311,25.011183
2024,2,20240223,074000,A1,桃園市政府警察局,桃園市龜山區自強東路附近 / 桃園市龜山區自強東路附近,陰,有照明且開啟,市區道路,30,單路部分,直路,路段,一般車道(未劃分快慢車道),柏油,乾燥,無缺陷,無障礙物,無遮蔽物,良好,無號誌,無號誌,雙向禁止超車線,無標記,未繪設車道線,未繪設快慢車道分隔線,有,車與車,對撞,駕駛者,逆向行駛,死亡1;受傷1,1,機車,普通重型,男,60,戴半罩式安全帽,未使用,車的狀態,向前直行中,機車與自行車,前車頭,,,駕駛者,逆向行駛,否,121.343651,24.995803
2024,2,20240223,074000,A1,桃園市政府警察局,桃園市龜山區自強東路附近 / 桃園市龜山區自強東路附近,陰,有照明且開啟,市區道路,30,單路部分,直路,路段,一般車道(未劃分快慢車道),柏油,乾燥,無缺陷,無障礙物,無遮蔽物,良好,無號誌,無號誌,雙向禁止超車線,無標記,未繪設車道線,未繪設快慢車道分隔線,有,車與車,對撞,駕駛者,逆向行駛,死亡1;受傷1,2,機車,普通重型,男,29,戴半罩式安全帽,未使用,車的狀態,向前直行中,機車與自行車,左側車身,,,駕駛者,恍神、緊張、心不在焉分心駕駛,否,121.343651,24.995803
2024,2,20240224,114017,A1,桃園市政府警察局,桃園市平鎮區中豐路南勢一段65號前0.0公尺,陰,有照明未開啟或故障,市區道路,50,單路部分,直路,路段,一般車道(未劃分快慢車道),柏油,乾燥,無缺陷,無障礙物,無遮蔽物,良好,無號誌,無號誌,中央分向島,寬式(50公分以上),車道線(無標記),未繪設快慢車道分隔線,有,車與車,追撞,其他,其他不當駕車行為,死亡1;受傷2,1,小客車(含客、貨兩用),自用,男,21,繫安全帶(使用幼童安全椅),未使用,車的狀態,向前直行中,汽車,前車頭,汽車,前車頭,其他,其他不當駕車行為,否,121.212061,24.923239
2024,2,20240224,114017,A1,桃園市政府警察局,桃園市平鎮區中豐路南勢一段65號前0.0公尺,陰,有照明未開啟或故障,市區道路,50,單路部分,直路,路段,一般車道(未劃分快慢車道),柏油,乾燥,無缺陷,無障礙物,無遮蔽物,良好,無號誌,無號誌,中央分向島,寬式(50公分以上),車道線(無標記),未繪設快慢車道分隔線,有,車與車,追撞,其他,其他不當駕車行為,死亡1;受傷2,2,小貨車(含客、貨兩用),自用,男,46,繫安全帶(使用幼童安全椅),未使用,車的狀態,向前直行中,汽車,後車尾,汽車,後車尾,無(車輛駕駛者因素),尚未發現肇事因素,否,121.212061,24.923239
2024,2,20240224,114017,A1,桃園市政府警察局,桃園市平鎮區中豐路南勢一段65號前0.0公尺,陰,有照明未開啟或故障,市區道路,50,單路部分,直路,路段,一般車道(未劃分快慢車道),柏油,乾燥,無缺陷,無障礙物,無遮蔽物,良好,無號誌,無號誌,中央分向島,寬式(50公分以上),車道線(無標記),未繪設快慢車道分隔線,有,車與車,追撞,其他,其他不當駕車行為,死亡1;受傷2,3,機車,普通重型,男,53,不明,未使用,車的狀態,靜止(引擎熄火),機車與自行車,後車尾,機車與自行車,後車尾,無(車輛駕駛者因素),尚未發現肇事因素,否,121.212061,24.923239
2024,2,20240224,114017,A1,桃園市政府警察局,桃園市平鎮區中豐路南勢一段65號前0.0公尺,陰,有照明未開啟或故障,市區道路,50,單路部分,直路,路段,一般車道(未劃分快慢車道),柏油,乾燥,無缺陷,無障礙物,無遮蔽物,良好,無號誌,無號誌,中央分向島,寬式(50公分以上),車道線(無標記),未繪設快慢車道分隔線,有,車與車,追撞,其他,其他不當駕車行為,死亡1;受傷2,4,小客車(含客、貨兩用),自用,男,30,不明,未使用,車的狀態,等待(引擎未熄火),汽車,後車尾,汽車,後車尾,無(車輛駕駛者因素),尚未發現肇事因素,否,121.212061,24.923239
2024,2,20240224,114017,A1,桃園市政府警察局,桃園市平鎮區中豐路南勢一段65號前0.0公尺,陰,有照明未開啟或故障,市區道路,50,單路部分,直路,路段,一般車道(未劃分快慢車道),柏油,乾燥,無缺陷,無障礙物,無遮蔽物,良好,無號誌,無號誌,中央分向島,寬式(50公分以上),車道線(無標記),未繪設快慢車道分隔線,有,車與車,追撞,其他,其他不當駕車行為,死亡1;受傷2,5,小貨車(含客、貨兩用),自用,男,49,不明,未使用,車的狀態,靜止(引擎熄火),汽車,後車尾,汽車,後車尾,無(車輛駕駛者因素),尚未發現肇事因素,否,121.212061,24.923239
2024,2,20240224,114017,A1,桃園市政府警察局,桃園市平鎮區中豐路南勢一段65號前0.0公尺,陰,有照明未開啟或故障,市區道路,50,單路部分,直路,路段,一般車道(未劃分快慢車道),柏油,乾燥,無缺陷,無障礙物,無遮蔽物,良好,無號誌,無號誌,中央分向島,寬式(50公分以上),車道線(無標記),未繪設快慢車道分隔線,有,車與車,追撞,其他,其他不當駕車行為,死亡1;受傷2,6,小客車(含客、貨兩用),自用,男,47,不明,未使用,車的狀態,靜止(引擎熄火),汽車,後車尾,汽車,後車尾,無(車輛駕駛者因素),尚未發現肇事因素,否,121.212061,24.923239
2024,2,20240224,114017,A1,桃園市政府警察局,桃園市平鎮區中豐路南勢一段65號前0.0公尺,陰,有照明未開啟或故障,市區道路,50,單路部分,直路,路段,一般車道(未劃分快慢車道),柏油,乾燥,無缺陷,無障礙物,無遮蔽物,良好,無號誌,無號誌,中央分向島,寬式(50公分以上),車道線(無標記),未繪設快慢車道分隔線,有,車與車,追撞,其他,其他不當駕車行為,死亡1;受傷2,7,機車,普通重型,女,66,不明,未使用,車的狀態,靜止(引擎熄火),機車與自行車,後車尾,機車與自行車,後車尾,無(車輛駕駛者因素),尚未發現肇事因素,否,121.212061,24.923239
2024,2,20240224,114017,A1,桃園市政府警察局,桃園市平鎮區中豐路南勢一段65號前0.0公尺,陰,有照明未開啟或故障,市區道路,50,單路部分,直路,路段,一般車道(未劃分快慢車道),柏油,乾燥,無缺陷,無障礙物,無遮蔽物,良好,無號誌,無號誌,中央分向島,寬式(50公分以上),車道線(無標記),未繪設快慢車道分隔線,有,車與車,追撞,其他,其他不當駕車行為,死亡1;受傷2,8,機車,普通重型,女,45,不明,未使用,車的狀態,靜止(引擎熄火),機車與自行車,後車尾,機車與自行車,後車尾,無(車輛駕駛者因素),尚未發現肇事因素,否,121.212061,24.923239
2024,2,20240224,114017,A1,桃園市政府警察局,桃園市平鎮區中豐路南勢一段65號前0.0公尺,陰,有照明未開啟或故障,市區道路,50,單路部分,直路,路段,一般車道(未劃分快慢車道),柏油,乾燥,無缺陷,無障礙物,無遮蔽物,良好,無號誌,無號誌,中央分向島,寬式(50公分以上),車道線(無標記),未繪設快慢車道分隔線,有,車與車,追撞,其他,其他不當駕車行為,死亡1;受傷2,9,機車,普通重型,女,45,不明,未使用,車的狀態,靜止(引擎熄火),機車與自行車,後車尾,機車與自行車,後車尾,無(車輛駕駛者因素),尚未發現肇事因素,否,121.212061,24.923239
2024,2,20240224,114017,A1,桃園市政府警察局,桃園市平鎮區中豐路南勢一段65號前0.0公尺,陰,有照明未開啟或故障,市區道路,50,單路部分,直路,路段,一般車道(未劃分快慢車道),柏油,乾燥,無缺陷,無障礙物,無遮蔽物,良好,無號誌,無號誌,中央分向島,寬式(50公分以上),車道線(無標記),未繪設快慢車道分隔線,有,車與車,追撞,其他,其他不當駕車行為,死亡1;受傷2,10,人,乘客,女,27,不明,非駕駛人,人的狀態,其他,其他,非汽、機及自行車,其他,非汽、機及自行車,無(非車輛駕駛人因素),尚未發現肇事因素,否,121.212061,24.923239
2024,2,20240227,133923,A1,桃園市政府警察局,桃園市觀音區大湖路一段口 / 桃園市觀音區嘉富路口,陰,無照明,市區道路,50,交岔路,四岔路,交叉路口,交叉路口內,柏油,乾燥,無缺陷,無障礙物,無遮蔽物,良好,行車管制號誌,正常,無,無分向設施,未繪設車道線,未繪設快慢車道分隔線,無,車與車,路口交岔撞,駕駛者,闖紅燈直行,死亡1;受傷1,1,小客車(含客、貨兩用),自用,男,42,繫安全帶(使用幼童安全椅),未使用,車的狀態,向前直行中,汽車,前車頭,,,駕駛者,闖紅燈直行,否,121.140945,24.986933
2024,2,20240227,133923,A1,桃園市政府警察局,桃園市觀音區大湖路一段口 / 桃園市觀音區嘉富路口,陰,無照明,市區道路,50,交岔路,四岔路,交叉路口,交叉路口內,柏油,乾燥,無缺陷,無障礙物,無遮蔽物,良好,行車管制號誌,正常,無,無分向設施,未繪設車道線,未繪設快慢車道分隔線,無,車與車,路口交岔撞,駕駛者,闖紅燈直行,死亡1;受傷1,2,機車,普通重型,男,16,戴非半罩式安全帽,不明,車的狀態,向前直行中,機車與自行車,左側車身,,,無(車輛駕駛者因素),尚未發現肇事因素,否,121.140945,24.986933
2024,2,20240227,133923,A1,桃園市政府警察局,桃園市觀音區大湖路一段口 / 桃園市觀音區嘉富路口,陰,無照明,市區道路,50,交岔路,四岔路,交叉路口,交叉路口內,柏油,乾燥,無缺陷,無障礙物,無遮蔽物,良好,行車管制號誌,正常,無,無分向設施,未繪設車道線,未繪設快慢車道分隔線,無,車與車,路口交岔撞,駕駛者,闖紅燈直行,死亡1;受傷1,3,人,乘客,女,16,戴非半罩式安全帽,非駕駛人,人的狀態,其他,其他,非汽、機及自行車,,,無(非車輛駕駛人因素),尚未發現肇事因素,否,121.140945,24.986933
2024,3,20240303,050000,A1,桃園市政府警察局,桃園市觀音區忠愛路三段口 / 桃園市觀音區梁福路口,雨,有照明未開啟或故障,市區道路,50,交岔路,四岔路,交叉路口,交叉口附近,柏油,濕潤,無缺陷,無障礙物,無遮蔽物,良好,行車管制號誌,正常,中央分向島,寬式(50公分以上),車道線(無標記),快慢車道分隔線,有,人與車,其他,非駕駛者,未依標誌或標線穿越道路,死亡1;受傷0,1,人,行人,女,40,其他(無需使用保護裝備之人),非駕駛人,人的狀態,其他,其他,非汽、機及自行車,,,非駕駛者,未依標誌或標線穿越道路,否,121.151940,25.003320
2024,3,20240303,050000,A1,桃園市政府警察局,桃園市觀音區忠愛路三段口 / 桃園市觀音區梁福路口,雨,有照明未開啟或故障,市區道路,50,交岔路,四岔路,交叉路口,交叉口附近,柏油,濕潤,無缺陷,無障礙物,無遮蔽物,良好,行車管制號誌,正常,中央分向島,寬式(50公分以上),車道線(無標記),快慢車道分隔線,有,人與車,其他,非駕駛者,未依標誌或標線穿越道路,死亡1;受傷0,2,小客車(含客、貨兩用),自用,男,57,繫安全帶(使用幼童安全椅),未使用,車的狀態,向前直行中,汽車,前車頭,,,駕駛者,闖紅燈直行,否,121.151940,25.003320
2024,3,20240305,165000,A1,桃園市政府警察局,桃園市大園區大牛稠21之1號前,晴,有照明未開啟或故障,其他,50,單路部分,直路,路段,一般車道(未劃分快慢車道),柏油,乾燥,無缺陷,無障礙物,無遮蔽物,良好,無號誌,無號誌,雙向禁止超車線,無標記,未繪設車道線,未繪設快慢車道分隔線,有,車與車,對撞,駕駛者,起步時未注意安全,死亡1;受傷1,1,機車,普通重型,男,60,戴非半罩式安全帽,未使用,車的狀態,起步,機車與自行車,前車頭,,,駕駛者,起步時未注意安全,否,121.235832,25.061859
2024,3,20240305,165000,A1,桃園市政府警察局,桃園市大園區大牛稠21之1號前,晴,有照明未開啟或故障,其他,50,單路部分,直路,路段,一般車道(未劃分快慢車道),柏油,乾燥,無缺陷,無障礙物,無遮蔽物,良好,無號誌,無號誌,雙向禁止超車線,無標記,未繪設車道線,未繪設快慢車道分隔線,有,車與車,對撞,駕駛者,起步時未注意安全,死亡1;受傷1,2,機車,普通重型,男,14,戴非半罩式安全帽,未使用,車的狀態,向前直行中,機車與自行車,前車頭,,,駕駛者,恍神、緊張、心不在焉分心駕駛,否,121.235832,25.061859
2024,3,20240308,222300,A1,桃園市政府警察局,桃園市新屋區社福路81號前0.0公尺附近,晴,有照明且開啟,市區道路,50,單路部分,直路,路段,一般車道(未劃分快慢車道),柏油,乾燥,無缺陷,無障礙物,無遮蔽物,良好,無號誌,無號誌,雙向禁止超車線,無標記,未繪設車道線,未繪設快慢車道分隔線,有,車輛本身,衝出路外,駕駛者,恍神、緊張、心不在焉分心駕駛,死亡1;受傷0,1,機車,普通重型,男,54,戴半罩式安全帽,未使用,車的狀態,向前直行中,機車與自行車,前車頭,,,駕駛者,恍神、緊張、心不在焉分心駕駛,否,121.071075,24.961465
2024,3,20240308,222300,A1,桃園市政府警察局,桃園市新屋區社福路81號前0.0公尺附近,晴,有照明且開啟,市區道路,50,單路部分,直路,路段,一般車道(未劃分快慢車道),柏油,乾燥,無缺陷,無障礙物,無遮蔽物,良好,無號誌,無號誌,雙向禁止超車線,無標記,未繪設車道線,未繪設快慢車道分隔線,有,車輛本身,衝出路外,駕駛者,恍神、緊張、心不在焉分心駕駛,死亡1;受傷0,2,,,無或物(動物、堆置物),-1,,,,,,,,,無(非車輛駕駛人因素),尚未發現肇事因素,否,121.071075,24.961465
2024,3,20240312,093518,A1,桃園市政府警察局,桃園市觀音區中山路二段口 / 桃園市觀音區正大路口,晴,無照明,市區道路,50,交岔路,四岔路,交叉路口,交叉口附近,柏油,乾燥,無缺陷,無障礙物,無遮蔽物,良好,行車管制號誌,正常,雙向禁止超車線,無標記,禁止變換車道線(無標記),未繪設快慢車道分隔線,有,車與車,追撞,駕駛者,恍神、緊張、心不在焉分心駕駛,死亡1;受傷1,1,機車,普通重型,男,81,戴非半罩式安全帽,未使用,車的狀態,向前直行中,機車與自行車,前車頭,,,駕駛者,恍神、緊張、心不在焉分心駕駛,否,121.149551,25.004843
2024,3,20240312,093518,A1,桃園市政府警察局,桃園市觀音區中山路二段口 / 桃園市觀音區正大路口,晴,無照明,市區道路,50,交岔路,四岔路,交叉路口,交叉口附近,柏油,乾燥,無缺陷,無障礙物,無遮蔽物,良好,行車管制號誌,正常,雙向禁止超車線,無標記,禁止變換車道線(無標記),未繪設快慢車道分隔線,有,車與車,追撞,駕駛者,恍神、緊張、心不在焉分心駕駛,死亡1;受傷1,2,小貨車(含客、貨兩用),自用,男,24,繫安全帶(使用幼童安全椅),未使用,車的狀態,等待(引擎未熄火),汽車,後車尾,,,無(車輛駕駛者因素),尚未發現肇事因素,否,121.149551,25.004843
2024,3,20240312,093518,A1,桃園市政府警察局,桃園市觀音區中山路二段口 / 桃園市觀音區正大路口,晴,無照明,市區道路,50,交岔路,四岔路,交叉路口,交叉口附近,柏油,乾燥,無缺陷,無障礙物,無遮蔽物,良好,行車管制號誌,正常,雙向禁止超車線,無標記,禁止變換車道線(無標記),未繪設快慢車道分隔線,有,車與車,追撞,駕駛者,恍神、緊張、心不在焉分心駕駛,死亡1;受傷1,3,人,乘客,女,77,戴非半罩式安全帽,非駕駛人,人的狀態,其他,其他,非汽、機及自行車,,,無(非車輛駕駛人因素),尚未發現肇事因素,否,121.149551,25.004843
2024,3,20240314,221240,A1,桃園市政府警察局,桃園市蘆竹區大新路852號前0.0公尺,晴,有照明且開啟,市區道路,50,單路部分,直路,路段,一般車道(未劃分快慢車道),柏油,乾燥,無缺陷,無障礙物,無遮蔽物,良好,無號誌,無號誌,雙向禁止超車線,無標記,未繪設車道線,未繪設快慢車道分隔線,有,車與車,側撞,駕駛者,迴轉未依規定,死亡1;受傷0,1,小貨車(含客、貨兩用),自用,男,36,繫安全帶(使用幼童安全椅),未使用,車的狀態,迴轉或橫越道路中,汽車,前車頭,,,駕駛者,迴轉未依規定,否,121.243015,25.022999
2024,3,20240314,221240,A1,桃園市政府警察局,桃園市蘆竹區大新路852號前0.0公尺,晴,有照明且開啟,市區道路,50,單路部分,直路,路段,一般車道(未劃分快慢車道),柏油,乾燥,無缺陷,無障礙物,無遮蔽物,良好,無號誌,無號誌,雙向禁止超車線,無標記,未繪設車道線,未繪設快慢車道分隔線,有,車與車,側撞,駕駛者,迴轉未依規定,死亡1;受傷0,2,機車,大型重型1(550C.C.以上),男,22,戴非半罩式安全帽,未使用,車的狀態,向前直行中,機車與自行車,右側車身,,,無(車輛駕駛者因素),尚未發現肇事因素,否,121.243015,25.022999
2024,3,20240314,221240,A1,桃園市政府警察局,桃園市蘆竹區大新路852號前0.0公尺,晴,有照明且開啟,市區道路,50,單路部分,直路,路段,一般車道(未劃分快慢車道),柏油,乾燥,無缺陷,無障礙物,無遮蔽物,良好,無號誌,無號誌,雙向禁止超車線,無標記,未繪設車道線,未繪設快慢車道分隔線,有,車與車,側撞,駕駛者,迴轉未依規定,死亡1;受傷0,3,小客車(含客、貨兩用),計程車,男,67,繫安全帶(使用幼童安全椅),未使用,車的狀態,等待(引擎未熄火),汽車,前車頭,,,其他,違規(臨時)停車,否,121.243015,25.022999
2024,3,20240322,073600,A1,桃園市政府警察局,桃園市大溪區大鶯路口 / 桃園市大溪區瑞德街口,陰,有照明未開啟或故障,村里道路,40,交岔路,四岔路,交叉路口,交叉路口內,柏油,乾燥,無缺陷,無障礙物,無遮蔽物,良好,無號誌,無號誌,無,無分向設施,未繪設車道線,未繪設快慢車道分隔線,無,車與車,路口交岔撞,駕駛者,無號誌路口，左方車未讓右方車先行,死亡1;受傷0,1,小客車(含客、貨兩用),租賃車,男,37,不明,不明,車的狀態,向前直行中,汽車,右前車頭(身),汽車,右前車頭(身),駕駛者,無號誌路口，左方車未讓右方車先行,否,121.314462,24.933013
2024,3,20240322,073600,A1,桃園市政府警察局,桃園市大溪區大鶯路口 / 桃園市大溪區瑞德街口,陰,有照明未開啟或故障,村里道路,40,交岔路,四岔路,交叉路口,交叉路口內,柏油,乾燥,無缺陷,無障礙物,無遮蔽物,良好,無號誌,無號誌,無,無分向設施,未繪設車道線,未繪設快慢車道分隔線,無,車與車,路口交岔撞,駕駛者,無號誌路口，左方車未讓右方車先行,死亡1;受傷0,2,機車,大型重型1(550C.C.以上),男,53,不明,不明,車的狀態,向前直行中,機車與自行車,前車頭,機車與自行車,前車頭,駕駛者,未依規定減速,否,121.314462,24.933013
2024,3,20240323,171700,A1,桃園市政府警察局,桃園市觀音區中山路二段1036巷口對面,晴,有照明未開啟或故障,市區道路,60,交岔路,三岔路,交叉路口,交叉口附近,柏油,乾燥,無缺陷,無障礙物,無遮蔽物,良好,無號誌,無號誌,雙向禁止超車線,無標記,未繪設車道線,未繪設快慢車道分隔線,有,人與車,其他,其他,其他不當駕車行為,死亡1;受傷1,1,小客車(含客、貨兩用),自用,男,33,不明,不明,車的狀態,向前直行中,汽車,前車頭,,,其他,其他不當駕車行為,是,121.144487,25.007621
2024,3,20240323,171700,A1,桃園市政府警察局,桃園市觀音區中山路二段1036巷口對面,晴,有照明未開啟或故障,市區道路,60,交岔路,三岔路,交叉路口,交叉口附近,柏油,乾燥,無缺陷,無障礙物,無遮蔽物,良好,無號誌,無號誌,雙向禁止超車線,無標記,未繪設車道線,未繪設快慢車道分隔線,有,人與車,其他,其他,其他不當駕車行為,死亡1;受傷1,2,人,行人,女,29,其他(無需使用保護裝備之人),非駕駛人,人的狀態,步行,其他,非汽、機及自行車,,,無(非車輛駕駛人因素),尚未發現肇事因素,否,121.144487,25.007621
2024,3,20240323,171700,A1,桃園市政府警察局,桃園市觀音區中山路二段1036巷口對面,晴,有照明未開啟或故障,市區道路,60,交岔路,三岔路,交叉路口,交叉口附近,柏油,乾燥,無缺陷,無障礙物,無遮蔽物,良好,無號誌,無號誌,雙向禁止超車線,無標記,未繪設車道線,未繪設快慢車道分隔線,有,人與車,其他,其他,其他不當駕車行為,死亡1;受傷1,3,人,行人,女,92,其他(無需使用保護裝備之人),非駕駛人,人的狀態,其他,其他,非汽、機及自行車,,,無(非車輛駕駛人因素),尚未發現肇事因素,否,121.144487,25.007621
2024,3,20240330,134448,A1,桃園市政府警察局,桃園市觀音區大觀路一段125號前0.0公尺,晴,有照明未開啟或故障,市區道路,50,單路部分,直路,路段,一般車道(未劃分快慢車道),柏油,乾燥,無缺陷,無障礙物,無遮蔽物,良好,無號誌,無號誌,中央分向島,寬式(50公分以上),車道線(無標記),快慢車道分隔線,有,車與車,側撞,駕駛者,迴轉未依規定,死亡1;受傷0,1,大貨車,自用,男,59,繫安全帶(使用幼童安全椅),未使用,車的狀態,迴轉或橫越道路中,汽車,左側車身,,,駕駛者,迴轉未依規定,否,121.155682,25.053598
2024,3,20240330,134448,A1,桃園市政府警察局,桃園市觀音區大觀路一段125號前0.0公尺,晴,有照明未開啟或故障,市區道路,50,單路部分,直路,路段,一般車道(未劃分快慢車道),柏油,乾燥,無缺陷,無障礙物,無遮蔽物,良好,無號誌,無號誌,中央分向島,寬式(50公分以上),車道線(無標記),快慢車道分隔線,有,車與車,側撞,駕駛者,迴轉未依規定,死亡1;受傷0,2,機車,普通重型,男,18,戴半罩式安全帽,未使用,車的狀態,向前直行中,機車與自行車,前車頭,,,駕駛者,超速駕駛,否,121.155682,25.053598
2024,3,20240331,172200,A1,桃園市政府警察局,桃園市中壢區吉林路附近 / 桃園市中壢區忠孝路附近,雨,有照明未開啟或故障,市區道路,50,交岔路,三岔路,交叉路口,交叉口附近,柏油,濕潤,無缺陷,無障礙物,無遮蔽物,良好,行車管制號誌(附設行人專用號誌),正常,雙向禁止超車線,無標記,禁止變換車道線(無標記),未繪設快慢車道分隔線,有,車與車,對撞,駕駛者,酒醉(後)駕駛,死亡1;受傷0,1,慢車,腳踏自行車,男,59,其他(無需使用保護裝備之人),未使用,車的狀態,向前直行中,機車與自行車,前車頭,,,駕駛者,酒醉(後)駕駛,否,121.250445,24.983432
2024,3,20240331,172200,A1,桃園市政府警察局,桃園市中壢區吉林路附近 / 桃園市中壢區忠孝路附近,雨,有照明未開啟或故障,市區道路,50,交岔路,三岔路,交叉路口,交叉口附近,柏油,濕潤,無缺陷,無障礙物,無遮蔽物,良好,行車管制號誌(附設行人專用號誌),正常,雙向禁止超車線,無標記,禁止變換車道線(無標記),未繪設快慢車道分隔線,有,車與車,對撞,駕駛者,酒醉(後)駕駛,死亡1;受傷0,2,小客車(含客、貨兩用),自用,男,38,繫安全帶(使用幼童安全椅),未使用,車的狀態,向前直行中,汽車,右前車頭(身),,,駕駛者,超速駕駛,否,121.250445,24.983432
2024,4,20240403,073100,A1,桃園市政府警察局,桃園市龍潭區楊銅路二段附近 / 桃園市龍潭區楊銅路二段附近,晴,無照明,市區道路,50,單路部分,彎曲路及附近,路段,路肩、路緣,柏油,乾燥,無缺陷,無障礙物,無遮蔽物,良好,無號誌,無號誌,雙向禁止超車線,無標記,未繪設車道線,未繪設快慢車道分隔線,有,車與車,同向擦撞,駕駛者,違反其他標誌(線)禁制,死亡1;受傷0,1,機車,普通重型,男,75,戴非半罩式安全帽,不明,車的狀態,超車(含超越),機車與自行車,左側車身,,,駕駛者,違反其他標誌(線)禁制,否,121.188722,24.863526
2024,4,20240403,073100,A1,桃園市政府警察局,桃園市龍潭區楊銅路二段附近 / 桃園市龍潭區楊銅路二段附近,晴,無照明,市區道路,50,單路部分,彎曲路及附近,路段,路肩、路緣,柏油,乾燥,無缺陷,無障礙物,無遮蔽物,良好,無號誌,無號誌,雙向禁止超車線,無標記,未繪設車道線,未繪設快慢車道分隔線,有,車與車,同向擦撞,駕駛者,違反其他標誌(線)禁制,死亡1;受傷0,2,半聯結車,營業用,男,29,繫安全帶(使用幼童安全椅),不明,車的狀態,向前直行中,汽車,右前車頭(身),,,無(車輛駕駛者因素),尚未發現肇事因素,否,121.188722,24.863526
2024,4,20240406,100500,A1,桃園市政府警察局,桃園市觀音區台61高架北上38K,晴,有照明未開啟或故障,省道,90,單路部分,高架道路,路段,路肩、路緣,柏油,乾燥,無缺陷,無障礙物,無遮蔽物,良好,無號誌,無號誌,中央分向島,寬式(50公分以上),車道線(無標記),未繪設快慢車道分隔線,有,車輛本身,撞護欄(樁),其他,其他不當駕車行為,死亡1;受傷0,1,半聯結車,營業用,男,62,繫安全帶(使用幼童安全椅),未使用,車的狀態,向前直行中,汽車,右前車頭(身),,,其他,其他不當駕車行為,否,121.090716,25.052494
2024,4,20240406,100500,A1,桃園市政府警察局,桃園市觀音區台61高架北上38K,晴,有照明未開啟或故障,省道,90,單路部分,高架道路,路段,路肩、路緣,柏油,乾燥,無缺陷,無障礙物,無遮蔽物,良好,無號誌,無號誌,中央分向島,寬式(50公分以上),車道線(無標記),未繪設快慢車道分隔線,有,車輛本身,撞護欄(樁),其他,其他不當駕車行為,死亡1;受傷0,2,,,無或物(動物、堆置物),-1,,,,,,,,,無(非車輛駕駛人因素),尚未發現肇事因素,否,121.090716,25.052494
2024,4,20240409,161000,A1,桃園市政府警察局,桃園市龍潭區高楊北路36號前0.0公尺,晴,有照明未開啟或故障,市區道路,50,單路部分,直路,路段,一般車道(未劃分快慢車道),柏油,乾燥,無缺陷,無障礙物,無遮蔽物,良好,無號誌,無號誌,行車分向線,無標記,車道線(無標記),未繪設快慢車道分隔線,有,車與車,同向擦撞,駕駛者,起步時未注意安全,死亡1;受傷2,1,機車,普通重型,女,26,戴半罩式安全帽,未使用,車的狀態,起步,機車與自行車,後車尾,,,駕駛者,起步時未注意安全,否,121.207592,24.838706
2024,4,20240409,161000,A1,桃園市政府警察局,桃園市龍潭區高楊北路36號前0.0公尺,晴,有照明未開啟或故障,市區道路,50,單路部分,直路,路段,一般車道(未劃分快慢車道),柏油,乾燥,無缺陷,無障礙物,無遮蔽物,良好,無號誌,無號誌,行車分向線,無標記,車道線(無標記),未繪設快慢車道分隔線,有,車與車,同向擦撞,駕駛者,起步時未注意安全,死亡1;受傷2,2,小客車(含客、貨兩用),自用,男,79,繫安全帶(使用幼童安全椅),未使用,車的狀態,向前直行中,汽車,前車頭,,,無(車輛駕駛者因素),尚未發現肇事因素,否,121.207592,24.838706
2024,4,20240409,161000,A1,桃園市政府警察局,桃園市龍潭區高楊北路36號前0.0公尺,晴,有照明未開啟或故障,市區道路,50,單路部分,直路,路段,一般車道(未劃分快慢車道),柏油,乾燥,無缺陷,無障礙物,無遮蔽物,良好,無號誌,無號誌,行車分向線,無標記,車道線(無標記),未繪設快慢車道分隔線,有,車與車,同向擦撞,駕駛者,起步時未注意安全,死亡1;受傷2,3,,,無或物(動物、堆置物),-1,,,,,,,,,無(非車輛駕駛人因素),尚未發現肇事因素,否,121.207592,24.838706
2024,4,20240409,161000,A1,桃園市政府警察局,桃園市龍潭區高楊北路36號前0.0公尺,晴,有照明未開啟或故障,市區道路,50,單路部分,直路,路段,一般車道(未劃分快慢車道),柏油,乾燥,無缺陷,無障礙物,無遮蔽物,良好,無號誌,無號誌,行車分向線,無標記,車道線(無標記),未繪設快慢車道分隔線,有,車與車,同向擦撞,駕駛者,起步時未注意安全,死亡1;受傷2,4,人,乘客,女,77,繫安全帶(使用幼童安全椅),非駕駛人,人的狀態,其他,其他,非汽、機及自行車,,,無(非車輛駕駛人因素),尚未發現肇事因素,否,121.207592,24.838706
2024,4,20240409,181700,A1,桃園市政府警察局,桃園市觀音區中山路二段919號前0.0公尺,晴,有照明且開啟,市區道路,50,單路部分,直路,路段,一般車道(未劃分快慢車道),柏油,乾燥,無缺陷,無障礙物,無遮蔽物,良好,無號誌,無號誌,行車分向線,附標記,車道線(附標記),未繪設快慢車道分隔線,有,車與車,側撞,駕駛者,違反其他標誌(線)禁制,死亡1;受傷0,1,小客車(含客、貨兩用),自用,男,46,繫安全帶(使用幼童安全椅),未使用,車的狀態,迴轉或橫越道路中,汽車,左前車頭(身),,,駕駛者,違反其他標誌(線)禁制,否,121.141243,25.009708
2024,4,20240409,181700,A1,桃園市政府警察局,桃園市觀音區中山路二段919號前0.0公尺,晴,有照明且開啟,市區道路,50,單路部分,直路,路段,一般車道(未劃分快慢車道),柏油,乾燥,無缺陷,無障礙物,無遮蔽物,良好,無號誌,無號誌,行車分向線,附標記,車道線(附標記),未繪設快慢車道分隔線,有,車與車,側撞,駕駛者,違反其他標誌(線)禁制,死亡1;受傷0,2,機車,普通重型,男,84,戴非半罩式安全帽,未使用,車的狀態,向前直行中,機車與自行車,前車頭,,,無(車輛駕駛者因素),尚未發現肇事因素,否,121.141243,25.009708
2024,4,20240413,030447,A1,桃園市政府警察局,桃園市新屋區台61線 52公里100.0公尺處南側向外側,晴,有照明且開啟,省道,90,單路部分,直路,路段,路肩、路緣,柏油,乾燥,無缺陷,無障礙物,無遮蔽物,良好,無號誌,無號誌,中央分向島,寬式(50公分以上),車道線(附標記),未繪設快慢車道分隔線,有,車與車,同向擦撞,駕駛者,起步時未注意安全,死亡1;受傷3,1,半聯結車,營業用,男,56,繫安全帶(使用幼童安全椅),未使用,車的狀態,起步,汽車,左側車身,汽車,左側車身,駕駛者,起步時未注意安全,否,121.006973,24.956685
2024,4,20240413,030447,A1,桃園市政府警察局,桃園市新屋區台61線 52公里100.0公尺處南側向外側,晴,有照明且開啟,省道,90,單路部分,直路,路段,路肩、路緣,柏油,乾燥,無缺陷,無障礙物,無遮蔽物,良好,無號誌,無號誌,中央分向島,寬式(50公分以上),車道線(附標記),未繪設快慢車道分隔線,有,車與車,同向擦撞,駕駛者,起步時未注意安全,死亡1;受傷3,2,全聯結車,營業用,男,31,繫安全帶(使用幼童安全椅),未使用,車的狀態,向前直行中,汽車,右前車頭(身),汽車,右側車身,駕駛者,恍神、緊張、心不在焉分心駕駛,否,121.006973,24.956685
2024,4,20240413,030447,A1,桃園市政府警察局,桃園市新屋區台61線 52公里100.0公尺處南側向外側,晴,有照明且開啟,省道,90,單路部分,直路,路段,路肩、路緣,柏油,乾燥,無缺陷,無障礙物,無遮蔽物,良好,無號誌,無號誌,中央分向島,寬式(50公分以上),車道線(附標記),未繪設快慢車道分隔線,有,車與車,同向擦撞,駕駛者,起步時未注意安全,死亡1;受傷3,3,機車,普通重型,男,29,戴非半罩式安全帽,未使用,車的狀態,向前直行中,機車與自行車,左側車身,機車與自行車,左側車身,無(車輛駕駛者因素),尚未發現肇事因素,否,121.006973,24.956685
2024,4,20240413,030447,A1,桃園市政府警察局,桃園市新屋區台61線 52公里100.0公尺處南側向外側,晴,有照明且開啟,省道,90,單路部分,直路,路段,路肩、路緣,柏油,乾燥,無缺陷,無障礙物,無遮蔽物,良好,無號誌,無號誌,中央分向島,寬式(50公分以上),車道線(附標記),未繪設快慢車道分隔線,有,車與車,同向擦撞,駕駛者,起步時未注意安全,死亡1;受傷3,4,機車,普通重型,男,21,戴非半罩式安全帽,未使用,車的狀態,向前直行中,機車與自行車,左側車身,機車與自行車,左側車身,無(車輛駕駛者因素),尚未發現肇事因素,否,121.006973,24.956685
2024,4,20240413,175641,A1,桃園市政府警察局,桃園市龜山區嶺頭6之1號前,晴,有照明且開啟,市區道路,25,單路部分,彎曲路及附近,路段,一般車道(未劃分快慢車道),柏油,乾燥,無缺陷,無障礙物,無遮蔽物,良好,無號誌,無號誌,無,無分向設施,未繪設車道線,未繪設快慢車道分隔線,有,車輛本身,衝出路外,其他,車輛或機械操作不當(慎),死亡1;受傷0,1,慢車,腳踏自行車,男,26,其他(無需使用保護裝備之人),未使用,車的狀態,向前直行中,機車與自行車,前車頭,,,其他,車輛或機械操作不當(慎),否,121.401218,25.024453
2024,4,20240413,175641,A1,桃園市政府警察局,桃園市龜山區嶺頭6之1號前,晴,有照明且開啟,市區道路,25,單路部分,彎曲路及附近,路段,一般車道(未劃分快慢車道),柏油,乾燥,無缺陷,無障礙物,無遮蔽物,良好,無號誌,無號誌,無,無分向設施,未繪設車道線,未繪設快慢車道分隔線,有,車輛本身,衝出路外,其他,車輛或機械操作不當(慎),死亡1;受傷0,2,,,無或物(動物、堆置物),-1,,,,,,,,,無(非車輛駕駛人因素),尚未發現肇事因素,否,121.401218,25.024453
2024,4,20240414,185600,A1,桃園市政府警察局,桃園市桃園區中正路口 / 桃園市桃園區同德十一街口,晴,有照明且開啟,市區道路,50,交岔路,四岔路,其他,行人穿越道,柏油,乾燥,無缺陷,無障礙物,無遮蔽物,良好,行車管制號誌(附設行人專用號誌),正常,無,無分向設施,未繪設車道線,未繪設快慢車道分隔線,無,人與車,穿越道路中,駕駛者,車輛未依規定暫停讓行人先行,死亡1;受傷0,1,小貨車(含客、貨兩用),自用,男,41,繫安全帶(使用幼童安全椅),未使用,車的狀態,左轉彎,汽車,左前車頭(身),,,駕駛者,車輛未依規定暫停讓行人先行,否,121.296446,25.020725
2024,4,20240414,185600,A1,桃園市政府警察局,桃園市桃園區中正路口 / 桃園市桃園區同德十一街口,晴,有照明且開啟,市區道路,50,交岔路,四岔路,其他,行人穿越道,柏油,乾燥,無缺陷,無障礙物,無遮蔽物,良好,行車管制號誌(附設行人專用號誌),正常,無,無分向設施,未繪設車道線,未繪設快慢車道分隔線,無,人與車,穿越道路中,駕駛者,車輛未依規定暫停讓行人先行,死亡1;受傷0,2,人,行人,女,60,其他(無需使用保護裝備之人),非駕駛人,人的狀態,步行,其他,非汽、機及自行車,,,無(非車輛駕駛人因素),尚未發現肇事因素,否,121.296446,25.020725
2024,4,20240416,083604,A1,桃園市政府警察局,桃園市龜山區振興路1021-1號前0.0公尺,晴,有照明且開啟,市區道路,50,單路部分,彎曲路及附近,路段,機車優先道,柏油,濕潤,無缺陷,無障礙物,有遮蔽物,路上停放車輛,無號誌,無號誌,中央分向島,寬式(50公分以上),車道線(無標記),快慢車道分隔線,有,車輛本身,路上翻車、摔倒,其他,車輛或機械操作不當(慎),死亡1;受傷0,1,機車,普通重型,女,36,戴半罩式安全帽,未使用,車的狀態,向前直行中,機車與自行車,左側車身,,,其他,車輛或機械操作不當(慎),否,121.370741,25.026139
2024,4,20240416,083604,A1,桃園市政府警察局,桃園市龜山區振興路1021-1號前0.0公尺,晴,有照明且開啟,市區道路,50,單路部分,彎曲路及附近,路段,機車優先道,柏油,濕潤,無缺陷,無障礙物,有遮蔽物,路上停放車輛,無號誌,無號誌,中央分向島,寬式(50公分以上),車道線(無標記),快慢車道分隔線,有,車輛本身,路上翻車、摔倒,其他,車輛或機械操作不當(慎),死亡1;受傷0,2,,,無或物(動物、堆置物),-1,,,,,,,,,交通管制(設施),施工安全防護措施未依規定或未盡完善(備),否,121.370741,25.026139
2024,4,20240421,172800,A1,桃園市政府警察局,桃園市龜山區大同路1089號前0.0公尺,晴,有照明且開啟,市區道路,40,單路部分,直路,路段,路肩、路緣,柏油,乾燥,無缺陷,無障礙物,無遮蔽物,良好,無號誌,無號誌,行車分向線,無標記,未繪設車道線,未繪設快慢車道分隔線,有,車輛本身,撞電桿,駕駛者,酒醉(後)駕駛,死亡1;受傷0,1,機車,普通重型,男,44,戴非半罩式安全帽,不明,車的狀態,向前直行中,機車與自行車,前車頭,,,駕駛者,酒醉(後)駕駛,否,121.364717,24.989066
2024,4,20240421,172800,A1,桃園市政府警察局,桃園市龜山區大同路1089號前0.0公尺,晴,有照明且開啟,市區道路,40,單路部分,直路,路段,路肩、路緣,柏油,乾燥,無缺陷,無障礙物,無遮蔽物,良好,無號誌,無號誌,行車分向線,無標記,未繪設車道線,未繪設快慢車道分隔線,有,車輛本身,撞電桿,駕駛者,酒醉(後)駕駛,死亡1;受傷0,2,,,無或物(動物、堆置物),-1,,,,,,,,,無(非車輛駕駛人因素),尚未發現肇事因素,否,121.364717,24.989066
2024,4,20240425,093600,A1,桃園市政府警察局,桃園市觀音區大觀路四段口 / 桃園市觀音區大觀路四段口,陰,有照明未開啟或故障,市區道路,50,交岔路,三岔路,交叉路口,交叉路口內,柏油,乾燥,無缺陷,無障礙物,無遮蔽物,良好,行車管制號誌,正常,無,無分向設施,未繪設車道線,未繪設快慢車道分隔線,無,車與車,側撞,駕駛者,有號誌路口，轉彎車未讓直行車先行,死亡1;受傷1,1,機車,普通輕型,男,80,戴非半罩式安全帽,未使用,車的狀態,左轉彎,機車與自行車,右側車身,,,駕駛者,有號誌路口，轉彎車未讓直行車先行,否,121.112245,25.035643
2024,4,20240425,093600,A1,桃園市政府警察局,桃園市觀音區大觀路四段口 / 桃園市觀音區大觀路四段口,陰,有照明未開啟或故障,市區道路,50,交岔路,三岔路,交叉路口,交叉路口內,柏油,乾燥,無缺陷,無障礙物,無遮蔽物,良好,行車管制號誌,正常,無,無分向設施,未繪設車道線,未繪設快慢車道分隔線,無,車與車,側撞,駕駛者,有號誌路口，轉彎車未讓直行車先行,死亡1;受傷1,2,小客車(含客、貨兩用),自用,男,35,繫安全帶(使用幼童安全椅),未使用,車的狀態,向前直行中,汽車,前車頭,,,駕駛者,恍神、緊張、心不在焉分心駕駛,否,121.112245,25.035643
2024,4,20240425,155450,A1,桃園市政府警察局,桃園市中壢區延平路80號前0.0公尺附近,陰,有照明未開啟或故障,市區道路,50,單路部分,直路,路段,一般車道(未劃分快慢車道),柏油,乾燥,無缺陷,無障礙物,無遮蔽物,良好,無號誌,無號誌,中央分向島,寬式(50公分以上),車道線(無標記),未繪設快慢車道分隔線,無,車與車,同向擦撞,駕駛者,變換車道不當,死亡1;受傷0,1,大貨車,自用,男,53,繫安全帶(使用幼童安全椅),未使用,車的狀態,向右變換車道,汽車,右後車尾(身),,,駕駛者,變換車道不當,否,121.231365,24.963584
2024,4,20240425,155450,A1,桃園市政府警察局,桃園市中壢區延平路80號前0.0公尺附近,陰,有照明未開啟或故障,市區道路,50,單路部分,直路,路段,一般車道(未劃分快慢車道),柏油,乾燥,無缺陷,無障礙物,無遮蔽物,良好,無號誌,無號誌,中央分向島,寬式(50公分以上),車道線(無標記),未繪設快慢車道分隔線,無,車與車,同向擦撞,駕駛者,變換車道不當,死亡1;受傷0,2,機車,普通重型,女,70,戴半罩式安全帽,未使用,車的狀態,向前直行中,機車與自行車,左側車身,,,無(車輛駕駛者因素),尚未發現肇事因素,否,121.231365,24.963584
2024,4,20240426,050200,A1,國道公路警察局,桃園市楊梅區國道1號 65公里北側向內側,陰,有照明且開啟,國道,90,單路部分,直路,路段,快車道,柏油,乾燥,無缺陷,無障礙物,無遮蔽物,良好,無號誌,無號誌,中央分向島,寬式(50公分以上),車道線(附標記),未繪設快慢車道分隔線,有,車輛本身,撞護欄(樁),駕駛者,恍神、緊張、心不在焉分心駕駛,死亡1;受傷0,1,半聯結車,營業用,男,44,繫安全帶(使用幼童安全椅),未使用,車的狀態,向左變換車道,汽車,左側車身,,,駕駛者,恍神、緊張、心不在焉分心駕駛,是,121.127177,24.893967
2024,4,20240426,050200,A1,國道公路警察局,桃園市楊梅區國道1號 65公里北側向內側,陰,有照明且開啟,國道,90,單路部分,直路,路段,快車道,柏油,乾燥,無缺陷,無障礙物,無遮蔽物,良好,無號誌,無號誌,中央分向島,寬式(50公分以上),車道線(附標記),未繪設快慢車道分隔線,有,車輛本身,撞護欄(樁),駕駛者,恍神、緊張、心不在焉分心駕駛,死亡1;受傷0,2,,,無或物(動物、堆置物),-1,,,,,,,,,無(非車輛駕駛人因素),尚未發現肇事因素,否,121.127177,24.893967
2024,4,20240426,050200,A1,國道公路警察局,桃園市楊梅區國道1號 65公里北側向內側,陰,有照明且開啟,國道,90,單路部分,直路,路段,快車道,柏油,乾燥,無缺陷,無障礙物,無遮蔽物,良好,無號誌,無號誌,中央分向島,寬式(50公分以上),車道線(附標記),未繪設快慢車道分隔線,有,車輛本身,撞護欄(樁),駕駛者,恍神、緊張、心不在焉分心駕駛,死亡1;受傷0,3,半聯結車,營業用,男,44,未戴安全帽或未繫安全帶(未使用幼童安全椅),未使用,車的狀態,向前直行中,汽車,前車頭,,,駕駛者,恍神、緊張、心不在焉分心駕駛,否,121.127177,24.893967
2024,5,20240502,050500,A1,桃園市政府警察局,桃園市平鎮區平東路口 / 桃園市平鎮區華隆街口,雨,有照明且開啟,市區道路,50,交岔路,四岔路,交叉路口,交叉路口內,柏油,濕潤,無缺陷,無障礙物,無遮蔽物,良好,閃光號誌,正常,無,無分向設施,未繪設車道線,未繪設快慢車道分隔線,無,人與車,衝進路中,非駕駛者,未依標誌或標線穿越道路,死亡1;受傷0,1,人,行人,男,71,其他(無需使用保護裝備之人),非駕駛人,人的狀態,奔跑,其他,非汽、機及自行車,,,非駕駛者,未依標誌或標線穿越道路,否,121.239028,24.912383
2024,5,20240502,050500,A1,桃園市政府警察局,桃園市平鎮區平東路口 / 桃園市平鎮區華隆街口,雨,有照明且開啟,市區道路,50,交岔路,四岔路,交叉路口,交叉路口內,柏油,濕潤,無缺陷,無障礙物,無遮蔽物,良好,閃光號誌,正常,無,無分向設施,未繪設車道線,未繪設快慢車道分隔線,無,人與車,衝進路中,非駕駛者,未依標誌或標線穿越道路,死亡1;受傷0,2,小客車(含客、貨兩用),自用,男,61,繫安全帶(使用幼童安全椅),未使用,車的狀態,向前直行中,汽車,右前車頭(身),,,駕駛者,恍神、緊張、心不在焉分心駕駛,否,121.239028,24.912383
2024,5,20240502,214637,A1,桃園市政府警察局,桃園市平鎮區快速路一段口 / 桃園市平鎮區快速路一段口,晴,有照明且開啟,市區道路,50,交岔路,多岔路,交叉路口,交叉路口內,柏油,乾燥,無缺陷,無障礙物,無遮蔽物,良好,行車管制號誌,正常,無,無分向設施,未繪設車道線,未繪設快慢車道分隔線,無,車與車,側撞,駕駛者,有號誌路口，轉彎車未讓直行車先行,死亡2;受傷0,1,小貨車(含客、貨兩用),營業用,男,32,繫安全帶(使用幼童安全椅),未使用,車的狀態,左轉彎,汽車,右側車身,,,駕駛者,有號誌路口，轉彎車未讓直行車先行,否,121.233873,24.903796
2024,5,20240502,214637,A1,桃園市政府警察局,桃園市平鎮區快速路一段口 / 桃園市平鎮區快速路一段口,晴,有照明且開啟,市區道路,50,交岔路,多岔路,交叉路口,交叉路口內,柏油,乾燥,無缺陷,無障礙物,無遮蔽物,良好,行車管制號誌,正常,無,無分向設施,未繪設車道線,未繪設快慢車道分隔線,無,車與車,側撞,駕駛者,有號誌路口，轉彎車未讓直行車先行,死亡2;受傷0,2,機車,普通重型,男,17,戴非半罩式安全帽,未使用,車的狀態,向前直行中,機車與自行車,前車頭,,,駕駛者,酒醉(後)駕駛,否,121.233873,24.903796
2024,5,20240502,214637,A1,桃園市政府警察局,桃園市平鎮區快速路一段口 / 桃園市平鎮區快速路一段口,晴,有照明且開啟,市區道路,50,交岔路,多岔路,交叉路口,交叉路口內,柏油,乾燥,無缺陷,無障礙物,無遮蔽物,良好,行車管制號誌,正常,無,無分向設施,未繪設車道線,未繪設快慢車道分隔線,無,車與車,側撞,駕駛者,有號誌路口，轉彎車未讓直行車先行,死亡2;受傷0,3,人,乘客,女,14,戴非半罩式安全帽,非駕駛人,人的狀態,其他,其他,無撞擊,,,無(非車輛駕駛人因素),尚未發現肇事因素,否,121.233873,24.903796
2024,5,20240504,122400,A1,桃園市政府警察局,桃園市觀音區關平爺路與河堤便道路口,晴,有照明未開啟或故障,其他,30,交岔路,三岔路,交叉路口,交叉路口內,柏油,乾燥,無缺陷,無障礙物,無遮蔽物,良好,無號誌,無號誌,無,無分向設施,未繪設車道線,未繪設快慢車道分隔線,有,車與車,側撞,駕駛者,無號誌路口，轉彎車未讓直行車先行,死亡1;受傷0,1,小貨車(含客、貨兩用),租賃小貨車,男,26,繫安全帶(使用幼童安全椅),未使用,車的狀態,右轉彎,汽車,左後車尾(身),,,駕駛者,無號誌路口，轉彎車未讓直行車先行,否,121.128409,25.047019
2024,5,20240504,122400,A1,桃園市政府警察局,桃園市觀音區關平爺路與河堤便道路口,晴,有照明未開啟或故障,其他,30,交岔路,三岔路,交叉路口,交叉路口內,柏油,乾燥,無缺陷,無障礙物,無遮蔽物,良好,無號誌,無號誌,無,無分向設施,未繪設車道線,未繪設快慢車道分隔線,有,車與車,側撞,駕駛者,無號誌路口，轉彎車未讓直行車先行,死亡1;受傷0,2,機車,普通重型,男,52,戴非半罩式安全帽,未使用,車的狀態,向前直行中,機車與自行車,前車頭,,,駕駛者,超速駕駛,否,121.128409,25.047019
2024,5,20240507,141000,A1,桃園市政府警察局,桃園市中壢區新生路三段111號前0.0公尺,晴,有照明未開啟或故障,市區道路,50,單路部分,直路,路段,一般車道(未劃分快慢車道),柏油,乾燥,無缺陷,無障礙物,無遮蔽物,良好,無號誌,無號誌,中央分向島,寬式(50公分以上),車道線(無標記),未繪設快慢車道分隔線,有,車與車,同向擦撞,其他,開啟或關閉車門不當,死亡1;受傷0,1,小客車(含客、貨兩用),自用,女,30,繫安全帶(使用幼童安全椅),未使用,車的狀態,靜止(引擎熄火),汽車,左前車頭(身),,,其他,開啟或關閉車門不當,否,121.221835,24.989465
2024,5,20240507,141000,A1,桃園市政府警察局,桃園市中壢區新生路三段111號前0.0公尺,晴,有照明未開啟或故障,市區道路,50,單路部分,直路,路段,一般車道(未劃分快慢車道),柏油,乾燥,無缺陷,無障礙物,無遮蔽物,良好,無號誌,無號誌,中央分向島,寬式(50公分以上),車道線(無標記),未繪設快慢車道分隔線,有,車與車,同向擦撞,其他,開啟或關閉車門不當,死亡1;受傷0,2,慢車,微型電動二輪車,男,16,戴半罩式安全帽,不明,車的狀態,向前直行中,其他,不明,,,無(車輛駕駛者因素),尚未發現肇事因素,否,121.221835,24.989465
2024,5,20240507,141000,A1,桃園市政府警察局,桃園市中壢區新生路三段111號前0.0公尺,晴,有照明未開啟或故障,市區道路,50,單路部分,直路,路段,一般車道(未劃分快慢車道),柏油,乾燥,無缺陷,無障礙物,無遮蔽物,良好,無號誌,無號誌,中央分向島,寬式(50公分以上),車道線(無標記),未繪設快慢車道分隔線,有,車與車,同向擦撞,其他,開啟或關閉車門不當,死亡1;受傷0,3,大客車,民營公車,男,66,繫安全帶(使用幼童安全椅),未使用,車的狀態,向前直行中,汽車,右前車頭(身),,,無(車輛駕駛者因素),尚未發現肇事因素,否,121.221835,24.989465
2024,5,20240508,013127,A1,桃園市政府警察局,桃園市楊梅區中山南路879之1號前0.0公尺附近,晴,有照明且開啟,市區道路,60,單路部分,直路,路段,機車優先道,柏油,乾燥,無缺陷,無障礙物,無遮蔽物,良好,無號誌,無號誌,中央分向島,寬式(50公分以上),車道線(無標記),快慢車道分隔線,有,車與車,追撞,駕駛者,恍神、緊張、心不在焉分心駕駛,死亡1;受傷1,1,小客車(含客、貨兩用),自用,男,32,未戴安全帽或未繫安全帶(未使用幼童安全椅),未使用,車的狀態,向前直行中,汽車,前車頭,,,駕駛者,恍神、緊張、心不在焉分心駕駛,否,121.119929,24.899889
2024,5,20240508,013127,A1,桃園市政府警察局,桃園市楊梅區中山南路879之1號前0.0公尺附近,晴,有照明且開啟,市區道路,60,單路部分,直路,路段,機車優先道,柏油,乾燥,無缺陷,無障礙物,無遮蔽物,良好,無號誌,無號誌,中央分向島,寬式(50公分以上),車道線(無標記),快慢車道分隔線,有,車與車,追撞,駕駛者,恍神、緊張、心不在焉分心駕駛,死亡1;受傷1,2,機車,普通重型,男,28,戴半罩式安全帽,未使用,車的狀態,向前直行中,機車與自行車,後車尾,,,無(車輛駕駛者因素),尚未發現肇事因素,否,121.119929,24.899889
2024,5,20240508,013127,A1,桃園市政府警察局,桃園市楊梅區中山南路879之1號前0.0公尺附近,晴,有照明且開啟,市區道路,60,單路部分,直路,路段,機車優先道,柏油,乾燥,無缺陷,無障礙物,無遮蔽物,良好,無號誌,無號誌,中央分向島,寬式(50公分以上),車道線(無標記),快慢車道分隔線,有,車與車,追撞,駕駛者,恍神、緊張、心不在焉分心駕駛,死亡1;受傷1,3,人,乘客,女,27,戴半罩式安全帽,非駕駛人,人的狀態,其他,其他,非汽、機及自行車,,,無(非車輛駕駛人因素),尚未發現肇事因素,否,121.119929,24.899889
2024,5,20240512,230100,A1,桃園市政府警察局,桃園市桃園區力行路45號前0.0公尺,雨,有照明且開啟,市區道路,50,單路部分,直路,路段,一般車道(未劃分快慢車道),柏油,濕潤,無缺陷,無障礙物,無遮蔽物,良好,無號誌,無號誌,雙向禁止超車線,無標記,未繪設車道線,未繪設快慢車道分隔線,有,人與車,穿越道路中,非駕駛者,未依標誌或標線穿越道路,死亡1;受傷0,1,人,行人,男,73,其他(無需使用保護裝備之人),非駕駛人,人的狀態,步行,其他,非汽、機及自行車,,,非駕駛者,未依標誌或標線穿越道路,否,121.304175,25.002707
2024,5,20240512,230100,A1,桃園市政府警察局,桃園市桃園區力行路45號前0.0公尺,雨,有照明且開啟,市區道路,50,單路部分,直路,路段,一般車道(未劃分快慢車道),柏油,濕潤,無缺陷,無障礙物,無遮蔽物,良好,無號誌,無號誌,雙向禁止超車線,無標記,未繪設車道線,未繪設快慢車道分隔線,有,人與車,穿越道路中,非駕駛者,未依標誌或標線穿越道路,死亡1;受傷0,2,小客車(含客、貨兩用),租賃車,男,32,繫安全帶(使用幼童安全椅),未使用,車的狀態,向前直行中,汽車,前車頭,,,駕駛者,恍神、緊張、心不在焉分心駕駛,否,121.304175,25.002707
2024,5,20240516,120200,A1,桃園市政府警察局,桃園市楊梅區上湖一路口 / 桃園市楊梅區楊湖路三段口,晴,有照明且開啟,市區道路,30,交岔路,四岔路,交叉路口,交叉路口內,柏油,乾燥,無缺陷,無障礙物,無遮蔽物,良好,無號誌,無號誌,無,無分向設施,未繪設車道線,未繪設快慢車道分隔線,無,車與車,路口交岔撞,駕駛者,無號誌路口，支線道未讓幹線道先行,死亡1;受傷0,1,機車,普通重型,男,22,戴半罩式安全帽,未使用,車的狀態,向前直行中,機車與自行車,前車頭,機車與自行車,前車頭,駕駛者,無號誌路口，支線道未讓幹線道先行,否,121.093524,24.911547
2024,5,20240516,120200,A1,桃園市政府警察局,桃園市楊梅區上湖一路口 / 桃園市楊梅區楊湖路三段口,晴,有照明且開啟,市區道路,30,交岔路,四岔路,交叉路口,交叉路口內,柏油,乾燥,無缺陷,無障礙物,無遮蔽物,良好,無號誌,無號誌,無,無分向設施,未繪設車道線,未繪設快慢車道分隔線,無,車與車,路口交岔撞,駕駛者,無號誌路口，支線道未讓幹線道先行,死亡1;受傷0,2,大貨車,營業用,男,52,繫安全帶(使用幼童安全椅),未使用,車的狀態,向前直行中,汽車,前車頭,汽車,前車頭,駕駛者,未依規定減速,否,121.093524,24.911547
2024,5,20240517,175528,A1,桃園市政府警察局,桃園市平鎮區中興路平鎮段附近 / 桃園市平鎮區中庸路一段附近,晴,有照明未開啟或故障,市區道路,50,單路部分,直路,路段,一般車道(未劃分快慢車道),柏油,乾燥,無缺陷,無障礙物,無遮蔽物,良好,無號誌,無號誌,無,無分向設施,車道線(無標記),未繪設快慢車道分隔線,有,車與車,同向擦撞,駕駛者,變換車道不當,死亡1;受傷0,1,機車,普通重型,男,72,戴半罩式安全帽,未使用,車的狀態,向左變換車道,機車與自行車,左側車身,,,駕駛者,變換車道不當,否,121.188914,24.906875
2024,5,20240517,175528,A1,桃園市政府警察局,桃園市平鎮區中興路平鎮段附近 / 桃園市平鎮區中庸路一段附近,晴,有照明未開啟或故障,市區道路,50,單路部分,直路,路段,一般車道(未劃分快慢車道),柏油,乾燥,無缺陷,無障礙物,無遮蔽物,良好,無號誌,無號誌,無,無分向設施,車道線(無標記),未繪設快慢車道分隔線,有,車與車,同向擦撞,駕駛者,變換車道不當,死亡1;受傷0,2,半聯結車,營業用,男,35,繫安全帶(使用幼童安全椅),未使用,車的狀態,向前直行中,汽車,右前車頭(身),,,其他,其他不當駕車行為,是,121.188914,24.906875
2024,5,20240518,061300,A1,桃園市政府警察局,桃園市龜山區宏慶街口 / 桃園市龜山區宏慶街口,晴,有照明且開啟,市區道路,50,交岔路,四岔路,交叉路口,交叉路口內,柏油,乾燥,無缺陷,無障礙物,無遮蔽物,良好,無號誌,無號誌,無,無分向設施,未繪設車道線,未繪設快慢車道分隔線,無,車與車,路口交岔撞,駕駛者,無號誌路口，左方車未讓右方車先行,死亡1;受傷0,1,小客車(含客、貨兩用),自用,男,51,繫安全帶(使用幼童安全椅),未使用,車的狀態,向前直行中,汽車,右前車頭(身),,,駕駛者,無號誌路口，左方車未讓右方車先行,否,121.410158,25.018648
2024,5,20240518,061300,A1,桃園市政府警察局,桃園市龜山區宏慶街口 / 桃園市龜山區宏慶街口,晴,有照明且開啟,市區道路,50,交岔路,四岔路,交叉路口,交叉路口內,柏油,乾燥,無缺陷,無障礙物,無遮蔽物,良好,無號誌,無號誌,無,無分向設施,未繪設車道線,未繪設快慢車道分隔線,無,車與車,路口交岔撞,駕駛者,無號誌路口，左方車未讓右方車先行,死亡1;受傷0,2,機車,普通重型,男,43,戴半罩式安全帽,未使用,車的狀態,向前直行中,機車與自行車,前車頭,,,駕駛者,未依規定減速,否,121.410158,25.018648
2024,5,20240522,182200,A1,桃園市政府警察局,桃園市蘆竹區中興路口 / 桃園市蘆竹區中興路口,晴,有照明未開啟或故障,市區道路,50,交岔路,四岔路,交叉路口,交叉路口內,柏油,乾燥,無缺陷,無障礙物,無遮蔽物,良好,行車管制號誌(附設行人專用號誌),正常,無,無分向設施,未繪設車道線,未繪設快慢車道分隔線,無,車與車,追撞,駕駛者,酒醉(後)駕駛,死亡1;受傷0,1,小客車(含客、貨兩用),自用,男,40,繫安全帶(使用幼童安全椅),未使用,車的狀態,向前直行中,汽車,前車頭,,,駕駛者,酒醉(後)駕駛,否,121.251681,25.008554
2024,5,20240522,182200,A1,桃園市政府警察局,桃園市蘆竹區中興路口 / 桃園市蘆竹區中興路口,晴,有照明未開啟或故障,市區道路,50,交岔路,四岔路,交叉路口,交叉路口內,柏油,乾燥,無缺陷,無障礙物,無遮蔽物,良好,行車管制號誌(附設行人專用號誌),正常,無,無分向設施,未繪設車道線,未繪設快慢車道分隔線,無,車與車,追撞,駕駛者,酒醉(後)駕駛,死亡1;受傷0,2,機車,普通重型,女,65,戴半罩式安全帽,未使用,車的狀態,向前直行中,機車與自行車,後車尾,,,無(車輛駕駛者因素),尚未發現肇事因素,否,121.251681,25.008554
2024,5,20240523,122223,A1,桃園市政府警察局,桃園市龍潭區福龍路三段口 / 桃園市龍潭區福龍路三段口,陰,無照明,村里道路,50,交岔路,三岔路,交叉路口,交叉路口內,柏油,乾燥,無缺陷,無障礙物,無遮蔽物,良好,行車管制號誌,正常,無,無分向設施,未繪設車道線,未繪設快慢車道分隔線,無,車輛本身,撞護欄(樁),駕駛者,恍神、緊張、心不在焉分心駕駛,死亡1;受傷0,1,機車,普通重型,女,19,戴非半罩式安全帽,未使用,車的狀態,向前直行中,機車與自行車,前車頭,,,駕駛者,恍神、緊張、心不在焉分心駕駛,否,121.219221,24.879939
2024,5,20240523,122223,A1,桃園市政府警察局,桃園市龍潭區福龍路三段口 / 桃園市龍潭區福龍路三段口,陰,無照明,村里道路,50,交岔路,三岔路,交叉路口,交叉路口內,柏油,乾燥,無缺陷,無障礙物,無遮蔽物,良好,行車管制號誌,正常,無,無分向設施,未繪設車道線,未繪設快慢車道分隔線,無,車輛本身,撞護欄(樁),駕駛者,恍神、緊張、心不在焉分心駕駛,死亡1;受傷0,2,,,無或物(動物、堆置物),-1,,,,,,,,,無(非車輛駕駛人因素),尚未發現肇事因素,否,121.219221,24.879939
2024,5,20240527,171000,A1,桃園市政府警察局,桃園市新屋區笨港里台61線下平面道路口 / 桃園市新屋區笨港里文學路口,陰,無照明,鄉道,50,交岔路,多岔路,路段,一般車道(未劃分快慢車道),柏油,乾燥,無缺陷,無障礙物,無遮蔽物,良好,行車管制號誌,正常,無,無分向設施,未繪設車道線,未繪設快慢車道分隔線,無,車與車,側撞,駕駛者,左轉彎未依規定,死亡1;受傷0,1,機車,普通重型,女,62,戴非半罩式安全帽,未使用,車的狀態,左轉彎,機車與自行車,後車尾,,,駕駛者,左轉彎未依規定,否,121.017245,24.973522
2024,5,20240527,171000,A1,桃園市政府警察局,桃園市新屋區笨港里台61線下平面道路口 / 桃園市新屋區笨港里文學路口,陰,無照明,鄉道,50,交岔路,多岔路,路段,一般車道(未劃分快慢車道),柏油,乾燥,無缺陷,無障礙物,無遮蔽物,良好,行車管制號誌,正常,無,無分向設施,未繪設車道線,未繪設快慢車道分隔線,無,車與車,側撞,駕駛者,左轉彎未依規定,死亡1;受傷0,2,小貨車(含客、貨兩用),營業用,男,23,繫安全帶(使用幼童安全椅),未使用,車的狀態,向前直行中,汽車,前車頭,,,駕駛者,未依規定減速,否,121.017245,24.973522
2024,5,20240531,083700,A1,桃園市政府警察局,桃園市蘆竹區南青路口 / 桃園市蘆竹區富華路二段口,晴,有照明未開啟或故障,市區道路,60,交岔路,四岔路,交叉路口,交叉路口內,柏油,乾燥,無缺陷,無障礙物,無遮蔽物,良好,行車管制號誌(附設行人專用號誌),正常,無,無分向設施,未繪設車道線,未繪設快慢車道分隔線,無,車與車,側撞,駕駛者,違反禁止左轉、右轉標誌,死亡1;受傷0,1,大貨車,營業用,男,30,繫安全帶(使用幼童安全椅),未使用,車的狀態,右轉彎,汽車,右側車身,,,駕駛者,違反禁止左轉、右轉標誌,否,121.256738,25.050859
2024,5,20240531,083700,A1,桃園市政府警察局,桃園市蘆竹區南青路口 / 桃園市蘆竹區富華路二段口,晴,有照明未開啟或故障,市區道路,60,交岔路,四岔路,交叉路口,交叉路口內,柏油,乾燥,無缺陷,無障礙物,無遮蔽物,良好,行車管制號誌(附設行人專用號誌),正常,無,無分向設施,未繪設車道線,未繪設快慢車道分隔線,無,車與車,側撞,駕駛者,違反禁止左轉、右轉標誌,死亡1;受傷0,2,機車,大型重型2(250-550C.C.),男,20,戴非半罩式安全帽,未使用,車的狀態,向前直行中,機車與自行車,前車頭,,,駕駛者,超速駕駛,否,121.256738,25.050859
2024,6,20240607,113000,A1,桃園市政府警察局,桃園市楊梅區楊湖路一段676巷550弄1號前0.0公尺附近,陰,有照明未開啟或故障,市區道路,30,交岔路,三岔路,交叉路口,交叉口附近,柏油,乾燥,無缺陷,無障礙物,無遮蔽物,良好,無號誌,無號誌,無,無分向設施,未繪設車道線,未繪設快慢車道分隔線,無,車輛本身,撞橋樑(橋墩),駕駛者,恍神、緊張、心不在焉分心駕駛,死亡1;受傷0,1,機車,普通重型,男,79,不明,不明,車的狀態,其他,其他,不明,,,駕駛者,恍神、緊張、心不在焉分心駕駛,否,121.108629,24.915965
2024,6,20240607,113000,A1,桃園市政府警察局,桃園市楊梅區楊湖路一段676巷550弄1號前0.0公尺附近,陰,有照明未開啟或故障,市區道路,30,交岔路,三岔路,交叉路口,交叉口附近,柏油,乾燥,無缺陷,無障礙物,無遮蔽物,良好,無號誌,無號誌,無,無分向設施,未繪設車道線,未繪設快慢車道分隔線,無,車輛本身,撞橋樑(橋墩),駕駛者,恍神、緊張、心不在焉分心駕駛,死亡1;受傷0,2,,,無或物(動物、堆置物),-1,,,,,,,,,無(非車輛駕駛人因素),尚未發現肇事因素,否,121.108629,24.915965
2024,6,20240608,003400,A1,桃園市政府警察局,桃園市大園區三民路二段110號前0.0公尺,晴,有照明且開啟,市區道路,50,交岔路,四岔路,交叉路口,交叉路口內,柏油,乾燥,無缺陷,無障礙物,無遮蔽物,良好,行車管制號誌,正常,無,無分向設施,未繪設車道線,未繪設快慢車道分隔線,無,人與車,穿越道路中,非駕駛者,未依號誌或手勢指揮(示)穿越道路,死亡1;受傷0,1,人,行人,女,36,其他(無需使用保護裝備之人),非駕駛人,人的狀態,其他,其他,非汽、機及自行車,,,非駕駛者,未依號誌或手勢指揮(示)穿越道路,否,121.254460,25.086720
2024,6,20240608,003400,A1,桃園市政府警察局,桃園市大園區三民路二段110號前0.0公尺,晴,有照明且開啟,市區道路,50,交岔路,四岔路,交叉路口,交叉路口內,柏油,乾燥,無缺陷,無障礙物,無遮蔽物,良好,行車管制號誌,正常,無,無分向設施,未繪設車道線,未繪設快慢車道分隔線,無,人與車,穿越道路中,非駕駛者,未依號誌或手勢指揮(示)穿越道路,死亡1;受傷0,2,小客車(含客、貨兩用),租賃車,男,55,繫安全帶(使用幼童安全椅),未使用,車的狀態,向前直行中,汽車,前車頭,,,駕駛者,超速駕駛,否,121.254460,25.086720
2024,6,20240608,015700,A1,桃園市政府警察局,桃園市中壢區新生路三段26之1號前0.0公尺,晴,有照明且開啟,市區道路,50,單路部分,直路,路段,一般車道(未劃分快慢車道),柏油,乾燥,無缺陷,無障礙物,無遮蔽物,良好,無號誌,無號誌,中央分向島,寬式(50公分以上),車道線(無標記),未繪設快慢車道分隔線,有,車輛本身,撞電桿,駕駛者,恍神、緊張、心不在焉分心駕駛,死亡1;受傷0,1,機車,普通重型,男,39,戴非半罩式安全帽,不明,車的狀態,向前直行中,機車與自行車,前車頭,,,駕駛者,恍神、緊張、心不在焉分心駕駛,否,121.222133,24.987725
2024,6,20240608,015700,A1,桃園市政府警察局,桃園市中壢區新生路三段26之1號前0.0公尺,晴,有照明且開啟,市區道路,50,單路部分,直路,路段,一般車道(未劃分快慢車道),柏油,乾燥,無缺陷,無障礙物,無遮蔽物,良好,無號誌,無號誌,中央分向島,寬式(50公分以上),車道線(無標記),未繪設快慢車道分隔線,有,車輛本身,撞電桿,駕駛者,恍神、緊張、心不在焉分心駕駛,死亡1;受傷0,2,,,無或物(動物、堆置物),-1,,,,,,,,,無(非車輛駕駛人因素),尚未發現肇事因素,否,121.222133,24.987725
2024,6,20240608,015700,A1,桃園市政府警察局,桃園市中壢區新生路三段26之1號前0.0公尺,晴,有照明且開啟,市區道路,50,單路部分,直路,路段,一般車道(未劃分快慢車道),柏油,乾燥,無缺陷,無障礙物,無遮蔽物,良好,無號誌,無號誌,中央分向島,寬式(50公分以上),車道線(無標記),未繪設快慢車道分隔線,有,車輛本身,撞電桿,駕駛者,恍神、緊張、心不在焉分心駕駛,死亡1;受傷0,3,小客車(含客、貨兩用),自用,男,23,繫安全帶(使用幼童安全椅),未使用,車的狀態,向前直行中,汽車,右側車身,,,無(車輛駕駛者因素),尚未發現肇事因素,否,121.222133,24.987725
2024,6,20240608,130253,A1,桃園市政府警察局,桃園市中壢區月眉路三段207號前0.0公尺附近,晴,有照明未開啟或故障,市區道路,50,單路部分,直路,路段,一般車道(未劃分快慢車道),柏油,乾燥,無缺陷,無障礙物,無遮蔽物,良好,無號誌,無號誌,行車分向線,無標記,未繪設車道線,未繪設快慢車道分隔線,有,人與車,穿越道路中,其他,其他不當駕車行為,死亡1;受傷0,1,機車,普通重型,男,20,戴半罩式安全帽,未使用,車的狀態,向前直行中,機車與自行車,前車頭,,,其他,其他不當駕車行為,否,121.184694,25.015352
2024,6,20240608,130253,A1,桃園市政府警察局,桃園市中壢區月眉路三段207號前0.0公尺附近,晴,有照明未開啟或故障,市區道路,50,單路部分,直路,路段,一般車道(未劃分快慢車道),柏油,乾燥,無缺陷,無障礙物,無遮蔽物,良好,無號誌,無號誌,行車分向線,無標記,未繪設車道線,未繪設快慢車道分隔線,有,人與車,穿越道路中,其他,其他不當駕車行為,死亡1;受傷0,2,人,行人,女,50,其他(無需使用保護裝備之人),非駕駛人,人的狀態,步行,其他,非汽、機及自行車,,,非駕駛者,穿越道路未注意左右來車,否,121.184694,25.015352
2024,6,20240611,081500,A1,桃園市政府警察局,桃園市中壢區中山東路二段471號前0.0公尺,晴,有照明未開啟或故障,村里道路,50,單路部分,直路,路段,一般車道(未劃分快慢車道),柏油,乾燥,無缺陷,無障礙物,無遮蔽物,良好,無號誌,無號誌,中央分向島,寬式(50公分以上),車道線(無標記),未繪設快慢車道分隔線,有,人與車,同向通行中,駕駛者,起步時未注意安全,死亡1;受傷0,1,大貨車,自用,男,42,繫安全帶(使用幼童安全椅),未使用,車的狀態,起步,汽車,左前車頭(身),汽車,車底,駕駛者,起步時未注意安全,否,121.245129,24.947673
2024,6,20240611,081500,A1,桃園市政府警察局,桃園市中壢區中山東路二段471號前0.0公尺,晴,有照明未開啟或故障,村里道路,50,單路部分,直路,路段,一般車道(未劃分快慢車道),柏油,乾燥,無缺陷,無障礙物,無遮蔽物,良好,無號誌,無號誌,中央分向島,寬式(50公分以上),車道線(無標記),未繪設快慢車道分隔線,有,人與車,同向通行中,駕駛者,起步時未注意安全,死亡1;受傷0,2,人,行人,女,87,其他(無需使用保護裝備之人),非駕駛人,人的狀態,步行,其他,非汽、機及自行車,,,非駕駛者,其他引起事故之疏失或行為,否,121.245129,24.947673
2024,6,20240612,232000,A1,桃園市政府警察局,桃園市八德區介壽路二段457號前0.0公尺,晴,有照明且開啟,市區道路,50,單路部分,直路,路段,一般車道(未劃分快慢車道),柏油,乾燥,無缺陷,無障礙物,無遮蔽物,良好,無號誌,無號誌,雙向禁止超車線,無標記,車道線(無標記),未繪設快慢車道分隔線,有,車與車,追撞,駕駛者,恍神、緊張、心不在焉分心駕駛,死亡1;受傷0,1,機車,普通重型,男,50,戴半罩式安全帽,不明,車的狀態,向前直行中,機車與自行車,前車頭,,,駕駛者,恍神、緊張、心不在焉分心駕駛,否,121.297332,24.945641
2024,6,20240612,232000,A1,桃園市政府警察局,桃園市八德區介壽路二段457號前0.0公尺,晴,有照明且開啟,市區道路,50,單路部分,直路,路段,一般車道(未劃分快慢車道),柏油,乾燥,無缺陷,無障礙物,無遮蔽物,良好,無號誌,無號誌,雙向禁止超車線,無標記,車道線(無標記),未繪設快慢車道分隔線,有,車與車,追撞,駕駛者,恍神、緊張、心不在焉分心駕駛,死亡1;受傷0,2,小貨車,營業用,男,24,不明,未使用,車的狀態,等待(引擎未熄火),汽車,後車尾,,,其他,違規(臨時)停車,否,121.297332,24.945641
2024,6,20240615,144500,A1,桃園市政府警察局,桃園市新屋區民有二路二段新屋區路燈桿0502416,晴,有照明未開啟或故障,市區道路,50,單路部分,直路,路段,路肩、路緣,柏油,乾燥,無缺陷,無障礙物,無遮蔽物,良好,無號誌,無號誌,行車分向線,無標記,未繪設車道線,未繪設快慢車道分隔線,有,車輛本身,衝出路外,駕駛者,恍神、緊張、心不在焉分心駕駛,死亡1;受傷0,1,機車,普通重型,男,61,戴非半罩式安全帽,未使用,車的狀態,向前直行中,機車與自行車,前車頭,,,駕駛者,恍神、緊張、心不在焉分心駕駛,否,121.036762,24.962876
2024,6,20240615,144500,A1,桃園市政府警察局,桃園市新屋區民有二路二段新屋區路燈桿0502416,晴,有照明未開啟或故障,市區道路,50,單路部分,直路,路段,路肩、路緣,柏油,乾燥,無缺陷,無障礙物,無遮蔽物,良好,無號誌,無號誌,行車分向線,無標記,未繪設車道線,未繪設快慢車道分隔線,有,車輛本身,衝出路外,駕駛者,恍神、緊張、心不在焉分心駕駛,死亡1;受傷0,2,,,無或物(動物、堆置物),-1,,,,,,,,,無(非車輛駕駛人因素),尚未發現肇事因素,否,121.036762,24.962876
2024,6,20240621,064414,A1,桃園市政府警察局,桃園市大園區中正東路一段687號前0.0公尺,晴,有照明未開啟或故障,市區道路,50,單路部分,直路,路段,一般車道(未劃分快慢車道),柏油,乾燥,無缺陷,無障礙物,無遮蔽物,良好,無號誌,無號誌,雙向禁止超車線,無標記,車道線(無標記),未繪設快慢車道分隔線,有,車與車,側撞,駕駛者,迴轉未依規定,死亡1;受傷1,1,小客車(含客、貨兩用),自用,男,47,繫安全帶(使用幼童安全椅),未使用,車的狀態,迴轉或橫越道路中,汽車,左側車身,,,駕駛者,迴轉未依規定,否,121.228972,25.038921
2024,6,20240621,064414,A1,桃園市政府警察局,桃園市大園區中正東路一段687號前0.0公尺,晴,有照明未開啟或故障,市區道路,50,單路部分,直路,路段,一般車道(未劃分快慢車道),柏油,乾燥,無缺陷,無障礙物,無遮蔽物,良好,無號誌,無號誌,雙向禁止超車線,無標記,車道線(無標記),未繪設快慢車道分隔線,有,車與車,側撞,駕駛者,迴轉未依規定,死亡1;受傷1,2,機車,大型重型2(250-550C.C.),男,22,戴半罩式安全帽,未使用,車的狀態,向前直行中,機車與自行車,前車頭,,,駕駛者,超速駕駛,否,121.228972,25.038921
2024,6,20240625,080000,A1,桃園市政府警察局,桃園市中壢區崁頂路790號前0.0公尺,晴,有照明未開啟或故障,市區道路,50,單路部分,直路,路段,一般車道(未劃分快慢車道),柏油,乾燥,無缺陷,無障礙物,無遮蔽物,良好,無號誌,無號誌,雙向禁止超車線,無標記,車道線(無標記),未繪設快慢車道分隔線,無,車與車,追撞,駕駛者,變換車道不當,死亡1;受傷0,1,慢車,腳踏自行車,女,48,其他(無需使用保護裝備之人),未使用,車的狀態,向左變換車道,機車與自行車,後車尾,機車與自行車,後車尾,駕駛者,變換車道不當,否,121.265732,24.946333
2024,6,20240625,080000,A1,桃園市政府警察局,桃園市中壢區崁頂路790號前0.0公尺,晴,有照明未開啟或故障,市區道路,50,單路部分,直路,路段,一般車道(未劃分快慢車道),柏油,乾燥,無缺陷,無障礙物,無遮蔽物,良好,無號誌,無號誌,雙向禁止超車線,無標記,車道線(無標記),未繪設快慢車道分隔線,無,車與車,追撞,駕駛者,變換車道不當,死亡1;受傷0,2,小客車(含客、貨兩用),自用,男,53,繫安全帶(使用幼童安全椅),未使用,車的狀態,向前直行中,汽車,右前車頭(身),汽車,右前車頭(身),駕駛者,恍神、緊張、心不在焉分心駕駛,否,121.265732,24.946333
2024,6,20240625,081951,A1,桃園市政府警察局,桃園市復興區丸山26號附近產業道路,晴,無照明,其他,30,單路部分,彎曲路及附近,其他,其他,水泥,泥濘,突出(高低)不平,無障礙物,無遮蔽物,良好,無號誌,無號誌,無,無分向設施,未繪設車道線,未繪設快慢車道分隔線,無,車輛本身,撞護欄(樁),其他,車輛或機械操作不當(慎),死亡1;受傷0,1,小客車(含客、貨兩用),自用,男,86,未戴安全帽或未繫安全帶(未使用幼童安全椅),不明,車的狀態,向前直行中,汽車,前車頭,,,其他,車輛或機械操作不當(慎),否,121.340953,24.832800
2024,6,20240625,081951,A1,桃園市政府警察局,桃園市復興區丸山26號附近產業道路,晴,無照明,其他,30,單路部分,彎曲路及附近,其他,其他,水泥,泥濘,突出(高低)不平,無障礙物,無遮蔽物,良好,無號誌,無號誌,無,無分向設施,未繪設車道線,未繪設快慢車道分隔線,無,車輛本身,撞護欄(樁),其他,車輛或機械操作不當(慎),死亡1;受傷0,2,,,無或物(動物、堆置物),-1,,,,,,,,,無(非車輛駕駛人因素),尚未發現肇事因素,否,121.340953,24.832800
2024,6,20240625,102445,A1,桃園市政府警察局,桃園市龜山區大同路東側 / 桃園市龜山區大棟山路附近,晴,有照明未開啟或故障,村里道路,30,交岔路,三岔路,交叉路口,交叉路口內,柏油,乾燥,無缺陷,無障礙物,無遮蔽物,良好,無號誌,無號誌,無,無分向設施,未繪設車道線,未繪設快慢車道分隔線,無,車與車,側撞,駕駛者,恍神、緊張、心不在焉分心駕駛,死亡1;受傷1,1,小貨車,自用,男,72,繫安全帶(使用幼童安全椅),未使用,車的狀態,左轉彎,汽車,前車頭,,,駕駛者,恍神、緊張、心不在焉分心駕駛,否,121.368821,24.989483
2024,6,20240625,102445,A1,桃園市政府警察局,桃園市龜山區大同路東側 / 桃園市龜山區大棟山路附近,晴,有照明未開啟或故障,村里道路,30,交岔路,三岔路,交叉路口,交叉路口內,柏油,乾燥,無缺陷,無障礙物,無遮蔽物,良好,無號誌,無號誌,無,無分向設施,未繪設車道線,未繪設快慢車道分隔線,無,車與車,側撞,駕駛者,恍神、緊張、心不在焉分心駕駛,死亡1;受傷1,2,機車,普通重型,男,68,戴非半罩式安全帽,未使用,車的狀態,左轉彎,機車與自行車,前車頭,,,駕駛者,恍神、緊張、心不在焉分心駕駛,否,121.368821,24.989483
2024,6,20240625,132500,A1,桃園市政府警察局,桃園市桃園區文中三路附近 / 桃園市桃園區正光二街附近,晴,有照明未開啟或故障,市區道路,40,交岔路,三岔路,交叉路口,交叉路口內,柏油,乾燥,無缺陷,無障礙物,無遮蔽物,良好,無號誌,無號誌,無,無分向設施,未繪設車道線,未繪設快慢車道分隔線,無,車與車,側撞,駕駛者,酒醉(後)駕駛,死亡1;受傷3,1,機車,普通重型,男,30,戴非半罩式安全帽,不明,車的狀態,左轉彎,機車與自行車,左側車身,,,駕駛者,酒醉(後)駕駛,否,121.288725,24.999959
2024,6,20240625,132500,A1,桃園市政府警察局,桃園市桃園區文中三路附近 / 桃園市桃園區正光二街附近,晴,有照明未開啟或故障,市區道路,40,交岔路,三岔路,交叉路口,交叉路口內,柏油,乾燥,無缺陷,無障礙物,無遮蔽物,良好,無號誌,無號誌,無,無分向設施,未繪設車道線,未繪設快慢車道分隔線,無,車與車,側撞,駕駛者,酒醉(後)駕駛,死亡1;受傷3,2,機車,普通重型,女,68,戴非半罩式安全帽,不明,車的狀態,向前直行中,機車與自行車,前車頭,,,駕駛者,未依規定減速,否,121.288725,24.999959
2024,6,20240625,132500,A1,桃園市政府警察局,桃園市桃園區文中三路附近 / 桃園市桃園區正光二街附近,晴,有照明未開啟或故障,市區道路,40,交岔路,三岔路,交叉路口,交叉路口內,柏油,乾燥,無缺陷,無障礙物,無遮蔽物,良好,無號誌,無號誌,無,無分向設施,未繪設車道線,未繪設快慢車道分隔線,無,車與車,側撞,駕駛者,酒醉(後)駕駛,死亡1;受傷3,3,人,乘客,男,5,戴非半罩式安全帽,非駕駛人,人的狀態,其他,其他,非汽、機及自行車,,,無(非車輛駕駛人因素),尚未發現肇事因素,否,121.288725,24.999959
2024,6,20240625,132500,A1,桃園市政府警察局,桃園市桃園區文中三路附近 / 桃園市桃園區正光二街附近,晴,有照明未開啟或故障,市區道路,40,交岔路,三岔路,交叉路口,交叉路口內,柏油,乾燥,無缺陷,無障礙物,無遮蔽物,良好,無號誌,無號誌,無,無分向設施,未繪設車道線,未繪設快慢車道分隔線,無,車與車,側撞,駕駛者,酒醉(後)駕駛,死亡1;受傷3,4,人,乘客,女,4,戴非半罩式安全帽,非駕駛人,人的狀態,其他,其他,非汽、機及自行車,,,無(非車輛駕駛人因素),尚未發現肇事因素,否,121.288725,24.999959
2024,6,20240625,221900,A1,桃園市政府警察局,桃園市中壢區南園二路39號前0.0公尺附近,陰,有照明且開啟,市區道路,50,單路部分,直路,路段,一般車道(未劃分快慢車道),柏油,濕潤,無缺陷,無障礙物,無遮蔽物,良好,無號誌,無號誌,雙向禁止超車線,無標記,車道線(無標記),未繪設快慢車道分隔線,有,人與車,穿越道路中,非駕駛者,未依規定行走地下道、天橋穿越道路,死亡1;受傷1,1,人,行人,男,52,其他(無需使用保護裝備之人),非駕駛人,人的狀態,步行,其他,非汽、機及自行車,,,非駕駛者,未依規定行走地下道、天橋穿越道路,否,121.234957,24.971676
2024,6,20240625,221900,A1,桃園市政府警察局,桃園市中壢區南園二路39號前0.0公尺附近,陰,有照明且開啟,市區道路,50,單路部分,直路,路段,一般車道(未劃分快慢車道),柏油,濕潤,無缺陷,無障礙物,無遮蔽物,良好,無號誌,無號誌,雙向禁止超車線,無標記,車道線(無標記),未繪設快慢車道分隔線,有,人與車,穿越道路中,非駕駛者,未依規定行走地下道、天橋穿越道路,死亡1;受傷1,2,小客車(含客、貨兩用),自用,男,23,繫安全帶(使用幼童安全椅),未使用,車的狀態,向前直行中,汽車,前車頭,,,駕駛者,恍神、緊張、心不在焉分心駕駛,否,121.234957,24.971676
2024,6,20240626,082900,A1,桃園市政府警察局,桃園市龜山區忠義路一段口 / 桃園市龜山區光華路一段口,晴,無照明,市區道路,40,交岔路,三岔路,交叉路口,交叉口附近,柏油,乾燥,無缺陷,無障礙物,無遮蔽物,良好,行車管制號誌,正常,中央分向島,寬式(50公分以上),禁止變換車道線(無標記),寬式快慢車道分隔島(50公分以上),有,車輛本身,撞號誌、標誌桿,駕駛者,恍神、緊張、心不在焉分心駕駛,死亡1;受傷1,1,機車,普通重型,男,21,戴非半罩式安全帽,未使用,車的狀態,向前直行中,機車與自行車,前車頭,,,駕駛者,恍神、緊張、心不在焉分心駕駛,否,121.347040,25.011732
2024,6,20240626,082900,A1,桃園市政府警察局,桃園市龜山區忠義路一段口 / 桃園市龜山區光華路一段口,晴,無照明,市區道路,40,交岔路,三岔路,交叉路口,交叉口附近,柏油,乾燥,無缺陷,無障礙物,無遮蔽物,良好,行車管制號誌,正常,中央分向島,寬式(50公分以上),禁止變換車道線(無標記),寬式快慢車道分隔島(50公分以上),有,車輛本身,撞號誌、標誌桿,駕駛者,恍神、緊張、心不在焉分心駕駛,死亡1;受傷1,2,,,無或物(動物、堆置物),-1,,,,,,,,,無(非車輛駕駛人因素),尚未發現肇事因素,否,121.347040,25.011732
2024,6,20240626,082900,A1,桃園市政府警察局,桃園市龜山區忠義路一段口 / 桃園市龜山區光華路一段口,晴,無照明,市區道路,40,交岔路,三岔路,交叉路口,交叉口附近,柏油,乾燥,無缺陷,無障礙物,無遮蔽物,良好,行車管制號誌,正常,中央分向島,寬式(50公分以上),禁止變換車道線(無標記),寬式快慢車道分隔島(50公分以上),有,車輛本身,撞號誌、標誌桿,駕駛者,恍神、緊張、心不在焉分心駕駛,死亡1;受傷1,3,人,乘客,女,22,戴非半罩式安全帽,非駕駛人,人的狀態,其他,其他,非汽、機及自行車,,,無(非車輛駕駛人因素),尚未發現肇事因素,否,121.347040,25.011732
2024,6,20240630,161620,A1,桃園市政府警察局,桃園市蘆竹區海山路二段口 / 桃園市蘆竹區海港路二段口,晴,有照明且開啟,鄉道,30,交岔路,四岔路,交叉路口,交叉路口內,柏油,乾燥,無缺陷,無障礙物,有遮蔽物,建築物,無號誌,無號誌,無,無分向設施,未繪設車道線,未繪設快慢車道分隔線,無,車與車,路口交岔撞,駕駛者,無號誌路口，左方車未讓右方車先行,死亡1;受傷0,1,小客車(含客、貨兩用),自用,男,27,繫安全帶(使用幼童安全椅),未使用,車的狀態,向前直行中,汽車,前車頭,,,駕駛者,無號誌路口，左方車未讓右方車先行,否,121.255227,25.099789
2024,6,20240630,161620,A1,桃園市政府警察局,桃園市蘆竹區海山路二段口 / 桃園市蘆竹區海港路二段口,晴,有照明且開啟,鄉道,30,交岔路,四岔路,交叉路口,交叉路口內,柏油,乾燥,無缺陷,無障礙物,有遮蔽物,建築物,無號誌,無號誌,無,無分向設施,未繪設車道線,未繪設快慢車道分隔線,無,車與車,路口交岔撞,駕駛者,無號誌路口，左方車未讓右方車先行,死亡1;受傷0,2,機車,普通重型,男,73,戴半罩式安全帽,未使用,車的狀態,向前直行中,機車與自行車,左側車身,,,駕駛者,恍神、緊張、心不在焉分心駕駛,否,121.255227,25.099789
2024,6,20240630,161620,A1,桃園市政府警察局,桃園市蘆竹區海山路二段口 / 桃園市蘆竹區海港路二段口,晴,有照明且開啟,鄉道,30,交岔路,四岔路,交叉路口,交叉路口內,柏油,乾燥,無缺陷,無障礙物,有遮蔽物,建築物,無號誌,無號誌,無,無分向設施,未繪設車道線,未繪設快慢車道分隔線,無,車與車,路口交岔撞,駕駛者,無號誌路口，左方車未讓右方車先行,死亡1;受傷0,3,小客車(含客、貨兩用),自用,男,23,繫安全帶(使用幼童安全椅),未使用,車的狀態,靜止(引擎熄火),其他,無撞擊,,,無(車輛駕駛者因素),尚未發現肇事因素,否,121.255227,25.099789
2024,7,20240701,172700,A1,桃園市政府警察局,桃園市蘆竹區新興街233-1號前0.0公尺,晴,有照明未開啟或故障,市區道路,50,單路部分,直路,路段,路肩、路緣,柏油,乾燥,無缺陷,無障礙物,無遮蔽物,良好,無號誌,無號誌,行車分向線,無標記,未繪設車道線,未繪設快慢車道分隔線,有,車與車,同向擦撞,駕駛者,打瞌睡或疲勞駕駛(包括連續駕車8小時),死亡1;受傷0,1,小客車(含客、貨兩用),自用,男,20,不明,不明,車的狀態,向前直行中,汽車,右前車頭(身),,,駕駛者,打瞌睡或疲勞駕駛(包括連續駕車8小時),是,121.268450,25.008942
2024,7,20240701,172700,A1,桃園市政府警察局,桃園市蘆竹區新興街233-1號前0.0公尺,晴,有照明未開啟或故障,市區道路,50,單路部分,直路,路段,路肩、路緣,柏油,乾燥,無缺陷,無障礙物,無遮蔽物,良好,無號誌,無號誌,行車分向線,無標記,未繪設車道線,未繪設快慢車道分隔線,有,車與車,同向擦撞,駕駛者,打瞌睡或疲勞駕駛(包括連續駕車8小時),死亡1;受傷0,2,機車,普通重型,女,56,戴半罩式安全帽,未使用,車的狀態,等待(引擎未熄火),機車與自行車,前車頭,,,無(車輛駕駛者因素),尚未發現肇事因素,否,121.268450,25.008942
2024,7,20240701,172700,A1,桃園市政府警察局,桃園市蘆竹區新興街233-1號前0.0公尺,晴,有照明未開啟或故障,市區道路,50,單路部分,直路,路段,路肩、路緣,柏油,乾燥,無缺陷,無障礙物,無遮蔽物,良好,無號誌,無號誌,行車分向線,無標記,未繪設車道線,未繪設快慢車道分隔線,有,車與車,同向擦撞,駕駛者,打瞌睡或疲勞駕駛(包括連續駕車8小時),死亡1;受傷0,3,人,行人,男,51,其他(無需使用保護裝備之人),非駕駛人,人的狀態,步行,其他,非汽、機及自行車,,,無(非車輛駕駛人因素),尚未發現肇事因素,否,121.268450,25.008942
2024,7,20240703,115600,A1,桃園市政府警察局,桃園市蘆竹區大新路56號前0.0公尺,晴,有照明未開啟或故障,村里道路,50,交岔路,三岔路,交叉路口,交叉口附近,柏油,乾燥,無缺陷,無障礙物,無遮蔽物,良好,無號誌,無號誌,雙向禁止超車線,無標記,車道線(附標記),未繪設快慢車道分隔線,有,車與車,同向擦撞,駕駛者,未保持行車安全間隔,死亡1;受傷0,1,大貨車,營業用,男,43,繫安全帶(使用幼童安全椅),未使用,車的狀態,向前直行中,其他,不明,,,駕駛者,未保持行車安全間隔,否,121.256286,25.024874
2024,7,20240703,115600,A1,桃園市政府警察局,桃園市蘆竹區大新路56號前0.0公尺,晴,有照明未開啟或故障,村里道路,50,交岔路,三岔路,交叉路口,交叉口附近,柏油,乾燥,無缺陷,無障礙物,無遮蔽物,良好,無號誌,無號誌,雙向禁止超車線,無標記,車道線(附標記),未繪設快慢車道分隔線,有,車與車,同向擦撞,駕駛者,未保持行車安全間隔,死亡1;受傷0,2,機車,普通輕型,女,63,戴半罩式安全帽,未使用,車的狀態,向左變換車道,機車與自行車,右側車身,,,駕駛者,未保持行車安全間隔,否,121.256286,25.024874
2024,7,20240703,115600,A1,桃園市政府警察局,桃園市蘆竹區大新路56號前0.0公尺,晴,有照明未開啟或故障,村里道路,50,交岔路,三岔路,交叉路口,交叉口附近,柏油,乾燥,無缺陷,無障礙物,無遮蔽物,良好,無號誌,無號誌,雙向禁止超車線,無標記,車道線(附標記),未繪設快慢車道分隔線,有,車與車,同向擦撞,駕駛者,未保持行車安全間隔,死亡1;受傷0,3,小客車(含客、貨兩用),自用,男,70,不明,不明,車的狀態,靜止(引擎熄火),汽車,左前車頭(身),,,其他,違規(臨時)停車,否,121.256286,25.024874
2024,7,20240704,200700,A1,桃園市政府警察局,桃園市龍潭區龍平路161巷前0.0公尺口,晴,有照明且開啟,市區道路,50,單路部分,直路,路段,一般車道(未劃分快慢車道),柏油,乾燥,無缺陷,無障礙物,無遮蔽物,良好,無號誌,無號誌,行車分向線,無標記,未繪設車道線,未繪設快慢車道分隔線,有,車輛本身,路上翻車、摔倒,其他,其他不當駕車行為,死亡1;受傷0,1,慢車,腳踏自行車,男,53,不明,不明,不明,不明,其他,不明,其他,不明,其他,其他不當駕車行為,否,121.216969,24.885835
2024,7,20240704,200700,A1,桃園市政府警察局,桃園市龍潭區龍平路161巷前0.0公尺口,晴,有照明且開啟,市區道路,50,單路部分,直路,路段,一般車道(未劃分快慢車道),柏油,乾燥,無缺陷,無障礙物,無遮蔽物,良好,無號誌,無號誌,行車分向線,無標記,未繪設車道線,未繪設快慢車道分隔線,有,車輛本身,路上翻車、摔倒,其他,其他不當駕車行為,死亡1;受傷0,2,,,無或物(動物、堆置物),-1,,,,,,,,,無(非車輛駕駛人因素),尚未發現肇事因素,否,121.216969,24.885835
2024,7,20240704,200700,A1,桃園市政府警察局,桃園市龍潭區龍平路161巷前0.0公尺口,晴,有照明且開啟,市區道路,50,單路部分,直路,路段,一般車道(未劃分快慢車道),柏油,乾燥,無缺陷,無障礙物,無遮蔽物,良好,無號誌,無號誌,行車分向線,無標記,未繪設車道線,未繪設快慢車道分隔線,有,車輛本身,路上翻車、摔倒,其他,其他不當駕車行為,死亡1;受傷0,3,小客車(含客、貨兩用),自用,男,52,不明,不明,車的狀態,向前直行中,汽車,前車頭,其他,不明,駕駛者,恍神、緊張、心不在焉分心駕駛,否,121.216969,24.885835
2024,7,20240707,053005,A1,桃園市政府警察局,桃園市觀音區台66線快速道路西向平面路段與 台61線快速道路北上平面路段,晴,無照明,快速(公)道,50,交岔路,四岔路,交叉路口,交叉口附近,柏油,乾燥,無缺陷,無障礙物,無遮蔽物,良好,無號誌,無號誌,中央分向島,寬式(50公分以上),車道線(無標記),未繪設快慢車道分隔線,有,車輛本身,撞交通島,駕駛者,超速駕駛,死亡1;受傷0,1,小客車(含客、貨兩用),自用,男,61,不明,不明,車的狀態,向前直行中,汽車,前車頭,,,駕駛者,超速駕駛,否,121.054540,25.029237
2024,7,20240707,053005,A1,桃園市政府警察局,桃園市觀音區台66線快速道路西向平面路段與 台61線快速道路北上平面路段,晴,無照明,快速(公)道,50,交岔路,四岔路,交叉路口,交叉口附近,柏油,乾燥,無缺陷,無障礙物,無遮蔽物,良好,無號誌,無號誌,中央分向島,寬式(50公分以上),車道線(無標記),未繪設快慢車道分隔線,有,車輛本身,撞交通島,駕駛者,超速駕駛,死亡1;受傷0,2,,,無或物(動物、堆置物),-1,,,,,,,,,無(非車輛駕駛人因素),尚未發現肇事因素,否,121.054540,25.029237
2024,7,20240709,120700,A1,桃園市政府警察局,桃園市大溪區瑞安路二段318之1號前0.0公尺,晴,有照明未開啟或故障,市區道路,30,交岔路,四岔路,交叉路口,交叉口附近,柏油,乾燥,無缺陷,無障礙物,無遮蔽物,良好,無號誌,無號誌,雙向禁止超車線,無標記,車道線(無標記),未繪設快慢車道分隔線,無,車與車,路口交岔撞,駕駛者,無號誌路口，少線道未讓多線道先行,死亡1;受傷0,1,機車,普通重型,男,62,戴半罩式安全帽,未使用,車的狀態,向前直行中,機車與自行車,右側車身,,,駕駛者,無號誌路口，少線道未讓多線道先行,否,121.281990,24.861787
2024,7,20240709,120700,A1,桃園市政府警察局,桃園市大溪區瑞安路二段318之1號前0.0公尺,晴,有照明未開啟或故障,市區道路,30,交岔路,四岔路,交叉路口,交叉口附近,柏油,乾燥,無缺陷,無障礙物,無遮蔽物,良好,無號誌,無號誌,雙向禁止超車線,無標記,車道線(無標記),未繪設快慢車道分隔線,無,車與車,路口交岔撞,駕駛者,無號誌路口，少線道未讓多線道先行,死亡1;受傷0,2,小客車(含客、貨兩用),自用,男,50,繫安全帶(使用幼童安全椅),未使用,車的狀態,向前直行中,汽車,前車頭,,,駕駛者,恍神、緊張、心不在焉分心駕駛,否,121.281990,24.861787
2024,7,20240713,163506,A1,桃園市政府警察局,桃園市龜山區自強東路182號前0.0公尺,晴,有照明且開啟,市區道路,30,單路部分,直路,路段,一般車道(未劃分快慢車道),柏油,乾燥,無缺陷,無障礙物,無遮蔽物,良好,無號誌,無號誌,行車分向線,無標記,未繪設車道線,未繪設快慢車道分隔線,有,車與車,追撞,駕駛者,未保持行車安全距離,死亡1;受傷0,1,小客車(含客、貨兩用),自用,男,48,繫安全帶(使用幼童安全椅),未使用,車的狀態,向前直行中,汽車,右前車頭(身),,,駕駛者,未保持行車安全距離,是,121.344088,24.996207
2024,7,20240713,163506,A1,桃園市政府警察局,桃園市龜山區自強東路182號前0.0公尺,晴,有照明且開啟,市區道路,30,單路部分,直路,路段,一般車道(未劃分快慢車道),柏油,乾燥,無缺陷,無障礙物,無遮蔽物,良好,無號誌,無號誌,行車分向線,無標記,未繪設車道線,未繪設快慢車道分隔線,有,車與車,追撞,駕駛者,未保持行車安全距離,死亡1;受傷0,2,慢車,腳踏自行車,女,71,不明,未使用,車的狀態,向前直行中,機車與自行車,後車尾,,,無(車輛駕駛者因素),尚未發現肇事因素,否,121.344088,24.996207
2024,7,20240713,163506,A1,桃園市政府警察局,桃園市龜山區自強東路182號前0.0公尺,晴,有照明且開啟,市區道路,30,單路部分,直路,路段,一般車道(未劃分快慢車道),柏油,乾燥,無缺陷,無障礙物,無遮蔽物,良好,無號誌,無號誌,行車分向線,無標記,未繪設車道線,未繪設快慢車道分隔線,有,車與車,追撞,駕駛者,未保持行車安全距離,死亡1;受傷0,3,小客車(含客、貨兩用),自用,男,57,不明,不明,車的狀態,靜止(引擎熄火),汽車,後車尾,,,無(車輛駕駛者因素),尚未發現肇事因素,否,121.344088,24.996207
2024,7,20240714,113000,A1,桃園市政府警察局,桃園市龜山區忠義路一段1196-31號前0.0公尺,晴,有照明未開啟或故障,市區道路,40,單路部分,直路,路段,快車道,柏油,乾燥,無缺陷,無障礙物,無遮蔽物,良好,無號誌,無號誌,中央分向島,寬式(50公分以上),車道線(無標記),窄式快慢車道分隔島(無柵欄),有,車與車,同向擦撞,駕駛者,多車道迴轉，未先駛入內側車道,死亡1;受傷5,1,小客車(含客、貨兩用),自用,男,26,繫安全帶(使用幼童安全椅),未使用,車的狀態,迴轉或橫越道路中,其他,無撞擊,,,駕駛者,多車道迴轉，未先駛入內側車道,是,121.353927,25.027235
2024,7,20240714,113000,A1,桃園市政府警察局,桃園市龜山區忠義路一段1196-31號前0.0公尺,晴,有照明未開啟或故障,市區道路,40,單路部分,直路,路段,快車道,柏油,乾燥,無缺陷,無障礙物,無遮蔽物,良好,無號誌,無號誌,中央分向島,寬式(50公分以上),車道線(無標記),窄式快慢車道分隔島(無柵欄),有,車與車,同向擦撞,駕駛者,多車道迴轉，未先駛入內側車道,死亡1;受傷5,2,小客車(含客、貨兩用),計程車,男,36,繫安全帶(使用幼童安全椅),未使用,車的狀態,向前直行中,汽車,前車頭,汽車,後車尾,駕駛者,超速駕駛,否,121.353927,25.027235
2024,7,20240714,113000,A1,桃園市政府警察局,桃園市龜山區忠義路一段1196-31號前0.0公尺,晴,有照明未開啟或故障,市區道路,40,單路部分,直路,路段,快車道,柏油,乾燥,無缺陷,無障礙物,無遮蔽物,良好,無號誌,無號誌,中央分向島,寬式(50公分以上),車道線(無標記),窄式快慢車道分隔島(無柵欄),有,車與車,同向擦撞,駕駛者,多車道迴轉，未先駛入內側車道,死亡1;受傷5,3,小客車(含客、貨兩用),自用,男,62,繫安全帶(使用幼童安全椅),未使用,車的狀態,向前直行中,汽車,左前車頭(身),汽車,車頂,無(車輛駕駛者因素),尚未發現肇事因素,否,121.353927,25.027235
2024,7,20240714,113000,A1,桃園市政府警察局,桃園市龜山區忠義路一段1196-31號前0.0公尺,晴,有照明未開啟或故障,市區道路,40,單路部分,直路,路段,快車道,柏油,乾燥,無缺陷,無障礙物,無遮蔽物,良好,無號誌,無號誌,中央分向島,寬式(50公分以上),車道線(無標記),窄式快慢車道分隔島(無柵欄),有,車與車,同向擦撞,駕駛者,多車道迴轉，未先駛入內側車道,死亡1;受傷5,4,小客車(含客、貨兩用),自用,女,43,繫安全帶(使用幼童安全椅),未使用,車的狀態,向前直行中,汽車,前車頭,,,無(車輛駕駛者因素),尚未發現肇事因素,否,121.353927,25.027235
2024,7,20240714,113000,A1,桃園市政府警察局,桃園市龜山區忠義路一段1196-31號前0.0公尺,晴,有照明未開啟或故障,市區道路,40,單路部分,直路,路段,快車道,柏油,乾燥,無缺陷,無障礙物,無遮蔽物,良好,無號誌,無號誌,中央分向島,寬式(50公分以上),車道線(無標記),窄式快慢車道分隔島(無柵欄),有,車與車,同向擦撞,駕駛者,多車道迴轉，未先駛入內側車道,死亡1;受傷5,5,小客車(含客、貨兩用),自用,女,43,繫安全帶(使用幼童安全椅),未使用,車的狀態,向前直行中,汽車,前車頭,,,無(車輛駕駛者因素),尚未發現肇事因素,否,121.353927,25.027235
2024,7,20240714,113000,A1,桃園市政府警察局,桃園市龜山區忠義路一段1196-31號前0.0公尺,晴,有照明未開啟或故障,市區道路,40,單路部分,直路,路段,快車道,柏油,乾燥,無缺陷,無障礙物,無遮蔽物,良好,無號誌,無號誌,中央分向島,寬式(50公分以上),車道線(無標記),窄式快慢車道分隔島(無柵欄),有,車與車,同向擦撞,駕駛者,多車道迴轉，未先駛入內側車道,死亡1;受傷5,6,人,乘客,女,73,繫安全帶(使用幼童安全椅),非駕駛人,人的狀態,其他,其他,非汽、機及自行車,,,無(非車輛駕駛人因素),尚未發現肇事因素,否,121.353927,25.027235
2024,7,20240714,113000,A1,桃園市政府警察局,桃園市龜山區忠義路一段1196-31號前0.0公尺,晴,有照明未開啟或故障,市區道路,40,單路部分,直路,路段,快車道,柏油,乾燥,無缺陷,無障礙物,無遮蔽物,良好,無號誌,無號誌,中央分向島,寬式(50公分以上),車道線(無標記),窄式快慢車道分隔島(無柵欄),有,車與車,同向擦撞,駕駛者,多車道迴轉，未先駛入內側車道,死亡1;受傷5,7,人,乘客,女,15,繫安全帶(使用幼童安全椅),非駕駛人,人的狀態,其他,其他,非汽、機及自行車,,,無(非車輛駕駛人因素),尚未發現肇事因素,否,121.353927,25.027235
2024,7,20240714,113000,A1,桃園市政府警察局,桃園市龜山區忠義路一段1196-31號前0.0公尺,晴,有照明未開啟或故障,市區道路,40,單路部分,直路,路段,快車道,柏油,乾燥,無缺陷,無障礙物,無遮蔽物,良好,無號誌,無號誌,中央分向島,寬式(50公分以上),車道線(無標記),窄式快慢車道分隔島(無柵欄),有,車與車,同向擦撞,駕駛者,多車道迴轉，未先駛入內側車道,死亡1;受傷5,8,人,乘客,女,20,繫安全帶(使用幼童安全椅),非駕駛人,人的狀態,其他,其他,非汽、機及自行車,,,無(非車輛駕駛人因素),尚未發現肇事因素,否,121.353927,25.027235
2024,7,20240714,150000,A1,桃園市政府警察局,桃園市楊梅區民富路一段28號前0.0公尺,晴,有照明且開啟,市區道路,50,單路部分,直路,路段,一般車道(未劃分快慢車道),柏油,乾燥,無缺陷,無障礙物,無遮蔽物,良好,無號誌,無號誌,行車分向線,無標記,未繪設車道線,未繪設快慢車道分隔線,有,車與車,對撞,駕駛者,逆向行駛,死亡1;受傷1,1,機車,普通重型,男,77,戴非半罩式安全帽,未使用,車的狀態,向前直行中,機車與自行車,前車頭,,,駕駛者,逆向行駛,否,121.136028,24.918603
2024,7,20240714,150000,A1,桃園市政府警察局,桃園市楊梅區民富路一段28號前0.0公尺,晴,有照明且開啟,市區道路,50,單路部分,直路,路段,一般車道(未劃分快慢車道),柏油,乾燥,無缺陷,無障礙物,無遮蔽物,良好,無號誌,無號誌,行車分向線,無標記,未繪設車道線,未繪設快慢車道分隔線,有,車與車,對撞,駕駛者,逆向行駛,死亡1;受傷1,2,小貨車,自用,男,24,繫安全帶(使用幼童安全椅),未使用,車的狀態,向前直行中,汽車,前車頭,,,無(車輛駕駛者因素),尚未發現肇事因素,否,121.136028,24.918603
2024,7,20240716,220200,A1,桃園市政府警察局,桃園市楊梅區楊湖路3段715號前0.0公尺,晴,有照明且開啟,市區道路,50,單路部分,直路,路段,一般車道(未劃分快慢車道),柏油,乾燥,無缺陷,無障礙物,無遮蔽物,良好,無號誌,無號誌,行車分向線,無標記,未繪設車道線,未繪設快慢車道分隔線,有,車與車,其他,駕駛者,恍神、緊張、心不在焉分心駕駛,死亡1;受傷2,1,機車,普通重型,男,15,戴非半罩式安全帽,未使用,車的狀態,向前直行中,機車與自行車,前車頭,機車與自行車,右側車身,駕駛者,恍神、緊張、心不在焉分心駕駛,否,121.081284,24.912294
2024,7,20240716,220200,A1,桃園市政府警察局,桃園市楊梅區楊湖路3段715號前0.0公尺,晴,有照明且開啟,市區道路,50,單路部分,直路,路段,一般車道(未劃分快慢車道),柏油,乾燥,無缺陷,無障礙物,無遮蔽物,良好,無號誌,無號誌,行車分向線,無標記,未繪設車道線,未繪設快慢車道分隔線,有,車與車,其他,駕駛者,恍神、緊張、心不在焉分心駕駛,死亡1;受傷2,2,大貨車,營業用,男,39,不明,不明,車的狀態,靜止(引擎熄火),汽車,左後車尾(身),,,其他,違規(臨時)停車,否,121.081284,24.912294
2024,7,20240716,220200,A1,桃園市政府警察局,桃園市楊梅區楊湖路3段715號前0.0公尺,晴,有照明且開啟,市區道路,50,單路部分,直路,路段,一般車道(未劃分快慢車道),柏油,乾燥,無缺陷,無障礙物,無遮蔽物,良好,無號誌,無號誌,行車分向線,無標記,未繪設車道線,未繪設快慢車道分隔線,有,車與車,其他,駕駛者,恍神、緊張、心不在焉分心駕駛,死亡1;受傷2,3,機車,普通重型,男,16,戴非半罩式安全帽,未使用,車的狀態,向前直行中,機車與自行車,前車頭,機車與自行車,右側車身,駕駛者,未保持行車安全距離,是,121.081284,24.912294
2024,7,20240716,220200,A1,桃園市政府警察局,桃園市楊梅區楊湖路3段715號前0.0公尺,晴,有照明且開啟,市區道路,50,單路部分,直路,路段,一般車道(未劃分快慢車道),柏油,乾燥,無缺陷,無障礙物,無遮蔽物,良好,無號誌,無號誌,行車分向線,無標記,未繪設車道線,未繪設快慢車道分隔線,有,車與車,其他,駕駛者,恍神、緊張、心不在焉分心駕駛,死亡1;受傷2,4,人,乘客,男,16,戴非半罩式安全帽,非駕駛人,不明,不明,其他,非汽、機及自行車,,,無(非車輛駕駛人因素),尚未發現肇事因素,否,121.081284,24.912294
2024,7,20240718,031148,A1,桃園市政府警察局,桃園市中壢區新生路2段378號前0.0公尺附近,晴,有照明且開啟,市區道路,50,交岔路,三岔路,交叉路口,交叉路口內,柏油,乾燥,無缺陷,無障礙物,無遮蔽物,良好,行車管制號誌,正常,無,無分向設施,未繪設車道線,未繪設快慢車道分隔線,無,車與車,側撞,駕駛者,闖紅燈直行,死亡1;受傷0,1,機車,普通重型,男,57,戴半罩式安全帽,未使用,車的狀態,向前直行中,機車與自行車,前車頭,,,駕駛者,闖紅燈直行,否,121.222406,24.985159
2024,7,20240718,031148,A1,桃園市政府警察局,桃園市中壢區新生路2段378號前0.0公尺附近,晴,有照明且開啟,市區道路,50,交岔路,三岔路,交叉路口,交叉路口內,柏油,乾燥,無缺陷,無障礙物,無遮蔽物,良好,行車管制號誌,正常,無,無分向設施,未繪設車道線,未繪設快慢車道分隔線,無,車與車,側撞,駕駛者,闖紅燈直行,死亡1;受傷0,2,大貨車,營業用,男,42,繫安全帶(使用幼童安全椅),未使用,車的狀態,左轉彎,汽車,左側車身,,,無(車輛駕駛者因素),尚未發現肇事因素,否,121.222406,24.985159
2024,7,20240719,014126,A1,桃園市政府警察局,桃園市蘆竹區西濱路一段1311469號路燈前,晴,有照明且開啟,市區道路,50,單路部分,直路,路段,一般車道(未劃分快慢車道),柏油,乾燥,無缺陷,無障礙物,無遮蔽物,良好,無號誌,無號誌,中央分向島,寬式(50公分以上),車道線(無標記),未繪設快慢車道分隔線,有,車與車,追撞,駕駛者,恍神、緊張、心不在焉分心駕駛,死亡1;受傷0,1,機車,大型重型2(250-550C.C.),男,36,戴半罩式安全帽,未使用,車的狀態,向前直行中,機車與自行車,前車頭,,,駕駛者,恍神、緊張、心不在焉分心駕駛,否,121.257807,25.118310
2024,7,20240719,014126,A1,桃園市政府警察局,桃園市蘆竹區西濱路一段1311469號路燈前,晴,有照明且開啟,市區道路,50,單路部分,直路,路段,一般車道(未劃分快慢車道),柏油,乾燥,無缺陷,無障礙物,無遮蔽物,良好,無號誌,無號誌,中央分向島,寬式(50公分以上),車道線(無標記),未繪設快慢車道分隔線,有,車與車,追撞,駕駛者,恍神、緊張、心不在焉分心駕駛,死亡1;受傷0,2,曳引車,營業用,男,26,繫安全帶(使用幼童安全椅),未使用,車的狀態,等待(引擎未熄火),汽車,左後車尾(身),,,其他,違規(臨時)停車,否,121.257807,25.118310
2024,7,20240719,084509,A1,桃園市政府警察局,桃園市觀音區學文路口 / 桃園市觀音區大功路口,晴,有照明未開啟或故障,村里道路,50,交岔路,四岔路,交叉路口,交叉路口內,柏油,乾燥,無缺陷,無障礙物,無遮蔽物,良好,無號誌,無號誌,無,無分向設施,未繪設車道線,未繪設快慢車道分隔線,無,車與車,路口交岔撞,駕駛者,無號誌路口，支線道未讓幹線道先行,死亡2;受傷0,1,小貨車,自用,男,22,不明,不明,車的狀態,向前直行中,汽車,前車頭,,,駕駛者,無號誌路口，支線道未讓幹線道先行,否,121.147869,25.048806
2024,7,20240719,084509,A1,桃園市政府警察局,桃園市觀音區學文路口 / 桃園市觀音區大功路口,晴,有照明未開啟或故障,村里道路,50,交岔路,四岔路,交叉路口,交叉路口內,柏油,乾燥,無缺陷,無障礙物,無遮蔽物,良好,無號誌,無號誌,無,無分向設施,未繪設車道線,未繪設快慢車道分隔線,無,車與車,路口交岔撞,駕駛者,無號誌路口，支線道未讓幹線道先行,死亡2;受傷0,2,機車,普通重型,男,78,不明,不明,車的狀態,向前直行中,機車與自行車,右側車身,,,駕駛者,未依規定減速,否,121.147869,25.048806
2024,7,20240719,084509,A1,桃園市政府警察局,桃園市觀音區學文路口 / 桃園市觀音區大功路口,晴,有照明未開啟或故障,村里道路,50,交岔路,四岔路,交叉路口,交叉路口內,柏油,乾燥,無缺陷,無障礙物,無遮蔽物,良好,無號誌,無號誌,無,無分向設施,未繪設車道線,未繪設快慢車道分隔線,無,車與車,路口交岔撞,駕駛者,無號誌路口，支線道未讓幹線道先行,死亡2;受傷0,3,人,乘客,女,69,不明,非駕駛人,人的狀態,其他,其他,非汽、機及自行車,,,無(非車輛駕駛人因素),尚未發現肇事因素,否,121.147869,25.048806
2024,7,20240719,213500,A1,桃園市政府警察局,桃園市大溪區介壽路918號前0.0公尺口,晴,有照明且開啟,市區道路,50,交岔路,三岔路,交叉路口,交叉口附近,柏油,乾燥,無缺陷,無障礙物,無遮蔽物,良好,行車管制號誌(附設行人專用號誌),正常,雙向禁止超車線,無標記,車道線(無標記),未繪設快慢車道分隔線,有,車輛本身,撞號誌、標誌桿,駕駛者,恍神、緊張、心不在焉分心駕駛,死亡1;受傷0,1,機車,普通重型,男,60,不明,不明,車的狀態,向前直行中,機車與自行車,前車頭,機車與自行車,左側車身,駕駛者,恍神、緊張、心不在焉分心駕駛,否,121.283971,24.899515
2024,7,20240719,213500,A1,桃園市政府警察局,桃園市大溪區介壽路918號前0.0公尺口,晴,有照明且開啟,市區道路,50,交岔路,三岔路,交叉路口,交叉口附近,柏油,乾燥,無缺陷,無障礙物,無遮蔽物,良好,行車管制號誌(附設行人專用號誌),正常,雙向禁止超車線,無標記,車道線(無標記),未繪設快慢車道分隔線,有,車輛本身,撞號誌、標誌桿,駕駛者,恍神、緊張、心不在焉分心駕駛,死亡1;受傷0,2,,,無或物(動物、堆置物),-1,,,,,,,,,無(非車輛駕駛人因素),尚未發現肇事因素,否,121.283971,24.899515
2024,7,20240720,114700,A1,桃園市政府警察局,桃園市蘆竹區仁愛路一段口 / 桃園市蘆竹區油管路一段口,晴,無照明,市區道路,40,交岔路,四岔路,交叉路口,交叉路口內,柏油,乾燥,無缺陷,無障礙物,無遮蔽物,良好,行車管制號誌(附設行人專用號誌),正常,無,無分向設施,未繪設車道線,未繪設快慢車道分隔線,無,車與車,側撞,駕駛者,有號誌路口，轉彎車未讓直行車先行,死亡1;受傷0,1,機車,普通重型,男,41,戴非半罩式安全帽,未使用,車的狀態,左轉彎,機車與自行車,右側車身,,,駕駛者,有號誌路口，轉彎車未讓直行車先行,否,121.294985,25.051127
2024,7,20240720,114700,A1,桃園市政府警察局,桃園市蘆竹區仁愛路一段口 / 桃園市蘆竹區油管路一段口,晴,無照明,市區道路,40,交岔路,四岔路,交叉路口,交叉路口內,柏油,乾燥,無缺陷,無障礙物,無遮蔽物,良好,行車管制號誌(附設行人專用號誌),正常,無,無分向設施,未繪設車道線,未繪設快慢車道分隔線,無,車與車,側撞,駕駛者,有號誌路口，轉彎車未讓直行車先行,死亡1;受傷0,2,小貨車,租賃小貨車,男,35,繫安全帶(使用幼童安全椅),未使用,車的狀態,向前直行中,汽車,前車頭,,,駕駛者,恍神、緊張、心不在焉分心駕駛,否,121.294985,25.051127
2024,7,20240723,065319,A1,桃園市政府警察局,桃園市中壢區大圳路一段766號前0.0公尺,晴,有照明未開啟或故障,市區道路,30,單路部分,直路,路段,一般車道(未劃分快慢車道),柏油,乾燥,無缺陷,無障礙物,無遮蔽物,良好,無號誌,無號誌,無,無分向設施,未繪設車道線,未繪設快慢車道分隔線,有,車與車,倒車撞,駕駛者,倒車未依規定,死亡1;受傷0,1,大貨車,營業用,男,65,繫安全帶(使用幼童安全椅),未使用,車的狀態,倒車,汽車,右後車尾(身),,,駕駛者,倒車未依規定,否,121.208585,24.984184
2024,7,20240723,065319,A1,桃園市政府警察局,桃園市中壢區大圳路一段766號前0.0公尺,晴,有照明未開啟或故障,市區道路,30,單路部分,直路,路段,一般車道(未劃分快慢車道),柏油,乾燥,無缺陷,無障礙物,無遮蔽物,良好,無號誌,無號誌,無,無分向設施,未繪設車道線,未繪設快慢車道分隔線,有,車與車,倒車撞,駕駛者,倒車未依規定,死亡1;受傷0,2,機車,普通重型,男,82,戴半罩式安全帽,未使用,車的狀態,向前直行中,機車與自行車,左側車身,,,其他,其他不當駕車行為,否,121.208585,24.984184
2024,7,20240728,203900,A1,桃園市政府警察局,桃園市新屋區高鐵南路口 / 桃園市新屋區快速路口,晴,有照明且開啟,市區道路,50,交岔路,四岔路,交叉路口,交叉路口內,柏油,乾燥,無缺陷,其他障礙物,無遮蔽物,良好,行車管制號誌,正常,無,無分向設施,未繪設車道線,未繪設快慢車道分隔線,無,車與車,同向擦撞,駕駛者,違規超車,死亡1;受傷1,1,機車,普通重型,男,21,戴半罩式安全帽,未使用,車的狀態,向前直行中,機車與自行車,前車頭,,,駕駛者,違規超車,否,121.067907,24.982660
2024,7,20240728,203900,A1,桃園市政府警察局,桃園市新屋區高鐵南路口 / 桃園市新屋區快速路口,晴,有照明且開啟,市區道路,50,交岔路,四岔路,交叉路口,交叉路口內,柏油,乾燥,無缺陷,其他障礙物,無遮蔽物,良好,行車管制號誌,正常,無,無分向設施,未繪設車道線,未繪設快慢車道分隔線,無,車與車,同向擦撞,駕駛者,違規超車,死亡1;受傷1,2,小客車(含客、貨兩用),自用,男,45,繫安全帶(使用幼童安全椅),未使用,車的狀態,左轉彎,汽車,左側車身,,,駕駛者,違反其他標誌(線)禁制,否,121.067907,24.982660
2024,7,20240728,203900,A1,桃園市政府警察局,桃園市新屋區高鐵南路口 / 桃園市新屋區快速路口,晴,有照明且開啟,市區道路,50,交岔路,四岔路,交叉路口,交叉路口內,柏油,乾燥,無缺陷,其他障礙物,無遮蔽物,良好,行車管制號誌,正常,無,無分向設施,未繪設車道線,未繪設快慢車道分隔線,無,車與車,同向擦撞,駕駛者,違規超車,死亡1;受傷1,3,人,乘客,女,17,戴半罩式安全帽,非駕駛人,人的狀態,靜立(止),其他,非汽、機及自行車,,,無(非車輛駕駛人因素),尚未發現肇事因素,否,121.067907,24.982660
2024,7,20240729,052400,A1,桃園市政府警察局,桃園市大溪區台3線 38公里600.0公尺處,晴,無照明,省道,50,單路部分,彎曲路及附近,路段,一般車道(未劃分快慢車道),柏油,乾燥,無缺陷,無障礙物,無遮蔽物,良好,無號誌,無號誌,中央分向島,寬式(50公分以上),車道線(無標記),未繪設快慢車道分隔線,無,車輛本身,撞交通島,駕駛者,超速駕駛,死亡1;受傷0,1,機車,大型重型1(550C.C.以上),男,39,戴非半罩式安全帽,未使用,車的狀態,向前直行中,機車與自行車,前車頭,機車與自行車,左側車身,駕駛者,超速駕駛,否,121.283843,24.895396
2024,7,20240729,052400,A1,桃園市政府警察局,桃園市大溪區台3線 38公里600.0公尺處,晴,無照明,省道,50,單路部分,彎曲路及附近,路段,一般車道(未劃分快慢車道),柏油,乾燥,無缺陷,無障礙物,無遮蔽物,良好,無號誌,無號誌,中央分向島,寬式(50公分以上),車道線(無標記),未繪設快慢車道分隔線,無,車輛本身,撞交通島,駕駛者,超速駕駛,死亡1;受傷0,2,,,無或物(動物、堆置物),-1,,,,,,,,,無(非車輛駕駛人因素),尚未發現肇事因素,否,121.283843,24.895396
2024,7,20240730,200600,A1,桃園市政府警察局,桃園市龍潭區中豐路高平段口 / 桃園市龍潭區龍源路口,雨,有照明且開啟,市區道路,60,交岔路,四岔路,交叉路口,交叉路口內,柏油,濕潤,無缺陷,無障礙物,無遮蔽物,良好,行車管制號誌,正常,無,無分向設施,未繪設車道線,未繪設快慢車道分隔線,無,車與車,側撞,駕駛者,違反其他號誌,死亡1;受傷0,1,小客車(含客、貨兩用),自用,男,27,不明,不明,車的狀態,左轉彎,汽車,右側車身,,,駕駛者,違反其他號誌,否,121.205506,24.827627
2024,7,20240730,200600,A1,桃園市政府警察局,桃園市龍潭區中豐路高平段口 / 桃園市龍潭區龍源路口,雨,有照明且開啟,市區道路,60,交岔路,四岔路,交叉路口,交叉路口內,柏油,濕潤,無缺陷,無障礙物,無遮蔽物,良好,行車管制號誌,正常,無,無分向設施,未繪設車道線,未繪設快慢車道分隔線,無,車與車,側撞,駕駛者,違反其他號誌,死亡1;受傷0,2,機車,普通重型,男,18,不明,不明,車的狀態,向前直行中,機車與自行車,前車頭,,,駕駛者,闖紅燈直行,否,121.205506,24.827627
2024,7,20240731,074800,A1,桃園市政府警察局,桃園市八德區新興路1081號前0.0公尺,晴,有照明未開啟或故障,市區道路,50,單路部分,直路,路段,一般車道(未劃分快慢車道),柏油,乾燥,無缺陷,無障礙物,無遮蔽物,良好,無號誌,無號誌,行車分向線,無標記,未繪設車道線,未繪設快慢車道分隔線,有,車與車,側撞,駕駛者,起步時未注意安全,死亡1;受傷2,1,機車,普通重型,女,54,戴半罩式安全帽,未使用,車的狀態,起步,機車與自行車,右側車身,,,駕駛者,起步時未注意安全,否,121.274050,24.940708
2024,7,20240731,074800,A1,桃園市政府警察局,桃園市八德區新興路1081號前0.0公尺,晴,有照明未開啟或故障,市區道路,50,單路部分,直路,路段,一般車道(未劃分快慢車道),柏油,乾燥,無缺陷,無障礙物,無遮蔽物,良好,無號誌,無號誌,行車分向線,無標記,未繪設車道線,未繪設快慢車道分隔線,有,車與車,側撞,駕駛者,起步時未注意安全,死亡1;受傷2,2,機車,普通重型,女,36,戴半罩式安全帽,未使用,車的狀態,向前直行中,機車與自行車,前車頭,,,駕駛者,恍神、緊張、心不在焉分心駕駛,否,121.274050,24.940708
2024,7,20240731,074800,A1,桃園市政府警察局,桃園市八德區新興路1081號前0.0公尺,晴,有照明未開啟或故障,市區道路,50,單路部分,直路,路段,一般車道(未劃分快慢車道),柏油,乾燥,無缺陷,無障礙物,無遮蔽物,良好,無號誌,無號誌,行車分向線,無標記,未繪設車道線,未繪設快慢車道分隔線,有,車與車,側撞,駕駛者,起步時未注意安全,死亡1;受傷2,3,機車,普通重型,女,28,戴半罩式安全帽,未使用,車的狀態,向前直行中,其他,不明,,,駕駛者,未保持行車安全距離,否,121.274050,24.940708
2024,7,20240731,074800,A1,桃園市政府警察局,桃園市八德區新興路1081號前0.0公尺,晴,有照明未開啟或故障,市區道路,50,單路部分,直路,路段,一般車道(未劃分快慢車道),柏油,乾燥,無缺陷,無障礙物,無遮蔽物,良好,無號誌,無號誌,行車分向線,無標記,未繪設車道線,未繪設快慢車道分隔線,有,車與車,側撞,駕駛者,起步時未注意安全,死亡1;受傷2,4,機車,普通重型,男,29,戴半罩式安全帽,未使用,車的狀態,靜止(引擎熄火),機車與自行車,後車尾,,,無(車輛駕駛者因素),尚未發現肇事因素,否,121.274050,24.940708
2024,7,20240731,085900,A1,桃園市政府警察局,桃園市八德區新興路1325號前0.0公尺,晴,無照明,市區道路,50,單路部分,直路,路段,一般車道(未劃分快慢車道),柏油,乾燥,無缺陷,無障礙物,無遮蔽物,良好,無號誌,無號誌,行車分向線,無標記,車道線(無標記),未繪設快慢車道分隔線,有,車與車,追撞,駕駛者,恍神、緊張、心不在焉分心駕駛,死亡1;受傷0,1,機車,普通重型,男,33,戴半罩式安全帽,未使用,車的狀態,向前直行中,機車與自行車,前車頭,,,駕駛者,恍神、緊張、心不在焉分心駕駛,否,121.268476,24.936307
2024,7,20240731,085900,A1,桃園市政府警察局,桃園市八德區新興路1325號前0.0公尺,晴,無照明,市區道路,50,單路部分,直路,路段,一般車道(未劃分快慢車道),柏油,乾燥,無缺陷,無障礙物,無遮蔽物,良好,無號誌,無號誌,行車分向線,無標記,車道線(無標記),未繪設快慢車道分隔線,有,車與車,追撞,駕駛者,恍神、緊張、心不在焉分心駕駛,死亡1;受傷0,2,曳引車,營業用,男,29,繫安全帶(使用幼童安全椅),未使用,車的狀態,等待(引擎未熄火),汽車,左後車尾(身),,,其他,違規(臨時)停車,否,121.268476,24.936307
2024,8,20240802,072625,A1,桃園市政府警察局,桃園市蘆竹區南青路(慢車道)1307396燈桿,晴,無照明,市區道路,50,單路部分,直路,路段,慢車道,柏油,乾燥,無缺陷,無障礙物,無遮蔽物,良好,無號誌,無號誌,中央分向島,寬式(50公分以上),未繪設車道線,未繪設快慢車道分隔線,有,車輛本身,路上翻車、摔倒,駕駛者,閃避不當(慎),死亡1;受傷1,1,機車,普通重型,男,21,戴半罩式安全帽,未使用,車的狀態,向前直行中,機車與自行車,左側車身,,,駕駛者,閃避不當(慎),否,121.251003,25.046986
2024,8,20240802,072625,A1,桃園市政府警察局,桃園市蘆竹區南青路(慢車道)1307396燈桿,晴,無照明,市區道路,50,單路部分,直路,路段,慢車道,柏油,乾燥,無缺陷,無障礙物,無遮蔽物,良好,無號誌,無號誌,中央分向島,寬式(50公分以上),未繪設車道線,未繪設快慢車道分隔線,有,車輛本身,路上翻車、摔倒,駕駛者,閃避不當(慎),死亡1;受傷1,2,,,無或物(動物、堆置物),-1,,,,,,,,,無(非車輛駕駛人因素),尚未發現肇事因素,否,121.251003,25.046986
2024,8,20240802,072625,A1,桃園市政府警察局,桃園市蘆竹區南青路(慢車道)1307396燈桿,晴,無照明,市區道路,50,單路部分,直路,路段,慢車道,柏油,乾燥,無缺陷,無障礙物,無遮蔽物,良好,無號誌,無號誌,中央分向島,寬式(50公分以上),未繪設車道線,未繪設快慢車道分隔線,有,車輛本身,路上翻車、摔倒,駕駛者,閃避不當(慎),死亡1;受傷1,3,大貨車,自用,男,56,繫安全帶(使用幼童安全椅),未使用,車的狀態,向前直行中,汽車,右側車身,,,無(車輛駕駛者因素),尚未發現肇事因素,否,121.251003,25.046986
2024,8,20240802,072625,A1,桃園市政府警察局,桃園市蘆竹區南青路(慢車道)1307396燈桿,晴,無照明,市區道路,50,單路部分,直路,路段,慢車道,柏油,乾燥,無缺陷,無障礙物,無遮蔽物,良好,無號誌,無號誌,中央分向島,寬式(50公分以上),未繪設車道線,未繪設快慢車道分隔線,有,車輛本身,路上翻車、摔倒,駕駛者,閃避不當(慎),死亡1;受傷1,4,機車,普通重型,女,32,戴半罩式安全帽,未使用,車的狀態,向前直行中,機車與自行車,後車尾,,,無(車輛駕駛者因素),尚未發現肇事因素,否,121.251003,25.046986
2024,8,20240805,083800,A1,桃園市政府警察局,桃園市楊梅區楊新路三段口 / 桃園市楊梅區楊新路三段口,晴,有照明且開啟,市區道路,50,交岔路,三岔路,交叉路口,交叉路口內,柏油,乾燥,無缺陷,無障礙物,無遮蔽物,良好,閃光號誌,正常,無,無分向設施,未繪設車道線,未繪設快慢車道分隔線,無,車與車,側撞,駕駛者,違反禁止超車標誌(線),死亡1;受傷1,1,機車,普通重型,男,19,戴半罩式安全帽,未使用,車的狀態,超車(含超越),機車與自行車,前車頭,,,駕駛者,違反禁止超車標誌(線),否,121.125200,24.931972
2024,8,20240805,083800,A1,桃園市政府警察局,桃園市楊梅區楊新路三段口 / 桃園市楊梅區楊新路三段口,晴,有照明且開啟,市區道路,50,交岔路,三岔路,交叉路口,交叉路口內,柏油,乾燥,無缺陷,無障礙物,無遮蔽物,良好,閃光號誌,正常,無,無分向設施,未繪設車道線,未繪設快慢車道分隔線,無,車與車,側撞,駕駛者,違反禁止超車標誌(線),死亡1;受傷1,2,小貨車,自用,男,70,繫安全帶(使用幼童安全椅),未使用,車的狀態,左轉彎,汽車,左側車身,,,駕駛者,違反其他標誌(線)禁制,否,121.125200,24.931972
2024,8,20240806,013300,A1,桃園市政府警察局,桃園市桃園區中正路口 / 桃園市桃園區成功路一段口,晴,有照明且開啟,市區道路,50,交岔路,四岔路,交叉路口,交叉路口內,柏油,乾燥,無缺陷,無障礙物,無遮蔽物,良好,行車管制號誌(附設行人專用號誌),正常,無,無分向設施,未繪設車道線,未繪設快慢車道分隔線,無,車與車,路口交岔撞,駕駛者,酒醉(後)駕駛,死亡1;受傷3,1,機車,普通重型,男,30,戴半罩式安全帽,未使用,車的狀態,向前直行中,機車與自行車,左側車身,,,駕駛者,酒醉(後)駕駛,否,121.312173,24.992643
2024,8,20240806,013300,A1,桃園市政府警察局,桃園市桃園區中正路口 / 桃園市桃園區成功路一段口,晴,有照明且開啟,市區道路,50,交岔路,四岔路,交叉路口,交叉路口內,柏油,乾燥,無缺陷,無障礙物,無遮蔽物,良好,行車管制號誌(附設行人專用號誌),正常,無,無分向設施,未繪設車道線,未繪設快慢車道分隔線,無,車與車,路口交岔撞,駕駛者,酒醉(後)駕駛,死亡1;受傷3,2,小客車(含客、貨兩用),自用,男,45,繫安全帶(使用幼童安全椅),未使用,車的狀態,向前直行中,汽車,前車頭,,,無(車輛駕駛者因素),尚未發現肇事因素,否,121.312173,24.992643
2024,8,20240806,013300,A1,桃園市政府警察局,桃園市桃園區中正路口 / 桃園市桃園區成功路一段口,晴,有照明且開啟,市區道路,50,交岔路,四岔路,交叉路口,交叉路口內,柏油,乾燥,無缺陷,無障礙物,無遮蔽物,良好,行車管制號誌(附設行人專用號誌),正常,無,無分向設施,未繪設車道線,未繪設快慢車道分隔線,無,車與車,路口交岔撞,駕駛者,酒醉(後)駕駛,死亡1;受傷3,3,,,無或物(動物、堆置物),-1,,,,,,,,,無(非車輛駕駛人因素),尚未發現肇事因素,否,121.312173,24.992643
2024,8,20240806,013300,A1,桃園市政府警察局,桃園市桃園區中正路口 / 桃園市桃園區成功路一段口,晴,有照明且開啟,市區道路,50,交岔路,四岔路,交叉路口,交叉路口內,柏油,乾燥,無缺陷,無障礙物,無遮蔽物,良好,行車管制號誌(附設行人專用號誌),正常,無,無分向設施,未繪設車道線,未繪設快慢車道分隔線,無,車與車,路口交岔撞,駕駛者,酒醉(後)駕駛,死亡1;受傷3,4,人,乘客,男,29,戴非半罩式安全帽,非駕駛人,人的狀態,其他,其他,非汽、機及自行車,,,無(非車輛駕駛人因素),尚未發現肇事因素,否,121.312173,24.992643
2024,8,20240806,013300,A1,桃園市政府警察局,桃園市桃園區中正路口 / 桃園市桃園區成功路一段口,晴,有照明且開啟,市區道路,50,交岔路,四岔路,交叉路口,交叉路口內,柏油,乾燥,無缺陷,無障礙物,無遮蔽物,良好,行車管制號誌(附設行人專用號誌),正常,無,無分向設施,未繪設車道線,未繪設快慢車道分隔線,無,車與車,路口交岔撞,駕駛者,酒醉(後)駕駛,死亡1;受傷3,5,人,乘客,男,31,繫安全帶(使用幼童安全椅),非駕駛人,人的狀態,其他,其他,非汽、機及自行車,,,無(非車輛駕駛人因素),尚未發現肇事因素,否,121.312173,24.992643
2024,8,20240806,154100,A1,桃園市政府警察局,桃園市龍潭區民生路(0301562號燈桿),晴,無照明,市區道路,40,單路部分,直路,路段,一般車道(未劃分快慢車道),柏油,乾燥,無缺陷,無障礙物,無遮蔽物,良好,無號誌,無號誌,無,無分向設施,未繪設車道線,未繪設快慢車道分隔線,有,車與車,對撞,駕駛者,酒醉(後)駕駛,死亡1;受傷2,1,小客車(含客、貨兩用),自用,男,36,繫安全帶(使用幼童安全椅),未使用,車的狀態,向前直行中,汽車,前車頭,,,駕駛者,酒醉(後)駕駛,否,121.215952,24.842369
2024,8,20240806,154100,A1,桃園市政府警察局,桃園市龍潭區民生路(0301562號燈桿),晴,無照明,市區道路,40,單路部分,直路,路段,一般車道(未劃分快慢車道),柏油,乾燥,無缺陷,無障礙物,無遮蔽物,良好,無號誌,無號誌,無,無分向設施,未繪設車道線,未繪設快慢車道分隔線,有,車與車,對撞,駕駛者,酒醉(後)駕駛,死亡1;受傷2,2,機車,普通重型,男,64,戴半罩式安全帽,未使用,車的狀態,向前直行中,機車與自行車,前車頭,,,無(車輛駕駛者因素),尚未發現肇事因素,否,121.215952,24.842369
2024,8,20240806,154100,A1,桃園市政府警察局,桃園市龍潭區民生路(0301562號燈桿),晴,無照明,市區道路,40,單路部分,直路,路段,一般車道(未劃分快慢車道),柏油,乾燥,無缺陷,無障礙物,無遮蔽物,良好,無號誌,無號誌,無,無分向設施,未繪設車道線,未繪設快慢車道分隔線,有,車與車,對撞,駕駛者,酒醉(後)駕駛,死亡1;受傷2,3,人,乘客,女,63,戴半罩式安全帽,非駕駛人,人的狀態,其他,其他,非汽、機及自行車,,,無(非車輛駕駛人因素),尚未發現肇事因素,否,121.215952,24.842369
2024,8,20240808,063528,A1,桃園市政府警察局,桃園市中壢區高鐵南路三段口 / 桃園市中壢區聖德路一段口,晴,有照明未開啟或故障,鄉道,70,交岔路,四岔路,交叉路口,交叉路口內,柏油,乾燥,無缺陷,無障礙物,無遮蔽物,良好,行車管制號誌(附設行人專用號誌),正常,無,無分向設施,未繪設車道線,未繪設快慢車道分隔線,無,車與車,側撞,駕駛者,違反其他號誌,死亡1;受傷0,1,小客車(含客、貨兩用),自用,男,60,繫安全帶(使用幼童安全椅),未使用,車的狀態,左轉彎,汽車,右前車頭(身),,,駕駛者,違反其他號誌,否,121.193964,24.992500
2024,8,20240808,063528,A1,桃園市政府警察局,桃園市中壢區高鐵南路三段口 / 桃園市中壢區聖德路一段口,晴,有照明未開啟或故障,鄉道,70,交岔路,四岔路,交叉路口,交叉路口內,柏油,乾燥,無缺陷,無障礙物,無遮蔽物,良好,行車管制號誌(附設行人專用號誌),正常,無,無分向設施,未繪設車道線,未繪設快慢車道分隔線,無,車與車,側撞,駕駛者,違反其他號誌,死亡1;受傷0,2,機車,普通重型,男,38,戴非半罩式安全帽,未使用,車的狀態,向前直行中,機車與自行車,前車頭,,,駕駛者,未依規定減速,否,121.193964,24.992500
2024,8,20240808,085500,A1,桃園市政府警察局,桃園市蘆竹區海山路400號前0.0公尺附近,晴,有照明未開啟或故障,縣道,50,單路部分,直路,路段,一般車道(未劃分快慢車道),柏油,乾燥,無缺陷,無障礙物,無遮蔽物,良好,無號誌,無號誌,行車分向線,無標記,未繪設車道線,未繪設快慢車道分隔線,有,車與車,同向擦撞,駕駛者,違反其他標誌(線)禁制,死亡1;受傷0,1,機車,普通重型,女,67,戴半罩式安全帽,未使用,車的狀態,向前直行中,機車與自行車,後車尾,,,駕駛者,違反其他標誌(線)禁制,否,121.277147,25.089304
2024,8,20240808,085500,A1,桃園市政府警察局,桃園市蘆竹區海山路400號前0.0公尺附近,晴,有照明未開啟或故障,縣道,50,單路部分,直路,路段,一般車道(未劃分快慢車道),柏油,乾燥,無缺陷,無障礙物,無遮蔽物,良好,無號誌,無號誌,行車分向線,無標記,未繪設車道線,未繪設快慢車道分隔線,有,車與車,同向擦撞,駕駛者,違反其他標誌(線)禁制,死亡1;受傷0,2,曳引車,營業用,男,38,繫安全帶(使用幼童安全椅),未使用,車的狀態,向前直行中,汽車,右側車身,,,其他,其他不當駕車行為,否,121.277147,25.089304
2024,8,20240808,085500,A1,桃園市政府警察局,桃園市蘆竹區海山路400號前0.0公尺附近,晴,有照明未開啟或故障,縣道,50,單路部分,直路,路段,一般車道(未劃分快慢車道),柏油,乾燥,無缺陷,無障礙物,無遮蔽物,良好,無號誌,無號誌,行車分向線,無標記,未繪設車道線,未繪設快慢車道分隔線,有,車與車,同向擦撞,駕駛者,違反其他標誌(線)禁制,死亡1;受傷0,3,大貨車,營業用,男,33,繫安全帶(使用幼童安全椅),未使用,車的狀態,靜止(引擎熄火),其他,無撞擊,,,無(車輛駕駛者因素),尚未發現肇事因素,否,121.277147,25.089304
2024,8,20240809,071821,A1,桃園市政府警察局,桃園市蘆竹區南山路二段口 / 桃園市蘆竹區長興路二段口,晴,有照明未開啟或故障,市區道路,40,交岔路,四岔路,交叉路口,交叉路口內,柏油,乾燥,無缺陷,無障礙物,無遮蔽物,良好,行車管制號誌(附設行人專用號誌),正常,無,無分向設施,未繪設車道線,未繪設快慢車道分隔線,無,車與車,側撞,駕駛者,有號誌路口，轉彎車未讓直行車先行,死亡1;受傷5,1,小客車(含客、貨兩用),自用,男,74,繫安全帶(使用幼童安全椅),未使用,車的狀態,左轉彎,汽車,右側車身,,,駕駛者,有號誌路口，轉彎車未讓直行車先行,否,121.285435,25.073198
2024,8,20240809,071821,A1,桃園市政府警察局,桃園市蘆竹區南山路二段口 / 桃園市蘆竹區長興路二段口,晴,有照明未開啟或故障,市區道路,40,交岔路,四岔路,交叉路口,交叉路口內,柏油,乾燥,無缺陷,無障礙物,無遮蔽物,良好,行車管制號誌(附設行人專用號誌),正常,無,無分向設施,未繪設車道線,未繪設快慢車道分隔線,無,車與車,側撞,駕駛者,有號誌路口，轉彎車未讓直行車先行,死亡1;受傷5,2,小客車(含客、貨兩用),自用,男,36,繫安全帶(使用幼童安全椅),未使用,車的狀態,向前直行中,汽車,前車頭,,,駕駛者,超速駕駛,否,121.285435,25.073198
2024,8,20240809,071821,A1,桃園市政府警察局,桃園市蘆竹區南山路二段口 / 桃園市蘆竹區長興路二段口,晴,有照明未開啟或故障,市區道路,40,交岔路,四岔路,交叉路口,交叉路口內,柏油,乾燥,無缺陷,無障礙物,無遮蔽物,良好,行車管制號誌(附設行人專用號誌),正常,無,無分向設施,未繪設車道線,未繪設快慢車道分隔線,無,車與車,側撞,駕駛者,有號誌路口，轉彎車未讓直行車先行,死亡1;受傷5,3,小客車(含客、貨兩用),自用,女,25,不明,不明,車的狀態,靜止(引擎熄火),汽車,後車尾,,,無(車輛駕駛者因素),尚未發現肇事因素,否,121.285435,25.073198
2024,8,20240809,071821,A1,桃園市政府警察局,桃園市蘆竹區南山路二段口 / 桃園市蘆竹區長興路二段口,晴,有照明未開啟或故障,市區道路,40,交岔路,四岔路,交叉路口,交叉路口內,柏油,乾燥,無缺陷,無障礙物,無遮蔽物,良好,行車管制號誌(附設行人專用號誌),正常,無,無分向設施,未繪設車道線,未繪設快慢車道分隔線,無,車與車,側撞,駕駛者,有號誌路口，轉彎車未讓直行車先行,死亡1;受傷5,4,小客車(含客、貨兩用),自用,女,45,不明,不明,車的狀態,靜止(引擎熄火),汽車,後車尾,,,無(車輛駕駛者因素),尚未發現肇事因素,否,121.285435,25.073198
2024,8,20240809,071821,A1,桃園市政府警察局,桃園市蘆竹區南山路二段口 / 桃園市蘆竹區長興路二段口,晴,有照明未開啟或故障,市區道路,40,交岔路,四岔路,交叉路口,交叉路口內,柏油,乾燥,無缺陷,無障礙物,無遮蔽物,良好,行車管制號誌(附設行人專用號誌),正常,無,無分向設施,未繪設車道線,未繪設快慢車道分隔線,無,車與車,側撞,駕駛者,有號誌路口，轉彎車未讓直行車先行,死亡1;受傷5,5,小客車(含客、貨兩用),自用,男,42,不明,未使用,車的狀態,靜止(引擎熄火),汽車,後車尾,,,無(車輛駕駛者因素),尚未發現肇事因素,否,121.285435,25.073198
2024,8,20240809,071821,A1,桃園市政府警察局,桃園市蘆竹區南山路二段口 / 桃園市蘆竹區長興路二段口,晴,有照明未開啟或故障,市區道路,40,交岔路,四岔路,交叉路口,交叉路口內,柏油,乾燥,無缺陷,無障礙物,無遮蔽物,良好,行車管制號誌(附設行人專用號誌),正常,無,無分向設施,未繪設車道線,未繪設快慢車道分隔線,無,車與車,側撞,駕駛者,有號誌路口，轉彎車未讓直行車先行,死亡1;受傷5,6,人,乘客,男,34,繫安全帶(使用幼童安全椅),非駕駛人,人的狀態,其他,其他,非汽、機及自行車,,,無(非車輛駕駛人因素),尚未發現肇事因素,否,121.285435,25.073198
2024,8,20240809,071821,A1,桃園市政府警察局,桃園市蘆竹區南山路二段口 / 桃園市蘆竹區長興路二段口,晴,有照明未開啟或故障,市區道路,40,交岔路,四岔路,交叉路口,交叉路口內,柏油,乾燥,無缺陷,無障礙物,無遮蔽物,良好,行車管制號誌(附設行人專用號誌),正常,無,無分向設施,未繪設車道線,未繪設快慢車道分隔線,無,車與車,側撞,駕駛者,有號誌路口，轉彎車未讓直行車先行,死亡1;受傷5,7,人,乘客,女,28,繫安全帶(使用幼童安全椅),非駕駛人,人的狀態,其他,其他,非汽、機及自行車,,,無(非車輛駕駛人因素),尚未發現肇事因素,否,121.285435,25.073198
2024,8,20240809,071821,A1,桃園市政府警察局,桃園市蘆竹區南山路二段口 / 桃園市蘆竹區長興路二段口,晴,有照明未開啟或故障,市區道路,40,交岔路,四岔路,交叉路口,交叉路口內,柏油,乾燥,無缺陷,無障礙物,無遮蔽物,良好,行車管制號誌(附設行人專用號誌),正常,無,無分向設施,未繪設車道線,未繪設快慢車道分隔線,無,車與車,側撞,駕駛者,有號誌路口，轉彎車未讓直行車先行,死亡1;受傷5,8,人,乘客,男,33,繫安全帶(使用幼童安全椅),非駕駛人,人的狀態,其他,其他,非汽、機及自行車,,,無(非車輛駕駛人因素),尚未發現肇事因素,否,121.285435,25.073198
2024,8,20240809,071821,A1,桃園市政府警察局,桃園市蘆竹區南山路二段口 / 桃園市蘆竹區長興路二段口,晴,有照明未開啟或故障,市區道路,40,交岔路,四岔路,交叉路口,交叉路口內,柏油,乾燥,無缺陷,無障礙物,無遮蔽物,良好,行車管制號誌(附設行人專用號誌),正常,無,無分向設施,未繪設車道線,未繪設快慢車道分隔線,無,車與車,側撞,駕駛者,有號誌路口，轉彎車未讓直行車先行,死亡1;受傷5,9,人,乘客,女,72,繫安全帶(使用幼童安全椅),非駕駛人,不明,不明,其他,非汽、機及自行車,,,無(非車輛駕駛人因素),尚未發現肇事因素,否,121.285435,25.073198
2024,8,20240811,050600,A1,桃園市政府警察局,桃園市桃園區介壽路附近 / 桃園市桃園區介壽路附近,晴,有照明未開啟或故障,市區道路,50,單路部分,直路,路段,一般車道(未劃分快慢車道),柏油,乾燥,無缺陷,無障礙物,無遮蔽物,良好,無號誌,無號誌,雙向禁止超車線,無標記,未繪設車道線,未繪設快慢車道分隔線,有,車與車,追撞,駕駛者,違反其他標誌(線)禁制,死亡1;受傷0,1,慢車,腳踏自行車,男,73,其他(無需使用保護裝備之人),未使用,車的狀態,向右變換車道,機車與自行車,右側車身,,,駕駛者,違反其他標誌(線)禁制,否,121.302996,24.976900
2024,8,20240811,050600,A1,桃園市政府警察局,桃園市桃園區介壽路附近 / 桃園市桃園區介壽路附近,晴,有照明未開啟或故障,市區道路,50,單路部分,直路,路段,一般車道(未劃分快慢車道),柏油,乾燥,無缺陷,無障礙物,無遮蔽物,良好,無號誌,無號誌,雙向禁止超車線,無標記,未繪設車道線,未繪設快慢車道分隔線,有,車與車,追撞,駕駛者,違反其他標誌(線)禁制,死亡1;受傷0,2,小客車(含客、貨兩用),計程車,男,67,不明,不明,車的狀態,向前直行中,汽車,前車頭,,,駕駛者,恍神、緊張、心不在焉分心駕駛,否,121.302996,24.976900
2024,8,20240811,164806,A1,桃園市政府警察局,桃園市平鎮區民族路二段涵洞下往中壢方向,晴,有照明且開啟,市區道路,50,單路部分,直路,路段,慢車道,柏油,乾燥,無缺陷,無障礙物,無遮蔽物,良好,無號誌,無號誌,中央分向島,寬式(50公分以上),禁止變換車道線(無標記),未繪設快慢車道分隔線,有,車與車,追撞,駕駛者,恍神、緊張、心不在焉分心駕駛,死亡1;受傷1,1,機車,普通重型,男,56,戴半罩式安全帽,未使用,車的狀態,向前直行中,機車與自行車,前車頭,,,駕駛者,恍神、緊張、心不在焉分心駕駛,否,121.200078,24.956967
2024,8,20240811,164806,A1,桃園市政府警察局,桃園市平鎮區民族路二段涵洞下往中壢方向,晴,有照明且開啟,市區道路,50,單路部分,直路,路段,慢車道,柏油,乾燥,無缺陷,無障礙物,無遮蔽物,良好,無號誌,無號誌,中央分向島,寬式(50公分以上),禁止變換車道線(無標記),未繪設快慢車道分隔線,有,車與車,追撞,駕駛者,恍神、緊張、心不在焉分心駕駛,死亡1;受傷1,2,機車,普通重型,男,59,戴半罩式安全帽,未使用,車的狀態,向前直行中,機車與自行車,後車尾,,,無(車輛駕駛者因素),尚未發現肇事因素,否,121.200078,24.956967
2024,8,20240812,195012,A1,桃園市政府警察局,桃園市中壢區中福路819號前0.0公尺附近,晴,有照明且開啟,市區道路,50,交岔路,三岔路,交叉路口,交叉路口內,柏油,乾燥,無缺陷,無障礙物,無遮蔽物,良好,無號誌,無號誌,無,無分向設施,未繪設車道線,未繪設快慢車道分隔線,無,車與車,側撞,駕駛者,無號誌路口，轉彎車未讓直行車先行,死亡1;受傷0,1,小貨車,自用,男,25,繫安全帶(使用幼童安全椅),未使用,車的狀態,左轉彎,汽車,左側車身,,,駕駛者,無號誌路口，轉彎車未讓直行車先行,否,121.231904,24.979444
2024,8,20240812,195012,A1,桃園市政府警察局,桃園市中壢區中福路819號前0.0公尺附近,晴,有照明且開啟,市區道路,50,交岔路,三岔路,交叉路口,交叉路口內,柏油,乾燥,無缺陷,無障礙物,無遮蔽物,良好,無號誌,無號誌,無,無分向設施,未繪設車道線,未繪設快慢車道分隔線,無,車與車,側撞,駕駛者,無號誌路口，轉彎車未讓直行車先行,死亡1;受傷0,2,機車,普通重型,男,18,戴非半罩式安全帽,未使用,車的狀態,其他,機車與自行車,前車頭,,,駕駛者,未依規定減速,否,121.231904,24.979444
2024,8,20240816,123600,A1,桃園市政府警察局,桃園市大溪區信義路口 / 桃園市大溪區中華路口,晴,有照明未開啟或故障,市區道路,50,交岔路,三岔路,交叉路口,交叉路口內,柏油,乾燥,無缺陷,無障礙物,無遮蔽物,良好,行車管制號誌(附設行人專用號誌),正常,無,無分向設施,未繪設車道線,未繪設快慢車道分隔線,無,車與車,側撞,駕駛者,有號誌路口，轉彎車未讓直行車先行,死亡1;受傷0,1,小客車(含客、貨兩用),自用,男,86,繫安全帶(使用幼童安全椅),未使用,車的狀態,左轉彎,汽車,右前車頭(身),,,駕駛者,有號誌路口，轉彎車未讓直行車先行,否,121.292845,24.885361
2024,8,20240816,123600,A1,桃園市政府警察局,桃園市大溪區信義路口 / 桃園市大溪區中華路口,晴,有照明未開啟或故障,市區道路,50,交岔路,三岔路,交叉路口,交叉路口內,柏油,乾燥,無缺陷,無障礙物,無遮蔽物,良好,行車管制號誌(附設行人專用號誌),正常,無,無分向設施,未繪設車道線,未繪設快慢車道分隔線,無,車與車,側撞,駕駛者,有號誌路口，轉彎車未讓直行車先行,死亡1;受傷0,2,機車,普通重型,男,41,戴非半罩式安全帽,未使用,車的狀態,向前直行中,機車與自行車,前車頭,機車與自行車,右側車身,駕駛者,未依規定減速,否,121.292845,24.885361
2024,8,20240816,141000,A1,桃園市政府警察局,桃園市中壢區龍岡路三段口 / 桃園市中壢區龍岡路三段口,晴,無照明,市區道路,50,交岔路,三岔路,交叉路口,交叉路口內,柏油,乾燥,無缺陷,無障礙物,無遮蔽物,良好,行車管制號誌,正常,無,無分向設施,未繪設車道線,未繪設快慢車道分隔線,無,車與車,路口交岔撞,駕駛者,闖紅燈直行,死亡1;受傷0,1,機車,普通重型,男,69,戴半罩式安全帽,未使用,車的狀態,向前直行中,機車與自行車,左側車身,,,駕駛者,闖紅燈直行,否,121.238846,24.931116
2024,8,20240816,141000,A1,桃園市政府警察局,桃園市中壢區龍岡路三段口 / 桃園市中壢區龍岡路三段口,晴,無照明,市區道路,50,交岔路,三岔路,交叉路口,交叉路口內,柏油,乾燥,無缺陷,無障礙物,無遮蔽物,良好,行車管制號誌,正常,無,無分向設施,未繪設車道線,未繪設快慢車道分隔線,無,車與車,路口交岔撞,駕駛者,闖紅燈直行,死亡1;受傷0,2,小客車(含客、貨兩用),自用,男,39,繫安全帶(使用幼童安全椅),未使用,車的狀態,向前直行中,汽車,右前車頭(身),,,無(車輛駕駛者因素),尚未發現肇事因素,否,121.238846,24.931116
2024,8,20240819,064038,A1,桃園市政府警察局,桃園市蘆竹區南青路381-1號前0.0公尺東側,晴,有照明未開啟或故障,鄉道,50,單路部分,直路,路段,慢車道,柏油,乾燥,無缺陷,無障礙物,無遮蔽物,良好,無號誌,無號誌,中央分向島,寬式(50公分以上),未繪設車道線,寬式快慢車道分隔島(50公分以上),有,車輛本身,撞橋樑(橋墩),駕駛者,恍神、緊張、心不在焉分心駕駛,死亡1;受傷0,1,機車,普通重型,男,49,戴半罩式安全帽,未使用,車的狀態,向前直行中,機車與自行車,前車頭,,,駕駛者,恍神、緊張、心不在焉分心駕駛,否,121.243694,25.040981
2024,8,20240819,064038,A1,桃園市政府警察局,桃園市蘆竹區南青路381-1號前0.0公尺東側,晴,有照明未開啟或故障,鄉道,50,單路部分,直路,路段,慢車道,柏油,乾燥,無缺陷,無障礙物,無遮蔽物,良好,無號誌,無號誌,中央分向島,寬式(50公分以上),未繪設車道線,寬式快慢車道分隔島(50公分以上),有,車輛本身,撞橋樑(橋墩),駕駛者,恍神、緊張、心不在焉分心駕駛,死亡1;受傷0,2,,,無或物(動物、堆置物),-1,,,,,,,,,無(非車輛駕駛人因素),尚未發現肇事因素,否,121.243694,25.040981
2024,8,20240820,192541,A1,桃園市政府警察局,桃園市龜山區萬壽路一段283號前0.0公尺,雨,有照明且開啟,市區道路,50,交岔路,三岔路,交叉路口,交叉路口內,柏油,濕潤,有坑洞,無障礙物,無遮蔽物,良好,行車管制號誌,正常,無,無分向設施,未繪設車道線,未繪設快慢車道分隔線,無,車輛本身,路上翻車、摔倒,駕駛者,恍神、緊張、心不在焉分心駕駛,死亡1;受傷1,1,機車,普通重型,男,22,戴半罩式安全帽,未使用,車的狀態,向前直行中,機車與自行車,右側車身,,,駕駛者,恍神、緊張、心不在焉分心駕駛,否,121.402918,25.017289
2024,8,20240820,192541,A1,桃園市政府警察局,桃園市龜山區萬壽路一段283號前0.0公尺,雨,有照明且開啟,市區道路,50,交岔路,三岔路,交叉路口,交叉路口內,柏油,濕潤,有坑洞,無障礙物,無遮蔽物,良好,行車管制號誌,正常,無,無分向設施,未繪設車道線,未繪設快慢車道分隔線,無,車輛本身,路上翻車、摔倒,駕駛者,恍神、緊張、心不在焉分心駕駛,死亡1;受傷1,2,,,無或物(動物、堆置物),-1,,,,,,,,,無(物或動物),道路設施(備)、植栽或其他裝置，倒塌或掉(斷)落,否,121.402918,25.017289
2024,8,20240820,192541,A1,桃園市政府警察局,桃園市龜山區萬壽路一段283號前0.0公尺,雨,有照明且開啟,市區道路,50,交岔路,三岔路,交叉路口,交叉路口內,柏油,濕潤,有坑洞,無障礙物,無遮蔽物,良好,行車管制號誌,正常,無,無分向設施,未繪設車道線,未繪設快慢車道分隔線,無,車輛本身,路上翻車、摔倒,駕駛者,恍神、緊張、心不在焉分心駕駛,死亡1;受傷1,3,大貨車,營業用,男,43,繫安全帶(使用幼童安全椅),未使用,車的狀態,向前直行中,汽車,右側車身,,,無(車輛駕駛者因素),尚未發現肇事因素,否,121.402918,25.017289
2024,8,20240820,192541,A1,桃園市政府警察局,桃園市龜山區萬壽路一段283號前0.0公尺,雨,有照明且開啟,市區道路,50,交岔路,三岔路,交叉路口,交叉路口內,柏油,濕潤,有坑洞,無障礙物,無遮蔽物,良好,行車管制號誌,正常,無,無分向設施,未繪設車道線,未繪設快慢車道分隔線,無,車輛本身,路上翻車、摔倒,駕駛者,恍神、緊張、心不在焉分心駕駛,死亡1;受傷1,4,人,乘客,女,20,戴半罩式安全帽,非駕駛人,人的狀態,其他,其他,非汽、機及自行車,,,無(非車輛駕駛人因素),尚未發現肇事因素,否,121.402918,25.017289
2024,8,20240827,170809,A1,桃園市政府警察局,桃園市大溪區仁和路二段口 / 桃園市大溪區永昌路口,晴,有照明未開啟或故障,市區道路,50,交岔路,四岔路,交叉路口,交叉口附近,柏油,乾燥,無缺陷,無障礙物,無遮蔽物,良好,行車管制號誌(附設行人專用號誌),正常,無,無分向設施,未繪設車道線,未繪設快慢車道分隔線,無,車與車,路口交岔撞,駕駛者,逆向行駛,死亡1;受傷0,1,機車,普通重型,女,68,不明,不明,車的狀態,迴轉或橫越道路中,機車與自行車,右側車身,,,駕駛者,逆向行駛,否,121.265201,24.903715
2024,8,20240827,170809,A1,桃園市政府警察局,桃園市大溪區仁和路二段口 / 桃園市大溪區永昌路口,晴,有照明未開啟或故障,市區道路,50,交岔路,四岔路,交叉路口,交叉口附近,柏油,乾燥,無缺陷,無障礙物,無遮蔽物,良好,行車管制號誌(附設行人專用號誌),正常,無,無分向設施,未繪設車道線,未繪設快慢車道分隔線,無,車與車,路口交岔撞,駕駛者,逆向行駛,死亡1;受傷0,2,小客車(含客、貨兩用),自用,男,49,不明,不明,車的狀態,向前直行中,汽車,左側車身,,,駕駛者,恍神、緊張、心不在焉分心駕駛,否,121.265201,24.903715
2024,8,20240828,214540,A1,桃園市政府警察局,桃園市中壢區自強一路口 / 桃園市中壢區自強二路口,晴,有照明且開啟,市區道路,50,交岔路,三岔路,交叉路口,交叉路口內,柏油,乾燥,無缺陷,無障礙物,無遮蔽物,良好,無號誌,無號誌,無,無分向設施,未繪設車道線,未繪設快慢車道分隔線,無,車與車,側撞,駕駛者,無號誌路口，轉彎車未讓直行車先行,死亡1;受傷0,1,小貨車,營業用,男,37,繫安全帶(使用幼童安全椅),未使用,車的狀態,左轉彎,汽車,右後車尾(身),,,駕駛者,無號誌路口，轉彎車未讓直行車先行,否,121.244396,24.969621
2024,8,20240828,214540,A1,桃園市政府警察局,桃園市中壢區自強一路口 / 桃園市中壢區自強二路口,晴,有照明且開啟,市區道路,50,交岔路,三岔路,交叉路口,交叉路口內,柏油,乾燥,無缺陷,無障礙物,無遮蔽物,良好,無號誌,無號誌,無,無分向設施,未繪設車道線,未繪設快慢車道分隔線,無,車與車,側撞,駕駛者,無號誌路口，轉彎車未讓直行車先行,死亡1;受傷0,2,機車,大型重型1(550C.C.以上),男,30,戴非半罩式安全帽,未使用,車的狀態,向前直行中,機車與自行車,前車頭,,,駕駛者,超速駕駛,否,121.244396,24.969621
2024,8,20240830,051500,A1,國道公路警察局,桃園市蘆竹區國道1號 52公里600.0公尺處北側向路肩,晴,有照明且開啟,國道,90,單路部分,直路,路段,路肩、路緣,柏油,乾燥,無缺陷,無障礙物,無遮蔽物,良好,無號誌,無號誌,中央分向島,寬式(50公分以上),車道線(附標記),未繪設快慢車道分隔線,有,車輛本身,撞護欄(樁),駕駛者,恍神、緊張、心不在焉分心駕駛,死亡1;受傷0,1,半聯結車,營業用,男,59,未戴安全帽或未繫安全帶(未使用幼童安全椅),未使用,車的狀態,向前直行中,汽車,前車頭,汽車,左側車身,駕駛者,恍神、緊張、心不在焉分心駕駛,否,121.270002,25.016150
2024,8,20240830,051500,A1,國道公路警察局,桃園市蘆竹區國道1號 52公里600.0公尺處北側向路肩,晴,有照明且開啟,國道,90,單路部分,直路,路段,路肩、路緣,柏油,乾燥,無缺陷,無障礙物,無遮蔽物,良好,無號誌,無號誌,中央分向島,寬式(50公分以上),車道線(附標記),未繪設快慢車道分隔線,有,車輛本身,撞護欄(樁),駕駛者,恍神、緊張、心不在焉分心駕駛,死亡1;受傷0,2,,,無或物(動物、堆置物),-1,,,,,,,,,無(非車輛駕駛人因素),尚未發現肇事因素,否,121.270002,25.016150
2024,8,20240830,094900,A1,桃園市政府警察局,桃園市楊梅區青山里埔心牧場第一停車場斜對面(幼獅路一段439號),晴,有照明未開啟或故障,市區道路,50,單路部分,直路,路段,一般車道(未劃分快慢車道),柏油,乾燥,無缺陷,無障礙物,無遮蔽物,良好,無號誌,無號誌,雙向禁止超車線,無標記,車道線(無標記),未繪設快慢車道分隔線,有,車與車,同向擦撞,駕駛者,變換車道不當,死亡1;受傷0,1,半聯結車,營業用,男,48,繫安全帶(使用幼童安全椅),未使用,車的狀態,向右變換車道,汽車,右前車頭(身),,,駕駛者,變換車道不當,否,121.176125,24.925079
2024,8,20240830,094900,A1,桃園市政府警察局,桃園市楊梅區青山里埔心牧場第一停車場斜對面(幼獅路一段439號),晴,有照明未開啟或故障,市區道路,50,單路部分,直路,路段,一般車道(未劃分快慢車道),柏油,乾燥,無缺陷,無障礙物,無遮蔽物,良好,無號誌,無號誌,雙向禁止超車線,無標記,車道線(無標記),未繪設快慢車道分隔線,有,車與車,同向擦撞,駕駛者,變換車道不當,死亡1;受傷0,2,機車,普通重型,女,64,戴非半罩式安全帽,未使用,車的狀態,向前直行中,機車與自行車,左側車身,,,無(車輛駕駛者因素),尚未發現肇事因素,否,121.176125,24.925079
2024,9,20240901,194800,A1,桃園市政府警察局,桃園市龜山區文化二路口 / 桃園市龜山區文化二路口,晴,有照明且開啟,市區道路,50,交岔路,三岔路,其他,行人穿越道,柏油,乾燥,無缺陷,無障礙物,無遮蔽物,良好,無號誌,無號誌,無,無分向設施,未繪設車道線,未繪設快慢車道分隔線,無,人與車,穿越道路中,駕駛者,車輛未依規定暫停讓行人先行,死亡1;受傷0,1,大貨車,營業用,男,44,繫安全帶(使用幼童安全椅),未使用,車的狀態,迴轉或橫越道路中,汽車,前車頭,,,駕駛者,車輛未依規定暫停讓行人先行,否,121.365546,25.058729
2024,9,20240901,194800,A1,桃園市政府警察局,桃園市龜山區文化二路口 / 桃園市龜山區文化二路口,晴,有照明且開啟,市區道路,50,交岔路,三岔路,其他,行人穿越道,柏油,乾燥,無缺陷,無障礙物,無遮蔽物,良好,無號誌,無號誌,無,無分向設施,未繪設車道線,未繪設快慢車道分隔線,無,人與車,穿越道路中,駕駛者,車輛未依規定暫停讓行人先行,死亡1;受傷0,2,人,行人,女,64,其他(無需使用保護裝備之人),非駕駛人,人的狀態,步行,其他,非汽、機及自行車,,,無(非車輛駕駛人因素),尚未發現肇事因素,否,121.365546,25.058729
2024,9,20240902,224900,A1,桃園市政府警察局,桃園市大溪區康莊路645號前0.0公尺附近,晴,有照明且開啟,村里道路,50,單路部分,直路,路段,一般車道(未劃分快慢車道),柏油,乾燥,無缺陷,無障礙物,無遮蔽物,良好,無號誌,無號誌,雙向禁止超車線,無標記,車道線(無標記),未繪設快慢車道分隔線,有,車與車,追撞,駕駛者,酒醉(後)駕駛,死亡1;受傷0,1,小客車(含客、貨兩用),自用,男,55,不明,不明,車的狀態,向前直行中,汽車,右前車頭(身),,,駕駛者,酒醉(後)駕駛,否,121.284153,24.867405
2024,9,20240902,224900,A1,桃園市政府警察局,桃園市大溪區康莊路645號前0.0公尺附近,晴,有照明且開啟,村里道路,50,單路部分,直路,路段,一般車道(未劃分快慢車道),柏油,乾燥,無缺陷,無障礙物,無遮蔽物,良好,無號誌,無號誌,雙向禁止超車線,無標記,車道線(無標記),未繪設快慢車道分隔線,有,車與車,追撞,駕駛者,酒醉(後)駕駛,死亡1;受傷0,2,機車,普通重型,男,75,戴半罩式安全帽,未使用,車的狀態,向前直行中,機車與自行車,後車尾,,,無(車輛駕駛者因素),尚未發現肇事因素,否,121.284153,24.867405
2024,9,20240909,230700,A1,國道公路警察局,桃園市大溪區國道3號 62公里400.0公尺處南側向交流道,晴,有照明且開啟,國道,30,單路部分,直路,交流道,直線匝道,柏油,乾燥,無缺陷,無障礙物,無遮蔽物,良好,無號誌,無號誌,無,無分向設施,車道線(附標記),未繪設快慢車道分隔線,有,車輛本身,撞護欄(樁),駕駛者,酒醉(後)駕駛,死亡1;受傷0,1,大貨車,營業用,男,34,未戴安全帽或未繫安全帶(未使用幼童安全椅),不明,車的狀態,向前直行中,汽車,前車頭,汽車,左前車頭(身),駕駛者,酒醉(後)駕駛,否,121.265290,24.894349
2024,9,20240909,230700,A1,國道公路警察局,桃園市大溪區國道3號 62公里400.0公尺處南側向交流道,晴,有照明且開啟,國道,30,單路部分,直路,交流道,直線匝道,柏油,乾燥,無缺陷,無障礙物,無遮蔽物,良好,無號誌,無號誌,無,無分向設施,車道線(附標記),未繪設快慢車道分隔線,有,車輛本身,撞護欄(樁),駕駛者,酒醉(後)駕駛,死亡1;受傷0,2,,,無或物(動物、堆置物),-1,,,,,,,,,無(非車輛駕駛人因素),尚未發現肇事因素,否,121.265290,24.894349
2024,9,20240918,150500,A1,桃園市政府警察局,桃園市楊梅區中山北路口 / 桃園市楊梅區自強街口,晴,無照明,市區道路,50,交岔路,三岔路,交叉路口,交叉路口內,柏油,乾燥,無缺陷,無障礙物,無遮蔽物,良好,行車管制號誌,正常,無,無分向設施,未繪設車道線,未繪設快慢車道分隔線,無,車與車,路口交岔撞,駕駛者,闖紅燈直行,死亡1;受傷1,1,機車,普通重型,男,17,戴半罩式安全帽,未使用,車的狀態,向前直行中,機車與自行車,前車頭,,,駕駛者,闖紅燈直行,否,121.155117,24.908027
2024,9,20240918,150500,A1,桃園市政府警察局,桃園市楊梅區中山北路口 / 桃園市楊梅區自強街口,晴,無照明,市區道路,50,交岔路,三岔路,交叉路口,交叉路口內,柏油,乾燥,無缺陷,無障礙物,無遮蔽物,良好,行車管制號誌,正常,無,無分向設施,未繪設車道線,未繪設快慢車道分隔線,無,車與車,路口交岔撞,駕駛者,闖紅燈直行,死亡1;受傷1,2,機車,普通重型,女,59,戴半罩式安全帽,未使用,車的狀態,向前直行中,機車與自行車,左側車身,,,無(車輛駕駛者因素),尚未發現肇事因素,否,121.155117,24.908027
2024,9,20240920,072600,A1,國道公路警察局,桃園市龜山區國道1號 43公里600.0公尺處南側向內側,晴,有照明未開啟或故障,國道,100,單路部分,直路,路段,快車道,柏油,乾燥,無缺陷,無障礙物,無遮蔽物,良好,無號誌,無號誌,中央分向島,寬式(50公分以上),車道線(附標記),未繪設快慢車道分隔線,有,車與車,同向擦撞,其他,車輛或機械操作不當(慎),死亡1;受傷1,1,小客車(含客、貨兩用),自用,女,47,未戴安全帽或未繫安全帶(未使用幼童安全椅),不明,車的狀態,其他,汽車,左側車身,汽車,前車頭,其他,車輛或機械操作不當(慎),否,121.338765,25.064062
2024,9,20240920,072600,A1,國道公路警察局,桃園市龜山區國道1號 43公里600.0公尺處南側向內側,晴,有照明未開啟或故障,國道,100,單路部分,直路,路段,快車道,柏油,乾燥,無缺陷,無障礙物,無遮蔽物,良好,無號誌,無號誌,中央分向島,寬式(50公分以上),車道線(附標記),未繪設快慢車道分隔線,有,車與車,同向擦撞,其他,車輛或機械操作不當(慎),死亡1;受傷1,2,小客車(含客、貨兩用),自用,男,63,繫安全帶(使用幼童安全椅),未使用,車的狀態,向前直行中,汽車,右前車頭(身),汽車,前車頭,無(車輛駕駛者因素),尚未發現肇事因素,否,121.338765,25.064062
2024,9,20240920,072600,A1,國道公路警察局,桃園市龜山區國道1號 43公里600.0公尺處南側向內側,晴,有照明未開啟或故障,國道,100,單路部分,直路,路段,快車道,柏油,乾燥,無缺陷,無障礙物,無遮蔽物,良好,無號誌,無號誌,中央分向島,寬式(50公分以上),車道線(附標記),未繪設快慢車道分隔線,有,車與車,同向擦撞,其他,車輛或機械操作不當(慎),死亡1;受傷1,3,,,無或物(動物、堆置物),-1,,,,,,,,,無(非車輛駕駛人因素),尚未發現肇事因素,否,121.338765,25.064062
2024,9,20240920,072600,A1,國道公路警察局,桃園市龜山區國道1號 43公里600.0公尺處南側向內側,晴,有照明未開啟或故障,國道,100,單路部分,直路,路段,快車道,柏油,乾燥,無缺陷,無障礙物,無遮蔽物,良好,無號誌,無號誌,中央分向島,寬式(50公分以上),車道線(附標記),未繪設快慢車道分隔線,有,車與車,同向擦撞,其他,車輛或機械操作不當(慎),死亡1;受傷1,4,小客車(含客、貨兩用),自用,男,31,繫安全帶(使用幼童安全椅),未使用,車的狀態,向前直行中,汽車,車底,,,無(車輛駕駛者因素),尚未發現肇事因素,否,121.338765,25.064062
2024,9,20240923,084106,A1,桃園市政府警察局,桃園市楊梅區永美路86號前0.0公尺附近,晴,有照明未開啟或故障,市區道路,50,單路部分,直路,路段,一般車道(未劃分快慢車道),柏油,乾燥,無缺陷,無障礙物,無遮蔽物,良好,無號誌,無號誌,中央分向島,寬式(50公分以上),車道線(附標記),未繪設快慢車道分隔線,有,車與車,同向擦撞,駕駛者,未保持行車安全間隔,死亡1;受傷0,1,大貨車,營業用,男,38,繫安全帶(使用幼童安全椅),未使用,車的狀態,向前直行中,汽車,右側車身,汽車,右後車尾(身),駕駛者,未保持行車安全間隔,否,121.185756,24.921241
2024,9,20240923,084106,A1,桃園市政府警察局,桃園市楊梅區永美路86號前0.0公尺附近,晴,有照明未開啟或故障,市區道路,50,單路部分,直路,路段,一般車道(未劃分快慢車道),柏油,乾燥,無缺陷,無障礙物,無遮蔽物,良好,無號誌,無號誌,中央分向島,寬式(50公分以上),車道線(附標記),未繪設快慢車道分隔線,有,車與車,同向擦撞,駕駛者,未保持行車安全間隔,死亡1;受傷0,2,機車,普通重型,男,70,戴非半罩式安全帽,未使用,車的狀態,向前直行中,機車與自行車,左側車身,機車與自行車,前車頭,無(車輛駕駛者因素),尚未發現肇事因素,否,121.185756,24.921241
2024,9,20240923,084106,A1,桃園市政府警察局,桃園市楊梅區永美路86號前0.0公尺附近,晴,有照明未開啟或故障,市區道路,50,單路部分,直路,路段,一般車道(未劃分快慢車道),柏油,乾燥,無缺陷,無障礙物,無遮蔽物,良好,無號誌,無號誌,中央分向島,寬式(50公分以上),車道線(附標記),未繪設快慢車道分隔線,有,車與車,同向擦撞,駕駛者,未保持行車安全間隔,死亡1;受傷0,3,小貨車,自用,男,44,繫安全帶(使用幼童安全椅),未使用,車的狀態,靜止(引擎熄火),汽車,左側車身,汽車,左後車尾(身),無(車輛駕駛者因素),尚未發現肇事因素,否,121.185756,24.921241
2024,9,20240923,122015,A1,桃園市政府警察局,桃園市龍潭區龍祥里聖亭路300巷前0.0公尺附近,晴,無照明,鄉道,50,單路部分,直路,路段,一般車道(未劃分快慢車道),柏油,乾燥,無缺陷,無障礙物,無遮蔽物,良好,無號誌,無號誌,行車分向線,附標記,車道線(無標記),未繪設快慢車道分隔線,有,車與車,追撞,駕駛者,恍神、緊張、心不在焉分心駕駛,死亡1;受傷1,1,機車,大型重型1(550C.C.以上),男,19,戴非半罩式安全帽,未使用,車的狀態,向前直行中,機車與自行車,前車頭,,,駕駛者,恍神、緊張、心不在焉分心駕駛,否,121.203710,24.871358
2024,9,20240923,122015,A1,桃園市政府警察局,桃園市龍潭區龍祥里聖亭路300巷前0.0公尺附近,晴,無照明,鄉道,50,單路部分,直路,路段,一般車道(未劃分快慢車道),柏油,乾燥,無缺陷,無障礙物,無遮蔽物,良好,無號誌,無號誌,行車分向線,附標記,車道線(無標記),未繪設快慢車道分隔線,有,車與車,追撞,駕駛者,恍神、緊張、心不在焉分心駕駛,死亡1;受傷1,2,機車,普通重型,男,77,戴半罩式安全帽,未使用,車的狀態,向前直行中,機車與自行車,後車尾,,,無(車輛駕駛者因素),尚未發現肇事因素,否,121.203710,24.871358
2024,9,20240923,122015,A1,桃園市政府警察局,桃園市龍潭區龍祥里聖亭路300巷前0.0公尺附近,晴,無照明,鄉道,50,單路部分,直路,路段,一般車道(未劃分快慢車道),柏油,乾燥,無缺陷,無障礙物,無遮蔽物,良好,無號誌,無號誌,行車分向線,附標記,車道線(無標記),未繪設快慢車道分隔線,有,車與車,追撞,駕駛者,恍神、緊張、心不在焉分心駕駛,死亡1;受傷1,3,小客車(含客、貨兩用),自用,男,33,繫安全帶(使用幼童安全椅),未使用,車的狀態,靜止(引擎熄火),汽車,後車尾,,,無(車輛駕駛者因素),尚未發現肇事因素,否,121.203710,24.871358
2024,9,20240924,035700,A1,桃園市政府警察局,桃園市楊梅區永美路371巷30號前0.0公尺附近,雨,無照明,市區道路,50,單路部分,彎曲路及附近,路段,一般車道(未劃分快慢車道),柏油,濕潤,無缺陷,無障礙物,無遮蔽物,良好,無號誌,無號誌,雙向禁止超車線,無標記,車道線(無標記),未繪設快慢車道分隔線,有,車輛本身,其他,駕駛者,患病或服用藥物(疲勞)駕駛,死亡1;受傷0,1,機車,普通重型,女,51,戴半罩式安全帽,未使用,車的狀態,向前直行中,機車與自行車,右側車身,,,駕駛者,患病或服用藥物(疲勞)駕駛,否,121.181536,24.916218
2024,9,20240924,035700,A1,桃園市政府警察局,桃園市楊梅區永美路371巷30號前0.0公尺附近,雨,無照明,市區道路,50,單路部分,彎曲路及附近,路段,一般車道(未劃分快慢車道),柏油,濕潤,無缺陷,無障礙物,無遮蔽物,良好,無號誌,無號誌,雙向禁止超車線,無標記,車道線(無標記),未繪設快慢車道分隔線,有,車輛本身,其他,駕駛者,患病或服用藥物(疲勞)駕駛,死亡1;受傷0,2,,,無或物(動物、堆置物),-1,,,,,,,,,無(非車輛駕駛人因素),尚未發現肇事因素,否,121.181536,24.916218
2024,9,20240925,183700,A1,桃園市政府警察局,桃園市復興區台7線 21公里200.0公尺處附近,雨,有照明且開啟,省道,40,單路部分,彎曲路及附近,路段,一般車道(未劃分快慢車道),柏油,濕潤,無缺陷,無障礙物,無遮蔽物,良好,無號誌,無號誌,雙向禁止超車線,附標記,未繪設車道線,未繪設快慢車道分隔線,有,車輛本身,衝出路外,駕駛者,酒醉(後)駕駛,死亡1;受傷0,1,機車,普通重型,男,41,戴非半罩式安全帽,未使用,車的狀態,向前直行中,機車與自行車,前車頭,機車與自行車,右側車身,駕駛者,酒醉(後)駕駛,否,121.367803,24.801265
2024,9,20240925,183700,A1,桃園市政府警察局,桃園市復興區台7線 21公里200.0公尺處附近,雨,有照明且開啟,省道,40,單路部分,彎曲路及附近,路段,一般車道(未劃分快慢車道),柏油,濕潤,無缺陷,無障礙物,無遮蔽物,良好,無號誌,無號誌,雙向禁止超車線,附標記,未繪設車道線,未繪設快慢車道分隔線,有,車輛本身,衝出路外,駕駛者,酒醉(後)駕駛,死亡1;受傷0,2,,,無或物(動物、堆置物),-1,,,,,,,,,無(非車輛駕駛人因素),尚未發現肇事因素,否,121.367803,24.801265
2024,9,20240927,120839,A1,桃園市政府警察局,桃園市觀音區廣大路886號前0.0公尺,陰,有照明未開啟或故障,村里道路,50,單路部分,直路,路段,路肩、路緣,柏油,乾燥,無缺陷,無障礙物,無遮蔽物,良好,無號誌,無號誌,行車分向線,無標記,車道線(無標記),未繪設快慢車道分隔線,有,車輛本身,撞號誌、標誌桿,駕駛者,恍神、緊張、心不在焉分心駕駛,死亡1;受傷0,1,機車,普通重型,男,63,戴非半罩式安全帽,未使用,車的狀態,向前直行中,機車與自行車,前車頭,,,駕駛者,恍神、緊張、心不在焉分心駕駛,否,121.160479,25.039726
2024,9,20240927,120839,A1,桃園市政府警察局,桃園市觀音區廣大路886號前0.0公尺,陰,有照明未開啟或故障,村里道路,50,單路部分,直路,路段,路肩、路緣,柏油,乾燥,無缺陷,無障礙物,無遮蔽物,良好,無號誌,無號誌,行車分向線,無標記,車道線(無標記),未繪設快慢車道分隔線,有,車輛本身,撞號誌、標誌桿,駕駛者,恍神、緊張、心不在焉分心駕駛,死亡1;受傷0,2,,,無或物(動物、堆置物),-1,,,,,,,,,無(非車輛駕駛人因素),尚未發現肇事因素,否,121.160479,25.039726
2024,9,20240929,044110,A1,桃園市政府警察局,桃園市觀音區忠愛路一段118號前0.0公尺,晴,有照明且開啟,市區道路,50,單路部分,直路,路段,一般車道(未劃分快慢車道),柏油,乾燥,無缺陷,無障礙物,無遮蔽物,良好,無號誌,無號誌,雙向禁止超車線,無標記,車道線(無標記),未繪設快慢車道分隔線,有,人與車,穿越道路中,非駕駛者,未依標誌或標線穿越道路,死亡1;受傷0,1,人,行人,女,85,其他(無需使用保護裝備之人),非駕駛人,人的狀態,步行,其他,非汽、機及自行車,,,非駕駛者,未依標誌或標線穿越道路,否,121.165888,24.994363
2024,9,20240929,044110,A1,桃園市政府警察局,桃園市觀音區忠愛路一段118號前0.0公尺,晴,有照明且開啟,市區道路,50,單路部分,直路,路段,一般車道(未劃分快慢車道),柏油,乾燥,無缺陷,無障礙物,無遮蔽物,良好,無號誌,無號誌,雙向禁止超車線,無標記,車道線(無標記),未繪設快慢車道分隔線,有,人與車,穿越道路中,非駕駛者,未依標誌或標線穿越道路,死亡1;受傷0,2,小客車(含客、貨兩用),自用,男,69,不明,不明,車的狀態,向前直行中,汽車,前車頭,,,駕駛者,恍神、緊張、心不在焉分心駕駛,否,121.165888,24.994363
2024,10,20241001,110911,A1,桃園市政府警察局,桃園市大園區國際路二段口 / 桃園市大園區桃25線口,晴,無照明,市區道路,70,交岔路,三岔路,交叉路口,交叉路口內,柏油,乾燥,無缺陷,無障礙物,無遮蔽物,良好,行車管制號誌,正常,無,無分向設施,未繪設車道線,未繪設快慢車道分隔線,無,車與車,側撞,駕駛者,有號誌路口，轉彎車未讓直行車先行,死亡1;受傷0,1,小客車(含客、貨兩用),自用,男,64,繫安全帶(使用幼童安全椅),未使用,車的狀態,左轉彎,汽車,前車頭,,,駕駛者,有號誌路口，轉彎車未讓直行車先行,否,121.226838,25.088355
2024,10,20241001,110911,A1,桃園市政府警察局,桃園市大園區國際路二段口 / 桃園市大園區桃25線口,晴,無照明,市區道路,70,交岔路,三岔路,交叉路口,交叉路口內,柏油,乾燥,無缺陷,無障礙物,無遮蔽物,良好,行車管制號誌,正常,無,無分向設施,未繪設車道線,未繪設快慢車道分隔線,無,車與車,側撞,駕駛者,有號誌路口，轉彎車未讓直行車先行,死亡1;受傷0,2,機車,普通重型,男,35,戴非半罩式安全帽,不明,車的狀態,向前直行中,機車與自行車,左側車身,,,無(車輛駕駛者因素),尚未發現肇事因素,否,121.226838,25.088355
2024,10,20241001,110911,A1,桃園市政府警察局,桃園市大園區國際路二段口 / 桃園市大園區桃25線口,晴,無照明,市區道路,70,交岔路,三岔路,交叉路口,交叉路口內,柏油,乾燥,無缺陷,無障礙物,無遮蔽物,良好,行車管制號誌,正常,無,無分向設施,未繪設車道線,未繪設快慢車道分隔線,無,車與車,側撞,駕駛者,有號誌路口，轉彎車未讓直行車先行,死亡1;受傷0,3,,,無或物(動物、堆置物),-1,,,,,,,,,無(非車輛駕駛人因素),尚未發現肇事因素,否,121.226838,25.088355
2024,10,20241002,162544,A1,桃園市政府警察局,桃園市蘆竹區油管路二段148號前0.0公尺,雨,有照明且開啟,市區道路,40,單路部分,直路,路段,路肩、路緣,柏油,濕潤,無缺陷,無障礙物,無遮蔽物,良好,無號誌,無號誌,行車分向線,無標記,未繪設車道線,未繪設快慢車道分隔線,有,車輛本身,撞電桿,駕駛者,恍神、緊張、心不在焉分心駕駛,死亡1;受傷0,1,慢車,微型電動二輪車,男,33,不明,未使用,不明,不明,其他,不明,,,駕駛者,恍神、緊張、心不在焉分心駕駛,否,121.278500,25.083708
2024,10,20241002,162544,A1,桃園市政府警察局,桃園市蘆竹區油管路二段148號前0.0公尺,雨,有照明且開啟,市區道路,40,單路部分,直路,路段,路肩、路緣,柏油,濕潤,無缺陷,無障礙物,無遮蔽物,良好,無號誌,無號誌,行車分向線,無標記,未繪設車道線,未繪設快慢車道分隔線,有,車輛本身,撞電桿,駕駛者,恍神、緊張、心不在焉分心駕駛,死亡1;受傷0,2,,,無或物(動物、堆置物),-1,,,,,,,,,無(非車輛駕駛人因素),尚未發現肇事因素,否,121.278500,25.083708
2024,10,20241002,213900,A1,桃園市政府警察局,桃園市龜山區南美街與麗水巷口附近,雨,有照明且開啟,市區道路,40,單路部分,直路,路段,一般車道(未劃分快慢車道),柏油,濕潤,無缺陷,無障礙物,無遮蔽物,良好,無號誌,無號誌,雙向禁止超車線,無標記,未繪設車道線,未繪設快慢車道分隔線,有,車輛本身,路上翻車、摔倒,駕駛者,酒醉(後)駕駛,死亡1;受傷0,1,機車,普通重型,男,46,戴非半罩式安全帽,未使用,車的狀態,向前直行中,機車與自行車,前車頭,機車與自行車,右側車身,駕駛者,酒醉(後)駕駛,否,121.295742,25.049507
2024,10,20241002,213900,A1,桃園市政府警察局,桃園市龜山區南美街與麗水巷口附近,雨,有照明且開啟,市區道路,40,單路部分,直路,路段,一般車道(未劃分快慢車道),柏油,濕潤,無缺陷,無障礙物,無遮蔽物,良好,無號誌,無號誌,雙向禁止超車線,無標記,未繪設車道線,未繪設快慢車道分隔線,有,車輛本身,路上翻車、摔倒,駕駛者,酒醉(後)駕駛,死亡1;受傷0,2,,,無或物(動物、堆置物),-1,,,,,,,,,無(非車輛駕駛人因素),尚未發現肇事因素,否,121.295742,25.049507
2024,10,20241004,072136,A1,桃園市政府警察局,桃園市中壢區福山路一段168號前0.0公尺附近,雨,有照明未開啟或故障,市區道路,30,單路部分,直路,路段,一般車道(未劃分快慢車道),柏油,濕潤,無缺陷,無障礙物,無遮蔽物,良好,無號誌,無號誌,無,無分向設施,未繪設車道線,未繪設快慢車道分隔線,有,車輛本身,撞電桿,駕駛者,恍神、緊張、心不在焉分心駕駛,死亡1;受傷0,1,機車,普通重型,男,22,戴半罩式安全帽,未使用,車的狀態,向前直行中,機車與自行車,左側車身,,,駕駛者,恍神、緊張、心不在焉分心駕駛,否,121.167226,24.995858
2024,10,20241004,072136,A1,桃園市政府警察局,桃園市中壢區福山路一段168號前0.0公尺附近,雨,有照明未開啟或故障,市區道路,30,單路部分,直路,路段,一般車道(未劃分快慢車道),柏油,濕潤,無缺陷,無障礙物,無遮蔽物,良好,無號誌,無號誌,無,無分向設施,未繪設車道線,未繪設快慢車道分隔線,有,車輛本身,撞電桿,駕駛者,恍神、緊張、心不在焉分心駕駛,死亡1;受傷0,2,,,無或物(動物、堆置物),-1,,,,,,,,,無(非車輛駕駛人因素),尚未發現肇事因素,否,121.167226,24.995858
2024,10,20241005,053800,A1,國道公路警察局,桃園市龜山區國道1號 45公里北側向爬坡,陰,有照明且開啟,國道,90,單路部分,直路,路段,快車道,柏油,乾燥,無缺陷,無障礙物,無遮蔽物,良好,無號誌,無號誌,中央分向島,寬式(50公分以上),車道線(附標記),未繪設快慢車道分隔線,有,車與車,追撞,駕駛者,恍神、緊張、心不在焉分心駕駛,死亡1;受傷0,1,大貨車,營業用,男,61,繫安全帶(使用幼童安全椅),未使用,車的狀態,向前直行中,汽車,前車頭,,,駕駛者,恍神、緊張、心不在焉分心駕駛,否,121.337870,25.062925
2024,10,20241005,053800,A1,國道公路警察局,桃園市龜山區國道1號 45公里北側向爬坡,陰,有照明且開啟,國道,90,單路部分,直路,路段,快車道,柏油,乾燥,無缺陷,無障礙物,無遮蔽物,良好,無號誌,無號誌,中央分向島,寬式(50公分以上),車道線(附標記),未繪設快慢車道分隔線,有,車與車,追撞,駕駛者,恍神、緊張、心不在焉分心駕駛,死亡1;受傷0,2,全聯結車,營業用,男,64,繫安全帶(使用幼童安全椅),未使用,車的狀態,向前直行中,汽車,後車尾,,,無(車輛駕駛者因素),尚未發現肇事因素,否,121.337870,25.062925
2024,10,20241005,053800,A1,國道公路警察局,桃園市龜山區國道1號 45公里北側向爬坡,陰,有照明且開啟,國道,90,單路部分,直路,路段,快車道,柏油,乾燥,無缺陷,無障礙物,無遮蔽物,良好,無號誌,無號誌,中央分向島,寬式(50公分以上),車道線(附標記),未繪設快慢車道分隔線,有,車與車,追撞,駕駛者,恍神、緊張、心不在焉分心駕駛,死亡1;受傷0,3,人,乘客,男,55,未戴安全帽或未繫安全帶(未使用幼童安全椅),非駕駛人,人的狀態,靜立(止),其他,非汽、機及自行車,,,無(非車輛駕駛人因素),尚未發現肇事因素,否,121.337870,25.062925
2024,10,20241005,165958,A1,桃園市政府警察局,桃園市大園區華興路二段251號前0.0公尺附近,晴,有照明未開啟或故障,市區道路,50,單路部分,彎曲路及附近,路段,一般車道(未劃分快慢車道),柏油,乾燥,無缺陷,無障礙物,無遮蔽物,良好,無號誌,無號誌,行車分向線,無標記,車道線(無標記),未繪設快慢車道分隔線,有,車輛本身,路上翻車、摔倒,駕駛者,未依規定減速,死亡1;受傷0,1,機車,普通重型,男,64,戴非半罩式安全帽,未使用,車的狀態,左轉彎,機車與自行車,右側車身,汽車,左側車身,駕駛者,未依規定減速,否,121.201095,25.038801
2024,10,20241005,165958,A1,桃園市政府警察局,桃園市大園區華興路二段251號前0.0公尺附近,晴,有照明未開啟或故障,市區道路,50,單路部分,彎曲路及附近,路段,一般車道(未劃分快慢車道),柏油,乾燥,無缺陷,無障礙物,無遮蔽物,良好,無號誌,無號誌,行車分向線,無標記,車道線(無標記),未繪設快慢車道分隔線,有,車輛本身,路上翻車、摔倒,駕駛者,未依規定減速,死亡1;受傷0,2,,,無或物(動物、堆置物),-1,,,,,,,,,無(非車輛駕駛人因素),尚未發現肇事因素,否,121.201095,25.038801
2024,10,20241007,052939,A1,桃園市政府警察局,桃園市大溪區復興路一段口 / 桃園市大溪區復興路一段口,晴,有照明未開啟或故障,市區道路,50,交岔路,三岔路,交叉路口,交叉路口內,柏油,乾燥,無缺陷,無障礙物,無遮蔽物,良好,無號誌,無號誌,無,無分向設施,未繪設車道線,未繪設快慢車道分隔線,無,人與車,穿越道路中,駕駛者,車輛未依規定暫停讓行人先行,死亡1;受傷0,1,小客車(含客、貨兩用),自用,男,24,不明,不明,車的狀態,向前直行中,汽車,左前車頭(身),,,駕駛者,車輛未依規定暫停讓行人先行,否,121.290959,24.840686
2024,10,20241007,052939,A1,桃園市政府警察局,桃園市大溪區復興路一段口 / 桃園市大溪區復興路一段口,晴,有照明未開啟或故障,市區道路,50,交岔路,三岔路,交叉路口,交叉路口內,柏油,乾燥,無缺陷,無障礙物,無遮蔽物,良好,無號誌,無號誌,無,無分向設施,未繪設車道線,未繪設快慢車道分隔線,無,人與車,穿越道路中,駕駛者,車輛未依規定暫停讓行人先行,死亡1;受傷0,2,人,行人,女,92,其他(無需使用保護裝備之人),非駕駛人,人的狀態,步行,其他,非汽、機及自行車,,,非駕駛者,穿越道路未注意左右來車,否,121.290959,24.840686
2024,10,20241007,064828,A1,桃園市政府警察局,桃園市大園區大觀路口 / 桃園市大園區環區北路口,晴,有照明未開啟或故障,市區道路,50,交岔路,四岔路,交叉路口,交叉路口內,柏油,乾燥,無缺陷,無障礙物,無遮蔽物,良好,行車管制號誌,正常,無,無分向設施,未繪設車道線,未繪設快慢車道分隔線,無,車與車,側撞,駕駛者,有號誌路口，轉彎車未讓直行車先行,死亡1;受傷0,1,小客車(含客、貨兩用),自用,男,57,不明,不明,車的狀態,左轉彎,汽車,右側車身,,,駕駛者,有號誌路口，轉彎車未讓直行車先行,否,121.177461,25.062808
2024,10,20241007,064828,A1,桃園市政府警察局,桃園市大園區大觀路口 / 桃園市大園區環區北路口,晴,有照明未開啟或故障,市區道路,50,交岔路,四岔路,交叉路口,交叉路口內,柏油,乾燥,無缺陷,無障礙物,無遮蔽物,良好,行車管制號誌,正常,無,無分向設施,未繪設車道線,未繪設快慢車道分隔線,無,車與車,側撞,駕駛者,有號誌路口，轉彎車未讓直行車先行,死亡1;受傷0,2,機車,普通重型,男,19,戴半罩式安全帽,未使用,車的狀態,向前直行中,機車與自行車,前車頭,,,駕駛者,恍神、緊張、心不在焉分心駕駛,否,121.177461,25.062808
2024,10,20241008,012300,A1,桃園市政府警察局,桃園市龜山區文化三路口 / 桃園市龜山區文化二路,雨,有照明且開啟,市區道路,50,交岔路,四岔路,交叉路口,交叉口附近,柏油,濕潤,無缺陷,無障礙物,無遮蔽物,良好,行車管制號誌(附設行人專用號誌),正常,中央分向島,寬式(50公分以上),未繪設車道線,未繪設快慢車道分隔線,無,車輛本身,撞交通島,駕駛者,超速駕駛,死亡1;受傷0,1,機車,大型重型1(550C.C.以上),男,27,戴半罩式安全帽,未使用,車的狀態,向前直行中,機車與自行車,右側車身,,,駕駛者,超速駕駛,否,121.361324,25.062282
2024,10,20241008,012300,A1,桃園市政府警察局,桃園市龜山區文化三路口 / 桃園市龜山區文化二路,雨,有照明且開啟,市區道路,50,交岔路,四岔路,交叉路口,交叉口附近,柏油,濕潤,無缺陷,無障礙物,無遮蔽物,良好,行車管制號誌(附設行人專用號誌),正常,中央分向島,寬式(50公分以上),未繪設車道線,未繪設快慢車道分隔線,無,車輛本身,撞交通島,駕駛者,超速駕駛,死亡1;受傷0,2,,,無或物(動物、堆置物),-1,,,,,,,,,無(非車輛駕駛人因素),尚未發現肇事因素,否,121.361324,25.062282
2024,10,20241008,012300,A1,桃園市政府警察局,桃園市龜山區文化三路口 / 桃園市龜山區文化二路,雨,有照明且開啟,市區道路,50,交岔路,四岔路,交叉路口,交叉口附近,柏油,濕潤,無缺陷,無障礙物,無遮蔽物,良好,行車管制號誌(附設行人專用號誌),正常,中央分向島,寬式(50公分以上),未繪設車道線,未繪設快慢車道分隔線,無,車輛本身,撞交通島,駕駛者,超速駕駛,死亡1;受傷0,3,小客車(含客、貨兩用),自用,男,58,不明,不明,車的狀態,靜止(引擎熄火),汽車,左側車身,,,無(車輛駕駛者因素),尚未發現肇事因素,否,121.361324,25.062282
2024,10,20241008,012300,A1,桃園市政府警察局,桃園市龜山區文化三路口 / 桃園市龜山區文化二路,雨,有照明且開啟,市區道路,50,交岔路,四岔路,交叉路口,交叉口附近,柏油,濕潤,無缺陷,無障礙物,無遮蔽物,良好,行車管制號誌(附設行人專用號誌),正常,中央分向島,寬式(50公分以上),未繪設車道線,未繪設快慢車道分隔線,無,車輛本身,撞交通島,駕駛者,超速駕駛,死亡1;受傷0,4,小客車(含客、貨兩用),自用,男,32,不明,不明,車的狀態,靜止(引擎熄火),汽車,後車尾,,,無(車輛駕駛者因素),尚未發現肇事因素,否,121.361324,25.062282
2024,10,20241008,131200,A1,桃園市政府警察局,桃園市新屋區社子里社福路258巷新社幹9左6號電桿旁(Q113100164;新屋所),雨,無照明,村里道路,30,單路部分,直路,路段,一般車道(未劃分快慢車道),柏油,濕潤,無缺陷,無障礙物,無遮蔽物,良好,無號誌,無號誌,無,無分向設施,未繪設車道線,未繪設快慢車道分隔線,有,車輛本身,撞電桿,駕駛者,患病或服用藥物(疲勞)駕駛,死亡1;受傷0,1,機車,普通重型,男,80,戴非半罩式安全帽,未使用,車的狀態,向前直行中,機車與自行車,前車頭,,,駕駛者,患病或服用藥物(疲勞)駕駛,否,121.083376,24.957914
2024,10,20241008,131200,A1,桃園市政府警察局,桃園市新屋區社子里社福路258巷新社幹9左6號電桿旁(Q113100164;新屋所),雨,無照明,村里道路,30,單路部分,直路,路段,一般車道(未劃分快慢車道),柏油,濕潤,無缺陷,無障礙物,無遮蔽物,良好,無號誌,無號誌,無,無分向設施,未繪設車道線,未繪設快慢車道分隔線,有,車輛本身,撞電桿,駕駛者,患病或服用藥物(疲勞)駕駛,死亡1;受傷0,2,,,無或物(動物、堆置物),-1,,,,,,,,,無(非車輛駕駛人因素),尚未發現肇事因素,否,121.083376,24.957914
2024,10,20241009,234600,A1,桃園市政府警察局,桃園市蘆竹區大竹路324號前0.0公尺,晴,有照明且開啟,縣道,50,單路部分,直路,路段,一般車道(未劃分快慢車道),柏油,乾燥,無缺陷,無障礙物,無遮蔽物,良好,無號誌,無號誌,雙向禁止超車線,無標記,車道線(無標記),未繪設快慢車道分隔線,有,車與車,追撞,駕駛者,恍神、緊張、心不在焉分心駕駛,死亡1;受傷0,1,小客車(含客、貨兩用),自用,男,26,繫安全帶(使用幼童安全椅),未使用,車的狀態,向前直行中,汽車,前車頭,,,駕駛者,恍神、緊張、心不在焉分心駕駛,否,121.267080,25.018528
2024,10,20241009,234600,A1,桃園市政府警察局,桃園市蘆竹區大竹路324號前0.0公尺,晴,有照明且開啟,縣道,50,單路部分,直路,路段,一般車道(未劃分快慢車道),柏油,乾燥,無缺陷,無障礙物,無遮蔽物,良好,無號誌,無號誌,雙向禁止超車線,無標記,車道線(無標記),未繪設快慢車道分隔線,有,車與車,追撞,駕駛者,恍神、緊張、心不在焉分心駕駛,死亡1;受傷0,2,慢車,腳踏自行車,男,33,不明,未使用,車的狀態,向前直行中,機車與自行車,後車尾,,,無(車輛駕駛者因素),尚未發現肇事因素,否,121.267080,25.018528
2024,10,20241009,234600,A1,桃園市政府警察局,桃園市蘆竹區大竹路324號前0.0公尺,晴,有照明且開啟,縣道,50,單路部分,直路,路段,一般車道(未劃分快慢車道),柏油,乾燥,無缺陷,無障礙物,無遮蔽物,良好,無號誌,無號誌,雙向禁止超車線,無標記,車道線(無標記),未繪設快慢車道分隔線,有,車與車,追撞,駕駛者,恍神、緊張、心不在焉分心駕駛,死亡1;受傷0,3,小客車(含客、貨兩用),自用,男,48,繫安全帶(使用幼童安全椅),未使用,車的狀態,靜止(引擎熄火),汽車,後車尾,,,無(車輛駕駛者因素),尚未發現肇事因素,否,121.267080,25.018528
2024,10,20241009,234600,A1,桃園市政府警察局,桃園市蘆竹區大竹路324號前0.0公尺,晴,有照明且開啟,縣道,50,單路部分,直路,路段,一般車道(未劃分快慢車道),柏油,乾燥,無缺陷,無障礙物,無遮蔽物,良好,無號誌,無號誌,雙向禁止超車線,無標記,車道線(無標記),未繪設快慢車道分隔線,有,車與車,追撞,駕駛者,恍神、緊張、心不在焉分心駕駛,死亡1;受傷0,4,,,無或物(動物、堆置物),-1,,,,,,,,,無(非車輛駕駛人因素),尚未發現肇事因素,否,121.267080,25.018528
2024,10,20241011,103700,A1,桃園市政府警察局,桃園市平鎮區金陵路七段口 / 桃園市平鎮區洪圳路口,晴,有照明未開啟或故障,市區道路,40,交岔路,四岔路,交叉路口,交叉路口內,柏油,乾燥,無缺陷,無障礙物,無遮蔽物,良好,行車管制號誌,正常,無,無分向設施,未繪設車道線,未繪設快慢車道分隔線,無,車與車,路口交岔撞,駕駛者,闖紅燈直行,死亡1;受傷0,1,大貨車,自用,男,64,繫安全帶(使用幼童安全椅),未使用,車的狀態,向前直行中,汽車,右前車頭(身),,,駕駛者,闖紅燈直行,否,121.237691,24.891545
2024,10,20241011,103700,A1,桃園市政府警察局,桃園市平鎮區金陵路七段口 / 桃園市平鎮區洪圳路口,晴,有照明未開啟或故障,市區道路,40,交岔路,四岔路,交叉路口,交叉路口內,柏油,乾燥,無缺陷,無障礙物,無遮蔽物,良好,行車管制號誌,正常,無,無分向設施,未繪設車道線,未繪設快慢車道分隔線,無,車與車,路口交岔撞,駕駛者,闖紅燈直行,死亡1;受傷0,2,機車,普通重型,女,56,戴半罩式安全帽,未使用,車的狀態,向前直行中,機車與自行車,右側車身,,,無(車輛駕駛者因素),尚未發現肇事因素,否,121.237691,24.891545
2024,10,20241017,054218,A1,桃園市政府警察局,桃園市楊梅區梅高路二段889號前0.0公尺附近,晴,有照明且開啟,市區道路,50,單路部分,直路,路段,路肩、路緣,柏油,乾燥,無缺陷,無障礙物,無遮蔽物,良好,無號誌,無號誌,行車分向線,附標記,車道線(附標記),未繪設快慢車道分隔線,有,車輛本身,撞號誌、標誌桿,駕駛者,恍神、緊張、心不在焉分心駕駛,死亡1;受傷0,1,機車,普通重型,男,27,戴非半罩式安全帽,未使用,車的狀態,向前直行中,機車與自行車,前車頭,機車與自行車,右側車身,駕駛者,恍神、緊張、心不在焉分心駕駛,否,121.144803,24.934901
2024,10,20241017,054218,A1,桃園市政府警察局,桃園市楊梅區梅高路二段889號前0.0公尺附近,晴,有照明且開啟,市區道路,50,單路部分,直路,路段,路肩、路緣,柏油,乾燥,無缺陷,無障礙物,無遮蔽物,良好,無號誌,無號誌,行車分向線,附標記,車道線(附標記),未繪設快慢車道分隔線,有,車輛本身,撞號誌、標誌桿,駕駛者,恍神、緊張、心不在焉分心駕駛,死亡1;受傷0,2,,,無或物(動物、堆置物),-1,,,,,,,,,無(非車輛駕駛人因素),尚未發現肇事因素,否,121.144803,24.934901
2024,10,20241021,020600,A1,桃園市政府警察局,桃園市中壢區月桃路615巷前0.0公尺附近,晴,有照明且開啟,市區道路,50,單路部分,直路,路段,一般車道(未劃分快慢車道),柏油,乾燥,無缺陷,無障礙物,無遮蔽物,良好,無號誌,無號誌,中央分向島,寬式(50公分以上),未繪設車道線,未繪設快慢車道分隔線,無,車輛本身,撞交通島,駕駛者,未依規定減速,死亡1;受傷0,1,機車,普通重型,男,14,戴半罩式安全帽,未使用,車的狀態,向前直行中,其他,不明,,,駕駛者,未依規定減速,否,121.185472,25.009603
2024,10,20241021,020600,A1,桃園市政府警察局,桃園市中壢區月桃路615巷前0.0公尺附近,晴,有照明且開啟,市區道路,50,單路部分,直路,路段,一般車道(未劃分快慢車道),柏油,乾燥,無缺陷,無障礙物,無遮蔽物,良好,無號誌,無號誌,中央分向島,寬式(50公分以上),未繪設車道線,未繪設快慢車道分隔線,無,車輛本身,撞交通島,駕駛者,未依規定減速,死亡1;受傷0,2,,,無或物(動物、堆置物),-1,,,,,,,,,無(非車輛駕駛人因素),尚未發現肇事因素,否,121.185472,25.009603
2024,10,20241024,084310,A1,桃園市政府警察局,桃園市中壢區環西路口 / 桃園市中壢區志廣路口,雨,有照明且開啟,市區道路,50,交岔路,四岔路,其他,行人穿越道,柏油,濕潤,無缺陷,無障礙物,無遮蔽物,良好,行車管制號誌,正常,無,無分向設施,未繪設車道線,未繪設快慢車道分隔線,無,人與車,同向通行中,駕駛者,車輛未依規定暫停讓行人先行,死亡1;受傷0,1,小貨車,自用,男,31,繫安全帶(使用幼童安全椅),未使用,車的狀態,右轉彎,汽車,前車頭,,,駕駛者,車輛未依規定暫停讓行人先行,否,121.207525,24.960815
2024,10,20241024,084310,A1,桃園市政府警察局,桃園市中壢區環西路口 / 桃園市中壢區志廣路口,雨,有照明且開啟,市區道路,50,交岔路,四岔路,其他,行人穿越道,柏油,濕潤,無缺陷,無障礙物,無遮蔽物,良好,行車管制號誌,正常,無,無分向設施,未繪設車道線,未繪設快慢車道分隔線,無,人與車,同向通行中,駕駛者,車輛未依規定暫停讓行人先行,死亡1;受傷0,2,人,行人,女,75,其他(無需使用保護裝備之人),非駕駛人,人的狀態,步行,其他,非汽、機及自行車,,,無(非車輛駕駛人因素),尚未發現肇事因素,否,121.207525,24.960815
2024,10,20241025,110400,A1,桃園市政府警察局,桃園市中壢區東園路口 / 桃園市中壢區自強四路口,雨,有照明未開啟或故障,市區道路,40,交岔路,三岔路,交叉路口,交叉口附近,柏油,濕潤,無缺陷,無障礙物,無遮蔽物,良好,行車管制號誌,正常,無,無分向設施,未繪設車道線,未繪設快慢車道分隔線,無,車輛本身,路上翻車、摔倒,駕駛者,違規超車,死亡1;受傷0,1,機車,普通重型,女,29,戴非半罩式安全帽,未使用,車的狀態,向前直行中,機車與自行車,左側車身,,,駕駛者,違規超車,否,121.239708,24.972640
2024,10,20241025,110400,A1,桃園市政府警察局,桃園市中壢區東園路口 / 桃園市中壢區自強四路口,雨,有照明未開啟或故障,市區道路,40,交岔路,三岔路,交叉路口,交叉口附近,柏油,濕潤,無缺陷,無障礙物,無遮蔽物,良好,行車管制號誌,正常,無,無分向設施,未繪設車道線,未繪設快慢車道分隔線,無,車輛本身,路上翻車、摔倒,駕駛者,違規超車,死亡1;受傷0,2,,,無或物(動物、堆置物),-1,,,,,,,,,無(非車輛駕駛人因素),尚未發現肇事因素,否,121.239708,24.972640
2024,10,20241025,110400,A1,桃園市政府警察局,桃園市中壢區東園路口 / 桃園市中壢區自強四路口,雨,有照明未開啟或故障,市區道路,40,交岔路,三岔路,交叉路口,交叉口附近,柏油,濕潤,無缺陷,無障礙物,無遮蔽物,良好,行車管制號誌,正常,無,無分向設施,未繪設車道線,未繪設快慢車道分隔線,無,車輛本身,路上翻車、摔倒,駕駛者,違規超車,死亡1;受傷0,3,大貨車,自用,男,41,繫安全帶(使用幼童安全椅),未使用,車的狀態,向前直行中,汽車,右側車身,,,其他,其他不當駕車行為,否,121.239708,24.972640
2024,10,20241026,005320,A1,桃園市政府警察局,桃園市新屋區九斗里長祥路口 / 桃園市新屋區九斗里圳禾路口,晴,有照明且開啟,市區道路,30,交岔路,四岔路,交叉路口,交叉路口內,柏油,乾燥,無缺陷,無障礙物,無遮蔽物,良好,閃光號誌,正常,無,無分向設施,未繪設車道線,未繪設快慢車道分隔線,無,車與車,路口交岔撞,駕駛者,違反閃光號誌,死亡1;受傷0,1,機車,普通重型,男,20,戴半罩式安全帽,未使用,車的狀態,向前直行中,機車與自行車,前車頭,,,駕駛者,違反閃光號誌,否,121.123498,24.955281
2024,10,20241026,005320,A1,桃園市政府警察局,桃園市新屋區九斗里長祥路口 / 桃園市新屋區九斗里圳禾路口,晴,有照明且開啟,市區道路,30,交岔路,四岔路,交叉路口,交叉路口內,柏油,乾燥,無缺陷,無障礙物,無遮蔽物,良好,閃光號誌,正常,無,無分向設施,未繪設車道線,未繪設快慢車道分隔線,無,車與車,路口交岔撞,駕駛者,違反閃光號誌,死亡1;受傷0,2,全聯結車,營業用,男,56,繫安全帶(使用幼童安全椅),未使用,車的狀態,向前直行中,汽車,左側車身,,,無(車輛駕駛者因素),尚未發現肇事因素,否,121.123498,24.955281
2024,10,20241027,124800,A1,國道公路警察局,桃園市蘆竹區國道1號 46公里100.0公尺處北側向路肩,晴,有照明且開啟,國道,100,單路部分,直路,路段,路肩、路緣,柏油,乾燥,無缺陷,無障礙物,無遮蔽物,良好,無號誌,無號誌,中央分向島,寬式(50公分以上),車道線(附標記),未繪設快慢車道分隔線,有,車與車,同向擦撞,駕駛者,患病或服用藥物(疲勞)駕駛,死亡1;受傷5,1,小客車(含客、貨兩用),自用,男,58,繫安全帶(使用幼童安全椅),未使用,車的狀態,向右變換車道,汽車,前車頭,汽車,右側車身,駕駛者,患病或服用藥物(疲勞)駕駛,否,121.325423,25.051519
2024,10,20241027,124800,A1,國道公路警察局,桃園市蘆竹區國道1號 46公里100.0公尺處北側向路肩,晴,有照明且開啟,國道,100,單路部分,直路,路段,路肩、路緣,柏油,乾燥,無缺陷,無障礙物,無遮蔽物,良好,無號誌,無號誌,中央分向島,寬式(50公分以上),車道線(附標記),未繪設快慢車道分隔線,有,車與車,同向擦撞,駕駛者,患病或服用藥物(疲勞)駕駛,死亡1;受傷5,2,小客車(含客、貨兩用),自用,男,35,繫安全帶(使用幼童安全椅),未使用,車的狀態,向前直行中,汽車,左後車尾(身),,,無(車輛駕駛者因素),尚未發現肇事因素,否,121.325423,25.051519
2024,10,20241027,124800,A1,國道公路警察局,桃園市蘆竹區國道1號 46公里100.0公尺處北側向路肩,晴,有照明且開啟,國道,100,單路部分,直路,路段,路肩、路緣,柏油,乾燥,無缺陷,無障礙物,無遮蔽物,良好,無號誌,無號誌,中央分向島,寬式(50公分以上),車道線(附標記),未繪設快慢車道分隔線,有,車與車,同向擦撞,駕駛者,患病或服用藥物(疲勞)駕駛,死亡1;受傷5,3,,,無或物(動物、堆置物),-1,,,,,,,,,無(非車輛駕駛人因素),尚未發現肇事因素,否,121.325423,25.051519
2024,10,20241027,124800,A1,國道公路警察局,桃園市蘆竹區國道1號 46公里100.0公尺處北側向路肩,晴,有照明且開啟,國道,100,單路部分,直路,路段,路肩、路緣,柏油,乾燥,無缺陷,無障礙物,無遮蔽物,良好,無號誌,無號誌,中央分向島,寬式(50公分以上),車道線(附標記),未繪設快慢車道分隔線,有,車與車,同向擦撞,駕駛者,患病或服用藥物(疲勞)駕駛,死亡1;受傷5,4,,,無或物(動物、堆置物),-1,,,,,,,,,無(非車輛駕駛人因素),尚未發現肇事因素,否,121.325423,25.051519
2024,10,20241027,124800,A1,國道公路警察局,桃園市蘆竹區國道1號 46公里100.0公尺處北側向路肩,晴,有照明且開啟,國道,100,單路部分,直路,路段,路肩、路緣,柏油,乾燥,無缺陷,無障礙物,無遮蔽物,良好,無號誌,無號誌,中央分向島,寬式(50公分以上),車道線(附標記),未繪設快慢車道分隔線,有,車與車,同向擦撞,駕駛者,患病或服用藥物(疲勞)駕駛,死亡1;受傷5,5,小客車(含客、貨兩用),自用,男,35,繫安全帶(使用幼童安全椅),未使用,車的狀態,向前直行中,汽車,前車頭,,,無(車輛駕駛者因素),尚未發現肇事因素,否,121.325423,25.051519
2024,10,20241027,124800,A1,國道公路警察局,桃園市蘆竹區國道1號 46公里100.0公尺處北側向路肩,晴,有照明且開啟,國道,100,單路部分,直路,路段,路肩、路緣,柏油,乾燥,無缺陷,無障礙物,無遮蔽物,良好,無號誌,無號誌,中央分向島,寬式(50公分以上),車道線(附標記),未繪設快慢車道分隔線,有,車與車,同向擦撞,駕駛者,患病或服用藥物(疲勞)駕駛,死亡1;受傷5,6,人,乘客,女,36,繫安全帶(使用幼童安全椅),非駕駛人,人的狀態,靜立(止),其他,非汽、機及自行車,,,無(非車輛駕駛人因素),尚未發現肇事因素,否,121.325423,25.051519
2024,10,20241027,124800,A1,國道公路警察局,桃園市蘆竹區國道1號 46公里100.0公尺處北側向路肩,晴,有照明且開啟,國道,100,單路部分,直路,路段,路肩、路緣,柏油,乾燥,無缺陷,無障礙物,無遮蔽物,良好,無號誌,無號誌,中央分向島,寬式(50公分以上),車道線(附標記),未繪設快慢車道分隔線,有,車與車,同向擦撞,駕駛者,患病或服用藥物(疲勞)駕駛,死亡1;受傷5,7,人,乘客,女,22,繫安全帶(使用幼童安全椅),非駕駛人,人的狀態,靜立(止),其他,非汽、機及自行車,,,無(非車輛駕駛人因素),尚未發現肇事因素,否,121.325423,25.051519
2024,10,20241027,124800,A1,國道公路警察局,桃園市蘆竹區國道1號 46公里100.0公尺處北側向路肩,晴,有照明且開啟,國道,100,單路部分,直路,路段,路肩、路緣,柏油,乾燥,無缺陷,無障礙物,無遮蔽物,良好,無號誌,無號誌,中央分向島,寬式(50公分以上),車道線(附標記),未繪設快慢車道分隔線,有,車與車,同向擦撞,駕駛者,患病或服用藥物(疲勞)駕駛,死亡1;受傷5,8,人,乘客,男,1,未戴安全帽或未繫安全帶(未使用幼童安全椅),非駕駛人,人的狀態,靜立(止),其他,非汽、機及自行車,,,無(非車輛駕駛人因素),尚未發現肇事因素,否,121.325423,25.051519
2024,10,20241027,124800,A1,國道公路警察局,桃園市蘆竹區國道1號 46公里100.0公尺處北側向路肩,晴,有照明且開啟,國道,100,單路部分,直路,路段,路肩、路緣,柏油,乾燥,無缺陷,無障礙物,無遮蔽物,良好,無號誌,無號誌,中央分向島,寬式(50公分以上),車道線(附標記),未繪設快慢車道分隔線,有,車與車,同向擦撞,駕駛者,患病或服用藥物(疲勞)駕駛,死亡1;受傷5,9,人,乘客,女,3,未戴安全帽或未繫安全帶(未使用幼童安全椅),非駕駛人,人的狀態,靜立(止),其他,非汽、機及自行車,,,無(非車輛駕駛人因素),尚未發現肇事因素,否,121.325423,25.051519
2024,10,20241028,074000,A1,桃園市政府警察局,桃園市觀音區成功路一段口 / 桃園市觀音區保障路口,雨,無照明,市區道路,50,交岔路,四岔路,交叉路口,交叉路口內,柏油,濕潤,無缺陷,無障礙物,無遮蔽物,良好,行車管制號誌,正常,無,無分向設施,未繪設車道線,未繪設快慢車道分隔線,無,車與車,側撞,駕駛者,左轉彎未依規定,死亡1;受傷1,1,小貨車,自用,男,38,繫安全帶(使用幼童安全椅),未使用,車的狀態,左轉彎,汽車,右後車尾(身),,,駕駛者,左轉彎未依規定,否,121.141660,25.054885
2024,10,20241028,074000,A1,桃園市政府警察局,桃園市觀音區成功路一段口 / 桃園市觀音區保障路口,雨,無照明,市區道路,50,交岔路,四岔路,交叉路口,交叉路口內,柏油,濕潤,無缺陷,無障礙物,無遮蔽物,良好,行車管制號誌,正常,無,無分向設施,未繪設車道線,未繪設快慢車道分隔線,無,車與車,側撞,駕駛者,左轉彎未依規定,死亡1;受傷1,2,機車,普通重型,男,30,戴非半罩式安全帽,未使用,車的狀態,向前直行中,機車與自行車,前車頭,,,駕駛者,恍神、緊張、心不在焉分心駕駛,否,121.141660,25.054885
2024,10,20241028,074000,A1,桃園市政府警察局,桃園市觀音區成功路一段口 / 桃園市觀音區保障路口,雨,無照明,市區道路,50,交岔路,四岔路,交叉路口,交叉路口內,柏油,濕潤,無缺陷,無障礙物,無遮蔽物,良好,行車管制號誌,正常,無,無分向設施,未繪設車道線,未繪設快慢車道分隔線,無,車與車,側撞,駕駛者,左轉彎未依規定,死亡1;受傷1,3,人,乘客,女,42,戴非半罩式安全帽,非駕駛人,人的狀態,靜立(止),其他,非汽、機及自行車,,,無(非車輛駕駛人因素),尚未發現肇事因素,否,121.141660,25.054885
2024,11,20241101,170916,A1,桃園市政府警察局,桃園市觀音區聖心路口 / 桃園市觀音區聖心二街口,雨,有照明且開啟,市區道路,50,交岔路,四岔路,交叉路口,交叉路口內,柏油,濕潤,無缺陷,無障礙物,無遮蔽物,良好,無號誌,無號誌,無,無分向設施,未繪設車道線,未繪設快慢車道分隔線,無,車與車,路口交岔撞,駕駛者,無號誌路口，支線道未讓幹線道先行,死亡1;受傷0,1,機車,普通重型,男,34,戴半罩式安全帽,未使用,車的狀態,向前直行中,機車與自行車,前車頭,,,駕駛者,無號誌路口，支線道未讓幹線道先行,否,121.133055,25.039013
2024,11,20241101,170916,A1,桃園市政府警察局,桃園市觀音區聖心路口 / 桃園市觀音區聖心二街口,雨,有照明且開啟,市區道路,50,交岔路,四岔路,交叉路口,交叉路口內,柏油,濕潤,無缺陷,無障礙物,無遮蔽物,良好,無號誌,無號誌,無,無分向設施,未繪設車道線,未繪設快慢車道分隔線,無,車與車,路口交岔撞,駕駛者,無號誌路口，支線道未讓幹線道先行,死亡1;受傷0,2,小客車(含客、貨兩用),自用,男,45,繫安全帶(使用幼童安全椅),未使用,車的狀態,向前直行中,汽車,左前車頭(身),,,駕駛者,未依規定減速,否,121.133055,25.039013
2024,11,20241103,192100,A1,桃園市政府警察局,桃園市龍潭區龍新路三和段1717號前0.0公尺附近,陰,有照明且開啟,市區道路,40,單路部分,直路,路段,一般車道(未劃分快慢車道),柏油,乾燥,無缺陷,無障礙物,無遮蔽物,良好,無號誌,無號誌,行車分向線,無標記,未繪設車道線,未繪設快慢車道分隔線,有,人與車,穿越道路中,駕駛者,恍神、緊張、心不在焉分心駕駛,死亡1;受傷0,1,小客車(含客、貨兩用),租賃車,男,27,繫安全帶(使用幼童安全椅),未使用,車的狀態,向前直行中,汽車,左前車頭(身),,,駕駛者,恍神、緊張、心不在焉分心駕駛,否,121.161623,24.845292
2024,11,20241103,192100,A1,桃園市政府警察局,桃園市龍潭區龍新路三和段1717號前0.0公尺附近,陰,有照明且開啟,市區道路,40,單路部分,直路,路段,一般車道(未劃分快慢車道),柏油,乾燥,無缺陷,無障礙物,無遮蔽物,良好,無號誌,無號誌,行車分向線,無標記,未繪設車道線,未繪設快慢車道分隔線,有,人與車,穿越道路中,駕駛者,恍神、緊張、心不在焉分心駕駛,死亡1;受傷0,2,人,行人,女,67,其他(無需使用保護裝備之人),非駕駛人,人的狀態,步行,其他,無撞擊,,,非駕駛者,穿越道路未注意左右來車,否,121.161623,24.845292
2024,11,20241103,192100,A1,桃園市政府警察局,桃園市龍潭區龍新路三和段1717號前0.0公尺附近,陰,有照明且開啟,市區道路,40,單路部分,直路,路段,一般車道(未劃分快慢車道),柏油,乾燥,無缺陷,無障礙物,無遮蔽物,良好,無號誌,無號誌,行車分向線,無標記,未繪設車道線,未繪設快慢車道分隔線,有,人與車,穿越道路中,駕駛者,恍神、緊張、心不在焉分心駕駛,死亡1;受傷0,3,人,行人,男,99,其他(無需使用保護裝備之人),非駕駛人,人的狀態,步行,其他,無撞擊,,,非駕駛者,穿越道路未注意左右來車,否,121.161623,24.845292
2024,11,20241103,192100,A1,桃園市政府警察局,桃園市龍潭區龍新路三和段1717號前0.0公尺附近,陰,有照明且開啟,市區道路,40,單路部分,直路,路段,一般車道(未劃分快慢車道),柏油,乾燥,無缺陷,無障礙物,無遮蔽物,良好,無號誌,無號誌,行車分向線,無標記,未繪設車道線,未繪設快慢車道分隔線,有,人與車,穿越道路中,駕駛者,恍神、緊張、心不在焉分心駕駛,死亡1;受傷0,4,人,行人,女,99,其他(無需使用保護裝備之人),非駕駛人,人的狀態,靜立(止),其他,非汽、機及自行車,,,無(非車輛駕駛人因素),尚未發現肇事因素,否,121.161623,24.845292
2024,11,20241103,192100,A1,桃園市政府警察局,桃園市龍潭區龍新路三和段1717號前0.0公尺附近,陰,有照明且開啟,市區道路,40,單路部分,直路,路段,一般車道(未劃分快慢車道),柏油,乾燥,無缺陷,無障礙物,無遮蔽物,良好,無號誌,無號誌,行車分向線,無標記,未繪設車道線,未繪設快慢車道分隔線,有,人與車,穿越道路中,駕駛者,恍神、緊張、心不在焉分心駕駛,死亡1;受傷0,5,人,行人,女,71,其他(無需使用保護裝備之人),非駕駛人,人的狀態,靜立(止),其他,無撞擊,,,無(非車輛駕駛人因素),尚未發現肇事因素,否,121.161623,24.845292
2024,11,20241108,141500,A1,桃園市政府警察局,桃園市大溪區三元一街111巷前0.0公尺口,晴,有照明未開啟或故障,市區道路,30,交岔路,三岔路,路段,一般車道(未劃分快慢車道),柏油,乾燥,無缺陷,無障礙物,無遮蔽物,良好,無號誌,無號誌,無,無分向設施,未繪設車道線,未繪設快慢車道分隔線,有,車與車,對撞,駕駛者,違規超車,死亡1;受傷0,1,小客車(含客、貨兩用),自用,男,58,繫安全帶(使用幼童安全椅),未使用,車的狀態,超車(含超越),汽車,左前車頭(身),,,駕駛者,違規超車,否,121.273118,24.883493
2024,11,20241108,141500,A1,桃園市政府警察局,桃園市大溪區三元一街111巷前0.0公尺口,晴,有照明未開啟或故障,市區道路,30,交岔路,三岔路,路段,一般車道(未劃分快慢車道),柏油,乾燥,無缺陷,無障礙物,無遮蔽物,良好,無號誌,無號誌,無,無分向設施,未繪設車道線,未繪設快慢車道分隔線,有,車與車,對撞,駕駛者,違規超車,死亡1;受傷0,2,機車,普通重型,男,20,戴半罩式安全帽,未使用,車的狀態,向前直行中,機車與自行車,左側車身,機車與自行車,前車頭,無(車輛駕駛者因素),尚未發現肇事因素,否,121.273118,24.883493
2024,11,20241111,043800,A1,桃園市政府警察局,桃園市龜山區龜山一路近文化三路口,陰,有照明且開啟,市區道路,50,單路部分,直路,路段,一般車道(未劃分快慢車道),柏油,乾燥,無缺陷,無障礙物,無遮蔽物,良好,無號誌,無號誌,中央分向島,寬式(50公分以上),車道線(附標記),快慢車道分隔線,有,車輛本身,撞交通島,駕駛者,違反其他標誌(線)禁制,死亡1;受傷2,1,機車,普通重型,男,18,戴半罩式安全帽,未使用,車的狀態,向右變換車道,機車與自行車,後車尾,,,駕駛者,違反其他標誌(線)禁制,否,121.359435,25.064265
2024,11,20241111,043800,A1,桃園市政府警察局,桃園市龜山區龜山一路近文化三路口,陰,有照明且開啟,市區道路,50,單路部分,直路,路段,一般車道(未劃分快慢車道),柏油,乾燥,無缺陷,無障礙物,無遮蔽物,良好,無號誌,無號誌,中央分向島,寬式(50公分以上),車道線(附標記),快慢車道分隔線,有,車輛本身,撞交通島,駕駛者,違反其他標誌(線)禁制,死亡1;受傷2,2,,,無或物(動物、堆置物),-1,,,,,,,,,交通管制(設施),路況危險無安全(警告)設施,否,121.359435,25.064265
2024,11,20241111,043800,A1,桃園市政府警察局,桃園市龜山區龜山一路近文化三路口,陰,有照明且開啟,市區道路,50,單路部分,直路,路段,一般車道(未劃分快慢車道),柏油,乾燥,無缺陷,無障礙物,無遮蔽物,良好,無號誌,無號誌,中央分向島,寬式(50公分以上),車道線(附標記),快慢車道分隔線,有,車輛本身,撞交通島,駕駛者,違反其他標誌(線)禁制,死亡1;受傷2,3,機車,普通重型,男,24,戴半罩式安全帽,未使用,車的狀態,向左變換車道,機車與自行車,前車頭,,,駕駛者,恍神、緊張、心不在焉分心駕駛,否,121.359435,25.064265
2024,11,20241111,043800,A1,桃園市政府警察局,桃園市龜山區龜山一路近文化三路口,陰,有照明且開啟,市區道路,50,單路部分,直路,路段,一般車道(未劃分快慢車道),柏油,乾燥,無缺陷,無障礙物,無遮蔽物,良好,無號誌,無號誌,中央分向島,寬式(50公分以上),車道線(附標記),快慢車道分隔線,有,車輛本身,撞交通島,駕駛者,違反其他標誌(線)禁制,死亡1;受傷2,4,人,乘客,女,14,戴半罩式安全帽,非駕駛人,人的狀態,其他,其他,非汽、機及自行車,,,無(非車輛駕駛人因素),尚未發現肇事因素,否,121.359435,25.064265
2024,11,20241111,054800,A1,桃園市政府警察局,桃園市龜山區東萬壽路18.5K處,陰,有照明且開啟,市區道路,50,單路部分,彎曲路及附近,路段,快車道,柏油,乾燥,無缺陷,無障礙物,無遮蔽物,良好,無號誌,無號誌,中央分向島,窄式無柵欄,未繪設車道線,快慢車道分隔線,有,車輛本身,撞交通島,駕駛者,恍神、緊張、心不在焉分心駕駛,死亡1;受傷0,1,機車,普通重型,男,32,戴半罩式安全帽,未使用,車的狀態,向前直行中,機車與自行車,左側車身,,,駕駛者,恍神、緊張、心不在焉分心駕駛,否,121.373103,25.007959
2024,11,20241111,054800,A1,桃園市政府警察局,桃園市龜山區東萬壽路18.5K處,陰,有照明且開啟,市區道路,50,單路部分,彎曲路及附近,路段,快車道,柏油,乾燥,無缺陷,無障礙物,無遮蔽物,良好,無號誌,無號誌,中央分向島,窄式無柵欄,未繪設車道線,快慢車道分隔線,有,車輛本身,撞交通島,駕駛者,恍神、緊張、心不在焉分心駕駛,死亡1;受傷0,2,,,無或物(動物、堆置物),-1,,,,,,,,,無(非車輛駕駛人因素),尚未發現肇事因素,否,121.373103,25.007959
2024,11,20241111,123843,A1,桃園市政府警察局,桃園市新屋區東明里成功路口 / 桃園市新屋區東明里中山路口,陰,有照明未開啟或故障,市區道路,50,交岔路,四岔路,交叉路口,交叉路口內,柏油,乾燥,無缺陷,無障礙物,無遮蔽物,良好,無號誌,無號誌,無,無分向設施,未繪設車道線,未繪設快慢車道分隔線,無,車輛本身,撞護欄(樁),駕駛者,患病或服用藥物(疲勞)駕駛,死亡1;受傷0,1,小客車(含客、貨兩用),自用,男,39,不明,不明,車的狀態,向前直行中,汽車,前車頭,,,駕駛者,患病或服用藥物(疲勞)駕駛,否,121.096535,24.973253
2024,11,20241111,123843,A1,桃園市政府警察局,桃園市新屋區東明里成功路口 / 桃園市新屋區東明里中山路口,陰,有照明未開啟或故障,市區道路,50,交岔路,四岔路,交叉路口,交叉路口內,柏油,乾燥,無缺陷,無障礙物,無遮蔽物,良好,無號誌,無號誌,無,無分向設施,未繪設車道線,未繪設快慢車道分隔線,無,車輛本身,撞護欄(樁),駕駛者,患病或服用藥物(疲勞)駕駛,死亡1;受傷0,2,,,無或物(動物、堆置物),-1,,,,,,,,,無(非車輛駕駛人因素),尚未發現肇事因素,否,121.096535,24.973253
2024,11,20241117,003738,A1,桃園市政府警察局,桃園市龍潭區福龍路二段257號前0.0公尺附近,雨,有照明且開啟,村里道路,50,單路部分,彎曲路及附近,路段,機車優先道,柏油,濕潤,無缺陷,路上有停車,有遮蔽物,建築物,無號誌,無號誌,雙向禁止超車線,無標記,未繪設車道線,快慢車道分隔線,有,車與車,其他,駕駛者,恍神、緊張、心不在焉分心駕駛,死亡1;受傷0,1,機車,普通重型,男,30,戴非半罩式安全帽,不明,車的狀態,向前直行中,機車與自行車,前車頭,機車與自行車,前車頭,駕駛者,恍神、緊張、心不在焉分心駕駛,否,121.222363,24.886894
2024,11,20241117,003738,A1,桃園市政府警察局,桃園市龍潭區福龍路二段257號前0.0公尺附近,雨,有照明且開啟,村里道路,50,單路部分,彎曲路及附近,路段,機車優先道,柏油,濕潤,無缺陷,路上有停車,有遮蔽物,建築物,無號誌,無號誌,雙向禁止超車線,無標記,未繪設車道線,快慢車道分隔線,有,車與車,其他,駕駛者,恍神、緊張、心不在焉分心駕駛,死亡1;受傷0,2,小客車(含客、貨兩用),自用,男,46,不明,不明,車的狀態,靜止(引擎熄火),汽車,後車尾,汽車,後車尾,其他,違規(臨時)停車,否,121.222363,24.886894
2024,11,20241120,082513,A1,桃園市政府警察局,桃園市觀音區保障六路(電桿號B1546GB99),雨,有照明未開啟或故障,市區道路,30,單路部分,彎曲路及附近,路段,一般車道(未劃分快慢車道),柏油,濕潤,無缺陷,無障礙物,無遮蔽物,良好,無號誌,無號誌,無,無分向設施,未繪設車道線,未繪設快慢車道分隔線,有,車與車,對向擦撞,其他,車輛或機械操作不當(慎),死亡1;受傷0,1,機車,普通重型,男,34,不明,不明,車的狀態,向前直行中,機車與自行車,後車尾,,,其他,車輛或機械操作不當(慎),否,121.133963,25.065013
2024,11,20241120,082513,A1,桃園市政府警察局,桃園市觀音區保障六路(電桿號B1546GB99),雨,有照明未開啟或故障,市區道路,30,單路部分,彎曲路及附近,路段,一般車道(未劃分快慢車道),柏油,濕潤,無缺陷,無障礙物,無遮蔽物,良好,無號誌,無號誌,無,無分向設施,未繪設車道線,未繪設快慢車道分隔線,有,車與車,對向擦撞,其他,車輛或機械操作不當(慎),死亡1;受傷0,2,小貨車,自用,男,43,不明,不明,車的狀態,向前直行中,汽車,左後車尾(身),,,無(車輛駕駛者因素),尚未發現肇事因素,否,121.133963,25.065013
2024,11,20241125,043300,A1,桃園市政府警察局,桃園市中壢區民權路北側 / 桃園市中壢區光輝五街,晴,有照明且開啟,市區道路,50,交岔路,三岔路,路段,一般車道(未劃分快慢車道),柏油,乾燥,無缺陷,無障礙物,無遮蔽物,良好,閃光號誌,正常,無,無分向設施,未繪設車道線,未繪設快慢車道分隔線,無,車與車,其他,駕駛者,恍神、緊張、心不在焉分心駕駛,死亡1;受傷0,1,小客車(含客、貨兩用),自用,男,36,繫安全帶(使用幼童安全椅),未使用,車的狀態,向前直行中,汽車,前車頭,,,駕駛者,恍神、緊張、心不在焉分心駕駛,否,121.217280,24.963750
2024,11,20241125,043300,A1,桃園市政府警察局,桃園市中壢區民權路北側 / 桃園市中壢區光輝五街,晴,有照明且開啟,市區道路,50,交岔路,三岔路,路段,一般車道(未劃分快慢車道),柏油,乾燥,無缺陷,無障礙物,無遮蔽物,良好,閃光號誌,正常,無,無分向設施,未繪設車道線,未繪設快慢車道分隔線,無,車與車,其他,駕駛者,恍神、緊張、心不在焉分心駕駛,死亡1;受傷0,2,慢車,人力車,女,65,其他(無需使用保護裝備之人),不明,車的狀態,迴轉或橫越道路中,其他,不明,,,駕駛者,橫越道路不慎,否,121.217280,24.963750
2024,11,20241125,074312,A1,桃園市政府警察局,桃園市觀音區成功路一段口 / 桃園市觀音區忠孝路附近,晴,無照明,市區道路,50,交岔路,四岔路,交叉路口,交叉口附近,柏油,乾燥,無缺陷,無障礙物,無遮蔽物,良好,行車管制號誌,正常,中央分向島,寬式(50公分以上),車道線(無標記),未繪設快慢車道分隔線,有,車與車,同向擦撞,駕駛者,違反其他標誌(線)禁制,死亡1;受傷0,1,大貨車,營業用,男,50,繫安全帶(使用幼童安全椅),未使用,車的狀態,右轉彎,汽車,右側車身,,,駕駛者,違反其他標誌(線)禁制,否,121.138830,25.055012
2024,11,20241125,074312,A1,桃園市政府警察局,桃園市觀音區成功路一段口 / 桃園市觀音區忠孝路附近,晴,無照明,市區道路,50,交岔路,四岔路,交叉路口,交叉口附近,柏油,乾燥,無缺陷,無障礙物,無遮蔽物,良好,行車管制號誌,正常,中央分向島,寬式(50公分以上),車道線(無標記),未繪設快慢車道分隔線,有,車與車,同向擦撞,駕駛者,違反其他標誌(線)禁制,死亡1;受傷0,2,機車,普通重型,女,58,戴非半罩式安全帽,未使用,車的狀態,向前直行中,機車與自行車,左側車身,,,駕駛者,違反其他標誌(線)禁制,否,121.138830,25.055012
2024,11,20241125,121300,A1,桃園市政府警察局,桃園市八德區長興路360巷電桿(山仁分線25號)旁溪底,晴,有照明未開啟或故障,市區道路,30,單路部分,彎曲路及附近,路段,一般車道(未劃分快慢車道),柏油,乾燥,無缺陷,無障礙物,無遮蔽物,良好,無號誌,無號誌,無,無分向設施,未繪設車道線,未繪設快慢車道分隔線,無,車輛本身,衝出路外,駕駛者,恍神、緊張、心不在焉分心駕駛,死亡1;受傷0,1,機車,普通重型,男,63,戴半罩式安全帽,未使用,車的狀態,向前直行中,機車與自行車,前車頭,,,駕駛者,恍神、緊張、心不在焉分心駕駛,否,121.279782,24.938473
2024,11,20241125,121300,A1,桃園市政府警察局,桃園市八德區長興路360巷電桿(山仁分線25號)旁溪底,晴,有照明未開啟或故障,市區道路,30,單路部分,彎曲路及附近,路段,一般車道(未劃分快慢車道),柏油,乾燥,無缺陷,無障礙物,無遮蔽物,良好,無號誌,無號誌,無,無分向設施,未繪設車道線,未繪設快慢車道分隔線,無,車輛本身,衝出路外,駕駛者,恍神、緊張、心不在焉分心駕駛,死亡1;受傷0,2,,,無或物(動物、堆置物),-1,,,,,,,,,無(非車輛駕駛人因素),尚未發現肇事因素,否,121.279782,24.938473
2024,11,20241128,204930,A1,桃園市政府警察局,桃園市龜山區忠義路二段88號前0.0公尺,晴,有照明且開啟,市區道路,40,交岔路,四岔路,交叉路口,交叉路口內,柏油,乾燥,無缺陷,無障礙物,無遮蔽物,良好,行車管制號誌,正常,無,無分向設施,未繪設車道線,未繪設快慢車道分隔線,無,車輛本身,撞電桿,駕駛者,酒醉(後)駕駛,死亡1;受傷0,1,機車,普通重型,男,40,戴半罩式安全帽,未使用,車的狀態,向前直行中,機車與自行車,前車頭,機車與自行車,右側車身,駕駛者,酒醉(後)駕駛,否,121.353664,25.040274
2024,11,20241128,204930,A1,桃園市政府警察局,桃園市龜山區忠義路二段88號前0.0公尺,晴,有照明且開啟,市區道路,40,交岔路,四岔路,交叉路口,交叉路口內,柏油,乾燥,無缺陷,無障礙物,無遮蔽物,良好,行車管制號誌,正常,無,無分向設施,未繪設車道線,未繪設快慢車道分隔線,無,車輛本身,撞電桿,駕駛者,酒醉(後)駕駛,死亡1;受傷0,2,,,無或物(動物、堆置物),-1,,,,,,,,,無(非車輛駕駛人因素),尚未發現肇事因素,否,121.353664,25.040274
2024,11,20241128,204930,A1,桃園市政府警察局,桃園市龜山區忠義路二段88號前0.0公尺,晴,有照明且開啟,市區道路,40,交岔路,四岔路,交叉路口,交叉路口內,柏油,乾燥,無缺陷,無障礙物,無遮蔽物,良好,行車管制號誌,正常,無,無分向設施,未繪設車道線,未繪設快慢車道分隔線,無,車輛本身,撞電桿,駕駛者,酒醉(後)駕駛,死亡1;受傷0,3,小客車(含客、貨兩用),自用,女,33,繫安全帶(使用幼童安全椅),未使用,車的狀態,向前直行中,汽車,右側車身,,,無(車輛駕駛者因素),尚未發現肇事因素,否,121.353664,25.040274
2024,12,20241204,144300,A1,桃園市政府警察局,桃園市大園區台61線快速道路北上21.2公里處,晴,有照明未開啟或故障,省道,90,單路部分,直路,路段,一般車道(未劃分快慢車道),柏油,乾燥,無缺陷,無障礙物,無遮蔽物,良好,無號誌,無號誌,中央分向島,窄式無柵欄,未繪設車道線,未繪設快慢車道分隔線,有,車與車,追撞,駕駛者,未保持行車安全距離,死亡3;受傷1,1,小貨車,自用,男,48,不明,不明,車的狀態,向前直行中,汽車,前車頭,,,駕駛者,未保持行車安全距離,否,121.240567,25.111885
2024,12,20241204,144300,A1,桃園市政府警察局,桃園市大園區台61線快速道路北上21.2公里處,晴,有照明未開啟或故障,省道,90,單路部分,直路,路段,一般車道(未劃分快慢車道),柏油,乾燥,無缺陷,無障礙物,無遮蔽物,良好,無號誌,無號誌,中央分向島,窄式無柵欄,未繪設車道線,未繪設快慢車道分隔線,有,車與車,追撞,駕駛者,未保持行車安全距離,死亡3;受傷1,2,小貨車,自用,男,65,不明,不明,車的狀態,等待(引擎未熄火),汽車,後車尾,,,無(車輛駕駛者因素),尚未發現肇事因素,否,121.240567,25.111885
2024,12,20241204,144300,A1,桃園市政府警察局,桃園市大園區台61線快速道路北上21.2公里處,晴,有照明未開啟或故障,省道,90,單路部分,直路,路段,一般車道(未劃分快慢車道),柏油,乾燥,無缺陷,無障礙物,無遮蔽物,良好,無號誌,無號誌,中央分向島,窄式無柵欄,未繪設車道線,未繪設快慢車道分隔線,有,車與車,追撞,駕駛者,未保持行車安全距離,死亡3;受傷1,3,大貨車,自用,男,46,不明,不明,車的狀態,等待(引擎未熄火),汽車,後車尾,,,無(車輛駕駛者因素),尚未發現肇事因素,否,121.240567,25.111885
2024,12,20241204,144300,A1,桃園市政府警察局,桃園市大園區台61線快速道路北上21.2公里處,晴,有照明未開啟或故障,省道,90,單路部分,直路,路段,一般車道(未劃分快慢車道),柏油,乾燥,無缺陷,無障礙物,無遮蔽物,良好,無號誌,無號誌,中央分向島,窄式無柵欄,未繪設車道線,未繪設快慢車道分隔線,有,車與車,追撞,駕駛者,未保持行車安全距離,死亡3;受傷1,4,人,乘客,男,38,不明,非駕駛人,人的狀態,其他,其他,非汽、機及自行車,,,無(非車輛駕駛人因素),尚未發現肇事因素,否,121.240567,25.111885
2024,12,20241204,144300,A1,桃園市政府警察局,桃園市大園區台61線快速道路北上21.2公里處,晴,有照明未開啟或故障,省道,90,單路部分,直路,路段,一般車道(未劃分快慢車道),柏油,乾燥,無缺陷,無障礙物,無遮蔽物,良好,無號誌,無號誌,中央分向島,窄式無柵欄,未繪設車道線,未繪設快慢車道分隔線,有,車與車,追撞,駕駛者,未保持行車安全距離,死亡3;受傷1,5,人,乘客,男,52,不明,非駕駛人,人的狀態,其他,其他,非汽、機及自行車,,,無(非車輛駕駛人因素),尚未發現肇事因素,否,121.240567,25.111885
2024,12,20241206,111900,A1,桃園市政府警察局,桃園市桃園區三民路三段口 / 桃園市桃園區永安路口,晴,有照明未開啟或故障,市區道路,50,交岔路,多岔路,交叉路口,交叉路口內,柏油,乾燥,無缺陷,無障礙物,無遮蔽物,良好,行車管制號誌(附設行人專用號誌),正常,無,無分向設施,未繪設車道線,未繪設快慢車道分隔線,無,車與車,同向擦撞,駕駛者,方向不定(不包括危險駕車),死亡1;受傷0,1,慢車,微型電動二輪車,女,75,戴半罩式安全帽,未使用,車的狀態,向前直行中,機車與自行車,左側車身,,,駕駛者,方向不定(不包括危險駕車),否,121.306328,24.996953
2024,12,20241206,111900,A1,桃園市政府警察局,桃園市桃園區三民路三段口 / 桃園市桃園區永安路口,晴,有照明未開啟或故障,市區道路,50,交岔路,多岔路,交叉路口,交叉路口內,柏油,乾燥,無缺陷,無障礙物,無遮蔽物,良好,行車管制號誌(附設行人專用號誌),正常,無,無分向設施,未繪設車道線,未繪設快慢車道分隔線,無,車與車,同向擦撞,駕駛者,方向不定(不包括危險駕車),死亡1;受傷0,2,大貨車,營業用,男,23,繫安全帶(使用幼童安全椅),未使用,車的狀態,向前直行中,汽車,右側車身,,,駕駛者,恍神、緊張、心不在焉分心駕駛,否,121.306328,24.996953
2024,12,20241209,085401,A1,桃園市政府警察局,桃園市龜山區華亞二路263號前0.0公尺附近,晴,有照明未開啟或故障,市區道路,50,單路部分,直路,路段,一般車道(未劃分快慢車道),柏油,乾燥,無缺陷,無障礙物,無遮蔽物,良好,無號誌,無號誌,中央分向島,寬式(50公分以上),車道線(無標記),未繪設快慢車道分隔線,無,車輛本身,路上翻車、摔倒,其他,車輛或機械操作不當(慎),死亡1;受傷0,1,機車,普通重型,男,24,戴非半罩式安全帽,未使用,車的狀態,向前直行中,機車與自行車,右側車身,機車與自行車,右側車身,其他,車輛或機械操作不當(慎),否,121.373192,25.042175
2024,12,20241209,085401,A1,桃園市政府警察局,桃園市龜山區華亞二路263號前0.0公尺附近,晴,有照明未開啟或故障,市區道路,50,單路部分,直路,路段,一般車道(未劃分快慢車道),柏油,乾燥,無缺陷,無障礙物,無遮蔽物,良好,無號誌,無號誌,中央分向島,寬式(50公分以上),車道線(無標記),未繪設快慢車道分隔線,無,車輛本身,路上翻車、摔倒,其他,車輛或機械操作不當(慎),死亡1;受傷0,2,,,無或物(動物、堆置物),-1,,,,,,,,,無(非車輛駕駛人因素),尚未發現肇事因素,否,121.373192,25.042175
2024,12,20241209,085401,A1,桃園市政府警察局,桃園市龜山區華亞二路263號前0.0公尺附近,晴,有照明未開啟或故障,市區道路,50,單路部分,直路,路段,一般車道(未劃分快慢車道),柏油,乾燥,無缺陷,無障礙物,無遮蔽物,良好,無號誌,無號誌,中央分向島,寬式(50公分以上),車道線(無標記),未繪設快慢車道分隔線,無,車輛本身,路上翻車、摔倒,其他,車輛或機械操作不當(慎),死亡1;受傷0,3,,,無或物(動物、堆置物),-1,,,,,,,,,無(非車輛駕駛人因素),尚未發現肇事因素,否,121.373192,25.042175
2024,12,20241210,002722,A1,桃園市政府警察局,桃園市蘆竹區八股路口 / 桃園市蘆竹區八股路附近,陰,有照明且開啟,市區道路,50,單路部分,彎曲路及附近,路段,路肩、路緣,柏油,乾燥,無缺陷,無障礙物,無遮蔽物,良好,無號誌,無號誌,雙向禁止超車線,無標記,未繪設車道線,未繪設快慢車道分隔線,有,車輛本身,撞路樹,駕駛者,恍神、緊張、心不在焉分心駕駛,死亡1;受傷0,1,機車,普通重型,男,56,戴非半罩式安全帽,未使用,車的狀態,向前直行中,機車與自行車,右側車身,,,駕駛者,恍神、緊張、心不在焉分心駕駛,否,121.262165,25.063255
2024,12,20241210,002722,A1,桃園市政府警察局,桃園市蘆竹區八股路口 / 桃園市蘆竹區八股路附近,陰,有照明且開啟,市區道路,50,單路部分,彎曲路及附近,路段,路肩、路緣,柏油,乾燥,無缺陷,無障礙物,無遮蔽物,良好,無號誌,無號誌,雙向禁止超車線,無標記,未繪設車道線,未繪設快慢車道分隔線,有,車輛本身,撞路樹,駕駛者,恍神、緊張、心不在焉分心駕駛,死亡1;受傷0,2,,,無或物(動物、堆置物),-1,,,,,,,,,無(非車輛駕駛人因素),尚未發現肇事因素,否,121.262165,25.063255
2024,12,20241210,084600,A1,桃園市政府警察局,桃園市蘆竹區南崁路二段483號前0.0公尺,晴,有照明未開啟或故障,省道,50,單路部分,直路,路段,一般車道(未劃分快慢車道),柏油,乾燥,無缺陷,無障礙物,無遮蔽物,良好,無號誌,無號誌,中央分向島,寬式(50公分以上),車道線(無標記),未繪設快慢車道分隔線,無,車與車,追撞,駕駛者,未保持行車安全距離,死亡1;受傷0,1,大貨車,營業用,男,46,繫安全帶(使用幼童安全椅),未使用,車的狀態,向前直行中,汽車,前車頭,,,駕駛者,未保持行車安全距離,否,121.266294,25.062719
2024,12,20241210,084600,A1,桃園市政府警察局,桃園市蘆竹區南崁路二段483號前0.0公尺,晴,有照明未開啟或故障,省道,50,單路部分,直路,路段,一般車道(未劃分快慢車道),柏油,乾燥,無缺陷,無障礙物,無遮蔽物,良好,無號誌,無號誌,中央分向島,寬式(50公分以上),車道線(無標記),未繪設快慢車道分隔線,無,車與車,追撞,駕駛者,未保持行車安全距離,死亡1;受傷0,2,機車,普通輕型,女,79,戴半罩式安全帽,未使用,車的狀態,向前直行中,機車與自行車,後車尾,,,無(車輛駕駛者因素),尚未發現肇事因素,否,121.266294,25.062719
2024,12,20241212,172300,A1,桃園市政府警察局,桃園市桃園區正康二街口 / 桃園市桃園區美光街口,陰,有照明且開啟,市區道路,30,交岔路,三岔路,交叉路口,交叉路口內,柏油,乾燥,無缺陷,無障礙物,無遮蔽物,良好,無號誌,無號誌,行車分向線,無標記,未繪設車道線,未繪設快慢車道分隔線,無,車與車,側撞,駕駛者,恍神、緊張、心不在焉分心駕駛,死亡1;受傷0,1,小客車(含客、貨兩用),自用,女,35,繫安全帶(使用幼童安全椅),未使用,車的狀態,左轉彎,汽車,左前車頭(身),,,駕駛者,恍神、緊張、心不在焉分心駕駛,否,121.306801,25.005415
2024,12,20241212,172300,A1,桃園市政府警察局,桃園市桃園區正康二街口 / 桃園市桃園區美光街口,陰,有照明且開啟,市區道路,30,交岔路,三岔路,交叉路口,交叉路口內,柏油,乾燥,無缺陷,無障礙物,無遮蔽物,良好,無號誌,無號誌,行車分向線,無標記,未繪設車道線,未繪設快慢車道分隔線,無,車與車,側撞,駕駛者,恍神、緊張、心不在焉分心駕駛,死亡1;受傷0,2,慢車,腳踏自行車,女,82,其他(無需使用保護裝備之人),未使用,車的狀態,迴轉或橫越道路中,機車與自行車,左側車身,,,駕駛者,橫越道路不慎,否,121.306801,25.005415
2024,12,20241213,032750,A1,桃園市政府警察局,桃園市中壢區領航南路四段64號前0.0公尺附近,陰,有照明且開啟,市區道路,40,單路部分,直路,路段,慢車道,柏油,乾燥,無缺陷,無障礙物,無遮蔽物,良好,無號誌,無號誌,中央分向島,寬式(50公分以上),未繪設車道線,寬式快慢車道分隔島(50公分以上),有,車輛本身,路上翻車、摔倒,駕駛者,恍神、緊張、心不在焉分心駕駛,死亡1;受傷0,1,機車,普通重型,男,25,戴非半罩式安全帽,不明,車的狀態,向前直行中,其他,不明,,,駕駛者,恍神、緊張、心不在焉分心駕駛,否,121.222098,25.015809
2024,12,20241213,032750,A1,桃園市政府警察局,桃園市中壢區領航南路四段64號前0.0公尺附近,陰,有照明且開啟,市區道路,40,單路部分,直路,路段,慢車道,柏油,乾燥,無缺陷,無障礙物,無遮蔽物,良好,無號誌,無號誌,中央分向島,寬式(50公分以上),未繪設車道線,寬式快慢車道分隔島(50公分以上),有,車輛本身,路上翻車、摔倒,駕駛者,恍神、緊張、心不在焉分心駕駛,死亡1;受傷0,2,,,無或物(動物、堆置物),-1,,,,,,,,,無(非車輛駕駛人因素),尚未發現肇事因素,否,121.222098,25.015809
2024,12,20241213,211228,A1,桃園市政府警察局,桃園市中壢區文中路二段口 / 桃園市中壢區文中路二段口,雨,有照明且開啟,市區道路,30,交岔路,四岔路,交叉路口,交叉路口內,柏油,濕潤,無缺陷,無障礙物,無遮蔽物,良好,閃光號誌,正常,無,無分向設施,未繪設車道線,未繪設快慢車道分隔線,無,車與車,側撞,駕駛者,有號誌路口，轉彎車未讓直行車先行,死亡1;受傷0,1,小客車(含客、貨兩用),計程車,男,62,繫安全帶(使用幼童安全椅),未使用,車的狀態,左轉彎,汽車,左前車頭(身),,,駕駛者,有號誌路口，轉彎車未讓直行車先行,否,121.252535,24.989038
2024,12,20241213,211228,A1,桃園市政府警察局,桃園市中壢區文中路二段口 / 桃園市中壢區文中路二段口,雨,有照明且開啟,市區道路,30,交岔路,四岔路,交叉路口,交叉路口內,柏油,濕潤,無缺陷,無障礙物,無遮蔽物,良好,閃光號誌,正常,無,無分向設施,未繪設車道線,未繪設快慢車道分隔線,無,車與車,側撞,駕駛者,有號誌路口，轉彎車未讓直行車先行,死亡1;受傷0,2,機車,大型重型2(250-550C.C.),男,32,戴半罩式安全帽,未使用,車的狀態,向前直行中,機車與自行車,前車頭,,,駕駛者,未依規定減速,否,121.252535,24.989038
2024,12,20241219,051400,A1,桃園市政府警察局,桃園市觀音區忠愛路一段298號前0.0公尺,陰,有照明且開啟,市區道路,50,單路部分,直路,路段,一般車道(未劃分快慢車道),柏油,乾燥,無缺陷,無障礙物,無遮蔽物,良好,無號誌,無號誌,雙向禁止超車線,無標記,車道線(無標記),未繪設快慢車道分隔線,有,人與車,對向通行中,非駕駛者,其他引起事故之疏失或行為,死亡1;受傷0,1,人,行人,男,33,其他(無需使用保護裝備之人),非駕駛人,人的狀態,步行,其他,非汽、機及自行車,,,非駕駛者,其他引起事故之疏失或行為,否,121.163251,24.995979
2024,12,20241219,051400,A1,桃園市政府警察局,桃園市觀音區忠愛路一段298號前0.0公尺,陰,有照明且開啟,市區道路,50,單路部分,直路,路段,一般車道(未劃分快慢車道),柏油,乾燥,無缺陷,無障礙物,無遮蔽物,良好,無號誌,無號誌,雙向禁止超車線,無標記,車道線(無標記),未繪設快慢車道分隔線,有,人與車,對向通行中,非駕駛者,其他引起事故之疏失或行為,死亡1;受傷0,2,機車,普通重型,男,64,戴非半罩式安全帽,未使用,車的狀態,向前直行中,機車與自行車,前車頭,,,駕駛者,恍神、緊張、心不在焉分心駕駛,否,121.163251,24.995979
2024,12,20241219,093900,A1,桃園市政府警察局,桃園市復興區復興路三段765號前,晴,有照明未開啟或故障,省道,40,單路部分,彎曲路及附近,路段,一般車道(未劃分快慢車道),柏油,乾燥,無缺陷,無障礙物,無遮蔽物,良好,無號誌,無號誌,雙向禁止超車線,無標記,未繪設車道線,未繪設快慢車道分隔線,有,車與車,側撞,駕駛者,違反禁止超車標誌(線),死亡1;受傷0,1,小客車(含客、貨兩用),自用,男,68,不明,不明,車的狀態,左轉彎,汽車,左側車身,,,駕駛者,違反禁止超車標誌(線),否,121.348711,24.823107
2024,12,20241219,093900,A1,桃園市政府警察局,桃園市復興區復興路三段765號前,晴,有照明未開啟或故障,省道,40,單路部分,彎曲路及附近,路段,一般車道(未劃分快慢車道),柏油,乾燥,無缺陷,無障礙物,無遮蔽物,良好,無號誌,無號誌,雙向禁止超車線,無標記,未繪設車道線,未繪設快慢車道分隔線,有,車與車,側撞,駕駛者,違反禁止超車標誌(線),死亡1;受傷0,2,機車,普通重型,男,16,不明,不明,車的狀態,向前直行中,機車與自行車,前車頭,,,駕駛者,未依規定減速,否,121.348711,24.823107
2024,12,20241221,231600,A1,桃園市政府警察局,桃園市中壢區志廣路38號前0.0公尺附近,陰,有照明且開啟,市區道路,50,單路部分,直路,路段,一般車道(未劃分快慢車道),柏油,乾燥,無缺陷,無障礙物,無遮蔽物,良好,無號誌,無號誌,雙向禁止超車線,無標記,車道線(無標記),未繪設快慢車道分隔線,有,車與車,其他,駕駛者,違反禁止超車標誌(線),死亡1;受傷0,1,其他車,動力機械,男,26,不明,不明,車的狀態,迴轉或橫越道路中,其他,非汽、機及自行車,其他,非汽、機及自行車,駕駛者,違反禁止超車標誌(線),否,121.208964,24.960594
2024,12,20241221,231600,A1,桃園市政府警察局,桃園市中壢區志廣路38號前0.0公尺附近,陰,有照明且開啟,市區道路,50,單路部分,直路,路段,一般車道(未劃分快慢車道),柏油,乾燥,無缺陷,無障礙物,無遮蔽物,良好,無號誌,無號誌,雙向禁止超車線,無標記,車道線(無標記),未繪設快慢車道分隔線,有,車與車,其他,駕駛者,違反禁止超車標誌(線),死亡1;受傷0,2,機車,普通重型,男,21,不明,不明,車的狀態,向前直行中,機車與自行車,前車頭,機車與自行車,前車頭,駕駛者,恍神、緊張、心不在焉分心駕駛,否,121.208964,24.960594
2024,12,20241221,231600,A1,桃園市政府警察局,桃園市中壢區志廣路38號前0.0公尺附近,陰,有照明且開啟,市區道路,50,單路部分,直路,路段,一般車道(未劃分快慢車道),柏油,乾燥,無缺陷,無障礙物,無遮蔽物,良好,無號誌,無號誌,雙向禁止超車線,無標記,車道線(無標記),未繪設快慢車道分隔線,有,車與車,其他,駕駛者,違反禁止超車標誌(線),死亡1;受傷0,3,其他車,拖車(架),男,39,不明,不明,車的狀態,靜止(引擎熄火),其他,不明,其他,不明,其他,違規(臨時)停車,否,121.208964,24.960594
2024,12,20241225,093800,A1,桃園市政府警察局,桃園市蘆竹區富貴街口 / 桃園市蘆竹區山富街口,雨,有照明未開啟或故障,市區道路,40,交岔路,四岔路,交叉路口,交叉路口內,柏油,濕潤,無缺陷,無障礙物,無遮蔽物,良好,無號誌,無號誌,無,無分向設施,未繪設車道線,未繪設快慢車道分隔線,無,車與車,路口交岔撞,駕駛者,酒醉(後)駕駛,死亡1;受傷0,1,大貨車,自用,男,55,繫安全帶(使用幼童安全椅),未使用,車的狀態,向前直行中,汽車,右後車尾(身),,,駕駛者,酒醉(後)駕駛,否,121.291873,25.084452
2024,12,20241225,093800,A1,桃園市政府警察局,桃園市蘆竹區富貴街口 / 桃園市蘆竹區山富街口,雨,有照明未開啟或故障,市區道路,40,交岔路,四岔路,交叉路口,交叉路口內,柏油,濕潤,無缺陷,無障礙物,無遮蔽物,良好,無號誌,無號誌,無,無分向設施,未繪設車道線,未繪設快慢車道分隔線,無,車與車,路口交岔撞,駕駛者,酒醉(後)駕駛,死亡1;受傷0,2,機車,普通重型,女,29,戴半罩式安全帽,未使用,車的狀態,向前直行中,機車與自行車,前車頭,,,駕駛者,恍神、緊張、心不在焉分心駕駛,否,121.291873,25.084452
2024,12,20241226,234800,A1,桃園市政府警察局,桃園市中壢區新中北路口 / 桃園市中壢區新中北路口,晴,有照明且開啟,市區道路,50,交岔路,四岔路,交叉路口,交叉路口內,柏油,乾燥,無缺陷,無障礙物,無遮蔽物,良好,閃光號誌,正常,無,無分向設施,未繪設車道線,未繪設快慢車道分隔線,無,車輛本身,撞動物,駕駛者,恍神、緊張、心不在焉分心駕駛,死亡1;受傷0,1,機車,普通重型,女,56,戴非半罩式安全帽,未使用,車的狀態,向前直行中,機車與自行車,右側車身,,,駕駛者,恍神、緊張、心不在焉分心駕駛,否,121.252145,24.956695
2024,12,20241226,234800,A1,桃園市政府警察局,桃園市中壢區新中北路口 / 桃園市中壢區新中北路口,晴,有照明且開啟,市區道路,50,交岔路,四岔路,交叉路口,交叉路口內,柏油,乾燥,無缺陷,無障礙物,無遮蔽物,良好,閃光號誌,正常,無,無分向設施,未繪設車道線,未繪設快慢車道分隔線,無,車輛本身,撞動物,駕駛者,恍神、緊張、心不在焉分心駕駛,死亡1;受傷0,2,,,無或物(動物、堆置物),-1,,,,,,,,,無(物或動物),動物竄出,否,121.252145,24.956695
2025,1,20250106,002400,A1,桃園市政府警察局,桃園市八德區興豐路口 / 桃園市八德區大興路口,晴,有照明且開啟,市區道路,50,單路部分,直路,路段,慢車道,柏油,乾燥,無缺陷,無障礙物,有遮蔽物,路上停放車輛,無號誌,無號誌,中央分向島,寬式(50公分以上),車道線(無標記),快慢車道分隔線,有,車與車,追撞,駕駛者,恍神、緊張、心不在焉分心駕駛,死亡1;受傷1,1,機車,普通重型,男,19,不明,不明,車的狀態,向前直行中,機車與自行車,右側車身,,,駕駛者,恍神、緊張、心不在焉分心駕駛,否,121.301663,24.934109,其他(非共享經濟與外送平台)
2025,1,20250106,002400,A1,桃園市政府警察局,桃園市八德區興豐路口 / 桃園市八德區大興路口,晴,有照明且開啟,市區道路,50,單路部分,直路,路段,慢車道,柏油,乾燥,無缺陷,無障礙物,有遮蔽物,路上停放車輛,無號誌,無號誌,中央分向島,寬式(50公分以上),車道線(無標記),快慢車道分隔線,有,車與車,追撞,駕駛者,恍神、緊張、心不在焉分心駕駛,死亡1;受傷1,2,慢車,腳踏自行車,男,76,不明,不明,車的狀態,向前直行中,機車與自行車,左側車身,,,其他,其他不當駕車行為,否,121.301663,24.934109,其他(非共享經濟與外送平台)
2025,1,20250106,055724,A1,桃園市政府警察局,桃園市中壢區普忠路1116號前0.0公尺,陰,有照明且開啟,市區道路,50,單路部分,直路,路段,一般車道(未劃分快慢車道),柏油,乾燥,無缺陷,無障礙物,無遮蔽物,良好,無號誌,無號誌,雙向禁止超車線,無標記,車道線(無標記),未繪設快慢車道分隔線,有,車與車,其他,駕駛者,恍神、緊張、心不在焉分心駕駛,死亡1;受傷0,1,小客車(含客、貨兩用),自用,男,26,繫安全帶(使用幼童安全椅),未使用,車的狀態,向前直行中,汽車,左前車頭(身),,,駕駛者,恍神、緊張、心不在焉分心駕駛,否,121.254963,24.950478,其他(非共享經濟與外送平台)
2025,1,20250106,055724,A1,桃園市政府警察局,桃園市中壢區普忠路1116號前0.0公尺,陰,有照明且開啟,市區道路,50,單路部分,直路,路段,一般車道(未劃分快慢車道),柏油,乾燥,無缺陷,無障礙物,無遮蔽物,良好,無號誌,無號誌,雙向禁止超車線,無標記,車道線(無標記),未繪設快慢車道分隔線,有,車與車,其他,駕駛者,恍神、緊張、心不在焉分心駕駛,死亡1;受傷0,2,慢車,其他慢車,女,80,未戴安全帽或未繫安全帶(未使用幼童安全椅),未使用,車的狀態,迴轉或橫越道路中,機車與自行車,左側車身,,,駕駛者,違反其他標誌(線)禁制,否,121.254963,24.950478,其他(非共享經濟與外送平台)
2025,1,20250106,145251,A1,桃園市政府警察局,桃園市龜山區長壽路421號前0.0公尺,晴,有照明且開啟,市區道路,50,單路部分,直路,路段,一般車道(未劃分快慢車道),柏油,乾燥,無缺陷,無障礙物,無遮蔽物,良好,無號誌,無號誌,中央分向島,寬式(50公分以上),車道線(無標記),未繪設快慢車道分隔線,無,車與車,追撞,駕駛者,恍神、緊張、心不在焉分心駕駛,死亡1;受傷0,1,機車,普通重型,男,65,戴半罩式安全帽,未使用,車的狀態,向前直行中,機車與自行車,前車頭,機車與自行車,前車頭,駕駛者,恍神、緊張、心不在焉分心駕駛,否,121.335619,24.997663,其他(非共享經濟與外送平台)
2025,1,20250106,145251,A1,桃園市政府警察局,桃園市龜山區長壽路421號前0.0公尺,晴,有照明且開啟,市區道路,50,單路部分,直路,路段,一般車道(未劃分快慢車道),柏油,乾燥,無缺陷,無障礙物,無遮蔽物,良好,無號誌,無號誌,中央分向島,寬式(50公分以上),車道線(無標記),未繪設快慢車道分隔線,無,車與車,追撞,駕駛者,恍神、緊張、心不在焉分心駕駛,死亡1;受傷0,2,大貨車,自用,男,58,繫安全帶(使用幼童安全椅),未使用,車的狀態,等待(引擎未熄火),汽車,後車尾,汽車,後車尾,無(車輛駕駛者因素),尚未發現肇事因素,否,121.335619,24.997663,其他(非共享經濟與外送平台)
2025,1,20250116,084450,A1,桃園市政府警察局,桃園市大園區中正東路三段16號前0.0公尺附近,晴,有照明未開啟或故障,市區道路,50,單路部分,直路,路段,一般車道(未劃分快慢車道),柏油,乾燥,無缺陷,無障礙物,無遮蔽物,良好,無號誌,無號誌,中央分向島,寬式(50公分以上),車道線(無標記),未繪設快慢車道分隔線,有,車與車,追撞,駕駛者,閃避不當(慎),死亡1;受傷0,1,機車,普通重型,男,24,戴半罩式安全帽,未使用,車的狀態,向前直行中,機車與自行車,前車頭,,,駕駛者,閃避不當(慎),否,121.230731,25.019857,其他(非共享經濟與外送平台)
2025,1,20250116,084450,A1,桃園市政府警察局,桃園市大園區中正東路三段16號前0.0公尺附近,晴,有照明未開啟或故障,市區道路,50,單路部分,直路,路段,一般車道(未劃分快慢車道),柏油,乾燥,無缺陷,無障礙物,無遮蔽物,良好,無號誌,無號誌,中央分向島,寬式(50公分以上),車道線(無標記),未繪設快慢車道分隔線,有,車與車,追撞,駕駛者,閃避不當(慎),死亡1;受傷0,2,小客車(含客、貨兩用),租賃車,男,32,繫安全帶(使用幼童安全椅),未使用,車的狀態,停車操作中,汽車,左後車尾(身),,,駕駛者,停車操作時未注意安全,否,121.230731,25.019857,其他(非共享經濟與外送平台)
2025,1,20250116,084450,A1,桃園市政府警察局,桃園市大園區中正東路三段16號前0.0公尺附近,晴,有照明未開啟或故障,市區道路,50,單路部分,直路,路段,一般車道(未劃分快慢車道),柏油,乾燥,無缺陷,無障礙物,無遮蔽物,良好,無號誌,無號誌,中央分向島,寬式(50公分以上),車道線(無標記),未繪設快慢車道分隔線,有,車與車,追撞,駕駛者,閃避不當(慎),死亡1;受傷0,3,大貨車,營業用,男,46,繫安全帶(使用幼童安全椅),未使用,車的狀態,向前直行中,其他,無撞擊,,,無(車輛駕駛者因素),尚未發現肇事因素,否,121.230731,25.019857,其他(非共享經濟與外送平台)
2025,1,20250116,234821,A1,桃園市政府警察局,桃園市觀音區西濱路四段361號旁,陰,有照明且開啟,市區道路,50,單路部分,直路,路段,路肩、路緣,柏油,乾燥,無缺陷,無障礙物,無遮蔽物,良好,無號誌,無號誌,中央分向島,寬式(50公分以上),車道線(無標記),未繪設快慢車道分隔線,有,車與車,追撞,駕駛者,恍神、緊張、心不在焉分心駕駛,死亡1;受傷0,1,機車,普通重型,男,48,戴半罩式安全帽,未使用,車的狀態,向前直行中,機車與自行車,前車頭,,,駕駛者,恍神、緊張、心不在焉分心駕駛,否,121.142538,25.071908,其他(非共享經濟與外送平台)
2025,1,20250116,234821,A1,桃園市政府警察局,桃園市觀音區西濱路四段361號旁,陰,有照明且開啟,市區道路,50,單路部分,直路,路段,路肩、路緣,柏油,乾燥,無缺陷,無障礙物,無遮蔽物,良好,無號誌,無號誌,中央分向島,寬式(50公分以上),車道線(無標記),未繪設快慢車道分隔線,有,車與車,追撞,駕駛者,恍神、緊張、心不在焉分心駕駛,死亡1;受傷0,2,曳引車,營業用,男,48,不明,不明,車的狀態,靜止(引擎熄火),汽車,後車尾,,,無(車輛駕駛者因素),尚未發現肇事因素,否,121.142538,25.071908,其他(非共享經濟與外送平台)
2025,1,20250122,125008,A1,桃園市政府警察局,桃園市龍潭區五福街262巷產業道路(湖底分線42-20號電桿前),晴,無照明,村里道路,30,單路部分,直路,路段,一般車道(未劃分快慢車道),柏油,乾燥,無缺陷,無障礙物,無遮蔽物,良好,無號誌,無號誌,無,無分向設施,未繪設車道線,未繪設快慢車道分隔線,無,車與車,對撞,駕駛者,未靠右行駛,死亡1;受傷1,1,機車,普通重型,男,27,戴半罩式安全帽,未使用,車的狀態,向前直行中,機車與自行車,前車頭,,,駕駛者,未靠右行駛,否,121.230813,24.864280,其他(非共享經濟與外送平台)
2025,1,20250122,125008,A1,桃園市政府警察局,桃園市龍潭區五福街262巷產業道路(湖底分線42-20號電桿前),晴,無照明,村里道路,30,單路部分,直路,路段,一般車道(未劃分快慢車道),柏油,乾燥,無缺陷,無障礙物,無遮蔽物,良好,無號誌,無號誌,無,無分向設施,未繪設車道線,未繪設快慢車道分隔線,無,車與車,對撞,駕駛者,未靠右行駛,死亡1;受傷1,2,機車,普通重型,男,82,戴半罩式安全帽,未使用,車的狀態,向前直行中,機車與自行車,前車頭,,,駕駛者,未靠右行駛,否,121.230813,24.864280,其他(非共享經濟與外送平台)
2025,1,20250122,140600,A1,桃園市政府警察局,桃園市八德區長興路673號前0.0公尺東側,晴,無照明,市區道路,50,交岔路,三岔路,交叉路口,交叉口附近,柏油,乾燥,無缺陷,無障礙物,無遮蔽物,良好,無號誌,無號誌,無,無分向設施,未繪設車道線,未繪設快慢車道分隔線,無,車與車,對撞,駕駛者,逆向行駛,死亡1;受傷1,1,小客車(含客、貨兩用),自用,男,27,繫安全帶(使用幼童安全椅),未使用,車的狀態,超車(含超越),汽車,前車頭,,,駕駛者,逆向行駛,否,121.267885,24.933049,其他(非共享經濟與外送平台)
2025,1,20250122,140600,A1,桃園市政府警察局,桃園市八德區長興路673號前0.0公尺東側,晴,無照明,市區道路,50,交岔路,三岔路,交叉路口,交叉口附近,柏油,乾燥,無缺陷,無障礙物,無遮蔽物,良好,無號誌,無號誌,無,無分向設施,未繪設車道線,未繪設快慢車道分隔線,無,車與車,對撞,駕駛者,逆向行駛,死亡1;受傷1,2,機車,普通重型,女,46,戴非半罩式安全帽,未使用,車的狀態,向前直行中,機車與自行車,右側車身,機車與自行車,左側車身,無(車輛駕駛者因素),尚未發現肇事因素,否,121.267885,24.933049,以共享經濟車輛提供外送平台服務
2025,1,20250122,140600,A1,桃園市政府警察局,桃園市八德區長興路673號前0.0公尺東側,晴,無照明,市區道路,50,交岔路,三岔路,交叉路口,交叉口附近,柏油,乾燥,無缺陷,無障礙物,無遮蔽物,良好,無號誌,無號誌,無,無分向設施,未繪設車道線,未繪設快慢車道分隔線,無,車與車,對撞,駕駛者,逆向行駛,死亡1;受傷1,3,小客車(含客、貨兩用),自用,女,60,不明,不明,車的狀態,靜止(引擎熄火),汽車,前車頭,汽車,後車尾,無(車輛駕駛者因素),尚未發現肇事因素,否,121.267885,24.933049,其他(非共享經濟與外送平台)
2025,1,20250122,140600,A1,桃園市政府警察局,桃園市八德區長興路673號前0.0公尺東側,晴,無照明,市區道路,50,交岔路,三岔路,交叉路口,交叉口附近,柏油,乾燥,無缺陷,無障礙物,無遮蔽物,良好,無號誌,無號誌,無,無分向設施,未繪設車道線,未繪設快慢車道分隔線,無,車與車,對撞,駕駛者,逆向行駛,死亡1;受傷1,4,小客車(含客、貨兩用),自用,男,28,不明,不明,車的狀態,靜止(引擎熄火),汽車,前車頭,汽車,左前車頭(身),無(車輛駕駛者因素),尚未發現肇事因素,否,121.267885,24.933049,其他(非共享經濟與外送平台)
2025,1,20250123,040830,A1,桃園市政府警察局,桃園市大園區中正東路大園交流道(國道二號東向入口前),雨,有照明且開啟,市區道路,50,交岔路,多岔路,交叉路口,交叉口附近,柏油,濕潤,無缺陷,無障礙物,無遮蔽物,良好,行車管制號誌,正常,中央分向島,寬式(50公分以上),禁止變換車道線(無標記),未繪設快慢車道分隔線,有,車與車,追撞,駕駛者,恍神、緊張、心不在焉分心駕駛,死亡1;受傷0,1,曳引車,營業用,男,54,繫安全帶(使用幼童安全椅),未使用,車的狀態,向前直行中,汽車,前車頭,,,駕駛者,恍神、緊張、心不在焉分心駕駛,否,121.211346,25.059222,其他(非共享經濟與外送平台)
2025,1,20250123,040830,A1,桃園市政府警察局,桃園市大園區中正東路大園交流道(國道二號東向入口前),雨,有照明且開啟,市區道路,50,交岔路,多岔路,交叉路口,交叉口附近,柏油,濕潤,無缺陷,無障礙物,無遮蔽物,良好,行車管制號誌,正常,中央分向島,寬式(50公分以上),禁止變換車道線(無標記),未繪設快慢車道分隔線,有,車與車,追撞,駕駛者,恍神、緊張、心不在焉分心駕駛,死亡1;受傷0,2,曳引車,營業用,男,51,繫安全帶(使用幼童安全椅),未使用,車的狀態,等待(引擎未熄火),汽車,後車尾,,,無(車輛駕駛者因素),尚未發現肇事因素,否,121.211346,25.059222,其他(非共享經濟與外送平台)
2025,1,20250123,063400,A1,桃園市政府警察局,桃園市大溪區仁和路一段口 / 桃園市大溪區仁和路一段口,雨,無照明,市區道路,50,交岔路,四岔路,交叉路口,交叉路口內,柏油,濕潤,無缺陷,無障礙物,無遮蔽物,良好,行車管制號誌,正常,無,無分向設施,未繪設車道線,未繪設快慢車道分隔線,無,車與車,追撞,駕駛者,恍神、緊張、心不在焉分心駕駛,死亡1;受傷0,1,小貨車,自用,男,48,繫安全帶(使用幼童安全椅),未使用,車的狀態,向前直行中,汽車,前車頭,,,駕駛者,恍神、緊張、心不在焉分心駕駛,否,121.273189,24.902193,其他(非共享經濟與外送平台)
2025,1,20250123,063400,A1,桃園市政府警察局,桃園市大溪區仁和路一段口 / 桃園市大溪區仁和路一段口,雨,無照明,市區道路,50,交岔路,四岔路,交叉路口,交叉路口內,柏油,濕潤,無缺陷,無障礙物,無遮蔽物,良好,行車管制號誌,正常,無,無分向設施,未繪設車道線,未繪設快慢車道分隔線,無,車與車,追撞,駕駛者,恍神、緊張、心不在焉分心駕駛,死亡1;受傷0,2,機車,普通重型,女,26,戴半罩式安全帽,未使用,車的狀態,等待(引擎未熄火),機車與自行車,後車尾,,,無(車輛駕駛者因素),尚未發現肇事因素,否,121.273189,24.902193,其他(非共享經濟與外送平台)
2025,1,20250123,063400,A1,桃園市政府警察局,桃園市大溪區仁和路一段口 / 桃園市大溪區仁和路一段口,雨,無照明,市區道路,50,交岔路,四岔路,交叉路口,交叉路口內,柏油,濕潤,無缺陷,無障礙物,無遮蔽物,良好,行車管制號誌,正常,無,無分向設施,未繪設車道線,未繪設快慢車道分隔線,無,車與車,追撞,駕駛者,恍神、緊張、心不在焉分心駕駛,死亡1;受傷0,3,大客車,遊覽車,男,38,繫安全帶(使用幼童安全椅),未使用,車的狀態,向前直行中,汽車,前車頭,,,無(車輛駕駛者因素),尚未發現肇事因素,否,121.273189,24.902193,其他(非共享經濟與外送平台)
2025,1,20250124,062932,A1,桃園市政府警察局,桃園市平鎮區中豐路57號前0.0公尺,晴,有照明且開啟,市區道路,50,交岔路,三岔路,交叉路口,交叉口附近,柏油,乾燥,無缺陷,無障礙物,無遮蔽物,良好,無號誌,無號誌,雙向禁止超車線,無標記,車道線(無標記),未繪設快慢車道分隔線,有,車與車,側撞,駕駛者,迴轉未依規定,死亡1;受傷1,1,慢車,腳踏自行車,男,84,其他(無需使用保護裝備之人),未使用,車的狀態,迴轉或橫越道路中,機車與自行車,前車頭,,,駕駛者,迴轉未依規定,否,121.218011,24.949510,其他(非共享經濟與外送平台)
2025,1,20250124,062932,A1,桃園市政府警察局,桃園市平鎮區中豐路57號前0.0公尺,晴,有照明且開啟,市區道路,50,交岔路,三岔路,交叉路口,交叉口附近,柏油,乾燥,無缺陷,無障礙物,無遮蔽物,良好,無號誌,無號誌,雙向禁止超車線,無標記,車道線(無標記),未繪設快慢車道分隔線,有,車與車,側撞,駕駛者,迴轉未依規定,死亡1;受傷1,2,機車,普通重型,男,25,戴半罩式安全帽,未使用,車的狀態,向前直行中,機車與自行車,左側車身,,,無(車輛駕駛者因素),尚未發現肇事因素,否,121.218011,24.949510,其他(非共享經濟與外送平台)
2025,1,20250125,192500,A1,國道公路警察局,桃園市楊梅區國道1號 71公里300.0公尺處南側,晴,有照明且開啟,國道,60,單路部分,直路,路段,交通島(含槽化線),柏油,乾燥,無缺陷,無障礙物,無遮蔽物,良好,無號誌,無號誌,無,無分向設施,車道線(附標記),未繪設快慢車道分隔線,有,車輛本身,撞交通島,其他,車輛或機械操作不當(慎),死亡4;受傷4,1,小客車(含客、貨兩用),租賃車,男,39,繫安全帶(使用幼童安全椅),未使用,車的狀態,其他,汽車,前車頭,,,其他,車輛或機械操作不當(慎),否,121.147545,24.899644,其他(非共享經濟與外送平台)
2025,1,20250125,192500,A1,國道公路警察局,桃園市楊梅區國道1號 71公里300.0公尺處南側,晴,有照明且開啟,國道,60,單路部分,直路,路段,交通島(含槽化線),柏油,乾燥,無缺陷,無障礙物,無遮蔽物,良好,無號誌,無號誌,無,無分向設施,車道線(附標記),未繪設快慢車道分隔線,有,車輛本身,撞交通島,其他,車輛或機械操作不當(慎),死亡4;受傷4,2,,,無或物(動物、堆置物),-1,,,,,,,,,無(非車輛駕駛人因素),尚未發現肇事因素,否,121.147545,24.899644,
2025,1,20250125,192500,A1,國道公路警察局,桃園市楊梅區國道1號 71公里300.0公尺處南側,晴,有照明且開啟,國道,60,單路部分,直路,路段,交通島(含槽化線),柏油,乾燥,無缺陷,無障礙物,無遮蔽物,良好,無號誌,無號誌,無,無分向設施,車道線(附標記),未繪設快慢車道分隔線,有,車輛本身,撞交通島,其他,車輛或機械操作不當(慎),死亡4;受傷4,3,人,乘客,女,38,繫安全帶(使用幼童安全椅),非駕駛人,人的狀態,其他,其他,非汽、機及自行車,,,無(非車輛駕駛人因素),尚未發現肇事因素,否,121.147545,24.899644,非駕駛人
2025,1,20250125,192500,A1,國道公路警察局,桃園市楊梅區國道1號 71公里300.0公尺處南側,晴,有照明且開啟,國道,60,單路部分,直路,路段,交通島(含槽化線),柏油,乾燥,無缺陷,無障礙物,無遮蔽物,良好,無號誌,無號誌,無,無分向設施,車道線(附標記),未繪設快慢車道分隔線,有,車輛本身,撞交通島,其他,車輛或機械操作不當(慎),死亡4;受傷4,4,人,乘客,男,9,不明,非駕駛人,人的狀態,其他,其他,非汽、機及自行車,,,無(非車輛駕駛人因素),尚未發現肇事因素,否,121.147545,24.899644,非駕駛人
2025,1,20250125,192500,A1,國道公路警察局,桃園市楊梅區國道1號 71公里300.0公尺處南側,晴,有照明且開啟,國道,60,單路部分,直路,路段,交通島(含槽化線),柏油,乾燥,無缺陷,無障礙物,無遮蔽物,良好,無號誌,無號誌,無,無分向設施,車道線(附標記),未繪設快慢車道分隔線,有,車輛本身,撞交通島,其他,車輛或機械操作不當(慎),死亡4;受傷4,5,人,乘客,男,7,不明,非駕駛人,人的狀態,其他,其他,非汽、機及自行車,,,無(非車輛駕駛人因素),尚未發現肇事因素,否,121.147545,24.899644,非駕駛人
2025,1,20250125,192500,A1,國道公路警察局,桃園市楊梅區國道1號 71公里300.0公尺處南側,晴,有照明且開啟,國道,60,單路部分,直路,路段,交通島(含槽化線),柏油,乾燥,無缺陷,無障礙物,無遮蔽物,良好,無號誌,無號誌,無,無分向設施,車道線(附標記),未繪設快慢車道分隔線,有,車輛本身,撞交通島,其他,車輛或機械操作不當(慎),死亡4;受傷4,6,人,乘客,女,3,不明,非駕駛人,人的狀態,其他,其他,非汽、機及自行車,,,無(非車輛駕駛人因素),尚未發現肇事因素,否,121.147545,24.899644,非駕駛人
2025,1,20250125,192500,A1,國道公路警察局,桃園市楊梅區國道1號 71公里300.0公尺處南側,晴,有照明且開啟,國道,60,單路部分,直路,路段,交通島(含槽化線),柏油,乾燥,無缺陷,無障礙物,無遮蔽物,良好,無號誌,無號誌,無,無分向設施,車道線(附標記),未繪設快慢車道分隔線,有,車輛本身,撞交通島,其他,車輛或機械操作不當(慎),死亡4;受傷4,7,人,乘客,女,10,不明,非駕駛人,人的狀態,其他,其他,非汽、機及自行車,,,無(非車輛駕駛人因素),尚未發現肇事因素,否,121.147545,24.899644,非駕駛人
2025,1,20250125,192500,A1,國道公路警察局,桃園市楊梅區國道1號 71公里300.0公尺處南側,晴,有照明且開啟,國道,60,單路部分,直路,路段,交通島(含槽化線),柏油,乾燥,無缺陷,無障礙物,無遮蔽物,良好,無號誌,無號誌,無,無分向設施,車道線(附標記),未繪設快慢車道分隔線,有,車輛本身,撞交通島,其他,車輛或機械操作不當(慎),死亡4;受傷4,8,人,乘客,女,3,不明,非駕駛人,人的狀態,其他,其他,非汽、機及自行車,,,無(非車輛駕駛人因素),尚未發現肇事因素,否,121.147545,24.899644,非駕駛人
2025,1,20250125,192500,A1,國道公路警察局,桃園市楊梅區國道1號 71公里300.0公尺處南側,晴,有照明且開啟,國道,60,單路部分,直路,路段,交通島(含槽化線),柏油,乾燥,無缺陷,無障礙物,無遮蔽物,良好,無號誌,無號誌,無,無分向設施,車道線(附標記),未繪設快慢車道分隔線,有,車輛本身,撞交通島,其他,車輛或機械操作不當(慎),死亡4;受傷4,9,人,乘客,男,1,未戴安全帽或未繫安全帶(未使用幼童安全椅),非駕駛人,人的狀態,其他,其他,非汽、機及自行車,,,無(非車輛駕駛人因素),尚未發現肇事因素,否,121.147545,24.899644,非駕駛人
2025,1,20250131,142700,A1,桃園市政府警察局,桃園市楊梅區快速路五段口 / 桃園市楊梅區快速路五段口,陰,有照明未開啟或故障,市區道路,50,交岔路,四岔路,交叉路口,交叉路口內,柏油,乾燥,無缺陷,無障礙物,無遮蔽物,良好,行車管制號誌,正常,無,無分向設施,未繪設車道線,未繪設快慢車道分隔線,無,車與車,路口交岔撞,駕駛者,闖紅燈直行,死亡1;受傷0,1,機車,普通重型,男,25,戴非半罩式安全帽,未使用,車的狀態,向前直行中,機車與自行車,前車頭,,,駕駛者,闖紅燈直行,否,121.171739,24.943928,其他(非共享經濟與外送平台)
2025,1,20250131,142700,A1,桃園市政府警察局,桃園市楊梅區快速路五段口 / 桃園市楊梅區快速路五段口,陰,有照明未開啟或故障,市區道路,50,交岔路,四岔路,交叉路口,交叉路口內,柏油,乾燥,無缺陷,無障礙物,無遮蔽物,良好,行車管制號誌,正常,無,無分向設施,未繪設車道線,未繪設快慢車道分隔線,無,車與車,路口交岔撞,駕駛者,闖紅燈直行,死亡1;受傷0,2,小客車(含客、貨兩用),自用,女,39,未戴安全帽或未繫安全帶(未使用幼童安全椅),未使用,車的狀態,向前直行中,汽車,右前車頭(身),,,無(車輛駕駛者因素),尚未發現肇事因素,否,121.171739,24.943928,其他(非共享經濟與外送平台)
2025,2,20250205,085902,A1,桃園市政府警察局,桃園市楊梅區快速路5段口 / 桃園市楊梅區快速路5段口,晴,有照明且開啟,市區道路,50,交岔路,四岔路,交叉路口,交叉路口內,柏油,乾燥,無缺陷,無障礙物,無遮蔽物,良好,行車管制號誌,正常,無,無分向設施,未繪設車道線,未繪設快慢車道分隔線,無,車與車,側撞,駕駛者,逆向行駛,死亡1;受傷1,1,機車,普通重型,女,35,戴半罩式安全帽,未使用,車的狀態,向前直行中,機車與自行車,前車頭,,,駕駛者,逆向行駛,否,121.162397,24.949934,其他(非共享經濟與外送平台)
2025,2,20250205,085902,A1,桃園市政府警察局,桃園市楊梅區快速路5段口 / 桃園市楊梅區快速路5段口,晴,有照明且開啟,市區道路,50,交岔路,四岔路,交叉路口,交叉路口內,柏油,乾燥,無缺陷,無障礙物,無遮蔽物,良好,行車管制號誌,正常,無,無分向設施,未繪設車道線,未繪設快慢車道分隔線,無,車與車,側撞,駕駛者,逆向行駛,死亡1;受傷1,2,機車,普通重型,女,71,戴半罩式安全帽,未使用,車的狀態,左轉彎,機車與自行車,前車頭,,,無(車輛駕駛者因素),尚未發現肇事因素,否,121.162397,24.949934,其他(非共享經濟與外送平台)
2025,2,20250205,160216,A1,桃園市政府警察局,桃園市中壢區高鐵南路三段北側 / 桃園市中壢區聖德路一段西側,晴,有照明且開啟,市區道路,70,交岔路,四岔路,交叉路口,交叉路口內,柏油,乾燥,無缺陷,無障礙物,無遮蔽物,良好,行車管制號誌(附設行人專用號誌),正常,無,無分向設施,未繪設車道線,未繪設快慢車道分隔線,無,車與車,側撞,駕駛者,違反其他號誌,死亡1;受傷0,1,小客車(含客、貨兩用),自用,女,59,繫安全帶(使用幼童安全椅),未使用,車的狀態,左轉彎,汽車,右前車頭(身),,,駕駛者,違反其他號誌,否,121.193966,24.992505,其他(非共享經濟與外送平台)
2025,2,20250205,160216,A1,桃園市政府警察局,桃園市中壢區高鐵南路三段北側 / 桃園市中壢區聖德路一段西側,晴,有照明且開啟,市區道路,70,交岔路,四岔路,交叉路口,交叉路口內,柏油,乾燥,無缺陷,無障礙物,無遮蔽物,良好,行車管制號誌(附設行人專用號誌),正常,無,無分向設施,未繪設車道線,未繪設快慢車道分隔線,無,車與車,側撞,駕駛者,違反其他號誌,死亡1;受傷0,2,機車,普通重型,男,36,戴半罩式安全帽,未使用,車的狀態,向前直行中,機車與自行車,前車頭,,,無(車輛駕駛者因素),尚未發現肇事因素,否,121.193966,24.992505,其他(非共享經濟與外送平台)
2025,2,20250207,160000,A1,桃園市政府警察局,桃園市龍潭區中豐路高平段口 / 桃園市龍潭區中豐路高平段口,晴,無照明,市區道路,50,單路部分,直路,路段,一般車道(未劃分快慢車道),柏油,乾燥,無缺陷,無障礙物,無遮蔽物,良好,無號誌,無號誌,雙向禁止超車線,附標記,車道線(無標記),未繪設快慢車道分隔線,有,車與車,追撞,駕駛者,左轉彎未依規定,死亡1;受傷0,1,機車,普通重型,女,37,戴半罩式安全帽,未使用,車的狀態,左轉彎,機車與自行車,後車尾,,,駕駛者,左轉彎未依規定,否,121.210828,24.840699,其他(非共享經濟與外送平台)
2025,2,20250207,160000,A1,桃園市政府警察局,桃園市龍潭區中豐路高平段口 / 桃園市龍潭區中豐路高平段口,晴,無照明,市區道路,50,單路部分,直路,路段,一般車道(未劃分快慢車道),柏油,乾燥,無缺陷,無障礙物,無遮蔽物,良好,無號誌,無號誌,雙向禁止超車線,附標記,車道線(無標記),未繪設快慢車道分隔線,有,車與車,追撞,駕駛者,左轉彎未依規定,死亡1;受傷0,2,小客車(含客、貨兩用),自用,女,29,不明,不明,車的狀態,向前直行中,汽車,前車頭,,,駕駛者,未依規定減速,否,121.210828,24.840699,其他(非共享經濟與外送平台)
2025,2,20250209,065400,A1,桃園市政府警察局,桃園市龍潭區中正路84號前0.0公尺,晴,有照明未開啟或故障,市區道路,50,單路部分,直路,路段,一般車道(未劃分快慢車道),柏油,乾燥,無缺陷,路上有停車,有遮蔽物,建築物,無號誌,無號誌,雙向禁止超車線,無標記,車道線(無標記),未繪設快慢車道分隔線,有,車與車,追撞,駕駛者,恍神、緊張、心不在焉分心駕駛,死亡1;受傷0,1,機車,普通重型,男,35,戴非半罩式安全帽,未使用,車的狀態,向前直行中,機車與自行車,前車頭,,,駕駛者,恍神、緊張、心不在焉分心駕駛,否,121.215229,24.868242,其他(非共享經濟與外送平台)
2025,2,20250209,065400,A1,桃園市政府警察局,桃園市龍潭區中正路84號前0.0公尺,晴,有照明未開啟或故障,市區道路,50,單路部分,直路,路段,一般車道(未劃分快慢車道),柏油,乾燥,無缺陷,路上有停車,有遮蔽物,建築物,無號誌,無號誌,雙向禁止超車線,無標記,車道線(無標記),未繪設快慢車道分隔線,有,車與車,追撞,駕駛者,恍神、緊張、心不在焉分心駕駛,死亡1;受傷0,2,小貨車,自用,男,44,未戴安全帽或未繫安全帶(未使用幼童安全椅),未使用,車的狀態,等待(引擎未熄火),汽車,左後車尾(身),,,其他,違規(臨時)停車,否,121.215229,24.868242,其他(非共享經濟與外送平台)
2025,2,20250210,150805,A1,桃園市政府警察局,桃園市蘆竹區新南路一段口 / 桃園市蘆竹區忠孝東路口,晴,有照明未開啟或故障,市區道路,40,交岔路,四岔路,交叉路口,交叉路口內,柏油,乾燥,無缺陷,無障礙物,無遮蔽物,良好,行車管制號誌(附設行人專用號誌),正常,無,無分向設施,未繪設車道線,未繪設快慢車道分隔線,無,車與車,同向擦撞,駕駛者,右轉彎未依規定,死亡1;受傷0,1,曳引車,營業用,男,46,繫安全帶(使用幼童安全椅),未使用,車的狀態,右轉彎,汽車,右側車身,,,駕駛者,右轉彎未依規定,否,121.294646,25.045120,其他(非共享經濟與外送平台)
2025,2,20250210,150805,A1,桃園市政府警察局,桃園市蘆竹區新南路一段口 / 桃園市蘆竹區忠孝東路口,晴,有照明未開啟或故障,市區道路,40,交岔路,四岔路,交叉路口,交叉路口內,柏油,乾燥,無缺陷,無障礙物,無遮蔽物,良好,行車管制號誌(附設行人專用號誌),正常,無,無分向設施,未繪設車道線,未繪設快慢車道分隔線,無,車與車,同向擦撞,駕駛者,右轉彎未依規定,死亡1;受傷0,2,慢車,腳踏自行車,女,27,其他(無需使用保護裝備之人),未使用,車的狀態,向前直行中,機車與自行車,左側車身,,,駕駛者,恍神、緊張、心不在焉分心駕駛,否,121.294646,25.045120,其他(非共享經濟與外送平台)
2025,2,20250211,184800,A1,桃園市政府警察局,桃園市觀音區民族一路口 / 桃園市觀音區一心路口,陰,有照明且開啟,市區道路,50,交岔路,四岔路,交叉路口,交叉路口內,柏油,乾燥,無缺陷,無障礙物,無遮蔽物,良好,行車管制號誌,正常,無,無分向設施,未繪設車道線,未繪設快慢車道分隔線,無,車與車,路口交岔撞,駕駛者,闖紅燈直行,死亡1;受傷0,1,小客車(含客、貨兩用),自用,男,34,繫安全帶(使用幼童安全椅),未使用,車的狀態,向前直行中,汽車,前車頭,汽車,左前車頭(身),駕駛者,闖紅燈直行,否,121.132774,25.036302,其他(非共享經濟與外送平台)
2025,2,20250211,184800,A1,桃園市政府警察局,桃園市觀音區民族一路口 / 桃園市觀音區一心路口,陰,有照明且開啟,市區道路,50,交岔路,四岔路,交叉路口,交叉路口內,柏油,乾燥,無缺陷,無障礙物,無遮蔽物,良好,行車管制號誌,正常,無,無分向設施,未繪設車道線,未繪設快慢車道分隔線,無,車與車,路口交岔撞,駕駛者,闖紅燈直行,死亡1;受傷0,2,機車,普通重型,女,61,戴非半罩式安全帽,未使用,車的狀態,向前直行中,機車與自行車,右側車身,機車與自行車,前車頭,無(車輛駕駛者因素),尚未發現肇事因素,否,121.132774,25.036302,其他(非共享經濟與外送平台)
2025,2,20250214,095523,A1,桃園市政府警察局,桃園市龍潭區佳安里文化路537-1號前0.0公尺附近,陰,無照明,鄉道,50,單路部分,彎曲路及附近,路段,一般車道(未劃分快慢車道),柏油,濕潤,無缺陷,無障礙物,無遮蔽物,良好,無號誌,無號誌,行車分向線,附標記,車道線(附標記),未繪設快慢車道分隔線,有,車輛本身,撞電桿,駕駛者,未依規定減速,死亡1;受傷0,1,機車,普通重型,男,80,戴非半罩式安全帽,未使用,車的狀態,向前直行中,機車與自行車,右側車身,,,駕駛者,未依規定減速,否,121.245173,24.849602,其他(非共享經濟與外送平台)
2025,2,20250214,095523,A1,桃園市政府警察局,桃園市龍潭區佳安里文化路537-1號前0.0公尺附近,陰,無照明,鄉道,50,單路部分,彎曲路及附近,路段,一般車道(未劃分快慢車道),柏油,濕潤,無缺陷,無障礙物,無遮蔽物,良好,無號誌,無號誌,行車分向線,附標記,車道線(附標記),未繪設快慢車道分隔線,有,車輛本身,撞電桿,駕駛者,未依規定減速,死亡1;受傷0,2,,,無或物(動物、堆置物),-1,,,,,,,,,無(非車輛駕駛人因素),尚未發現肇事因素,否,121.245173,24.849602,
2025,2,20250216,051600,A1,桃園市政府警察局,桃園市中壢區新生路口 / 桃園市中壢區新生路口,陰,有照明且開啟,市區道路,50,交岔路,四岔路,交叉路口,交叉路口內,柏油,乾燥,無缺陷,無障礙物,無遮蔽物,良好,閃光號誌,正常,無,無分向設施,未繪設車道線,未繪設快慢車道分隔線,無,人與車,穿越道路中,駕駛者,酒醉(後)駕駛,死亡1;受傷1,1,小客車(含客、貨兩用),自用,男,25,不明,未使用,車的狀態,向前直行中,汽車,右前車頭(身),,,駕駛者,酒醉(後)駕駛,否,121.223970,24.969181,其他(非共享經濟與外送平台)
2025,2,20250216,051600,A1,桃園市政府警察局,桃園市中壢區新生路口 / 桃園市中壢區新生路口,陰,有照明且開啟,市區道路,50,交岔路,四岔路,交叉路口,交叉路口內,柏油,乾燥,無缺陷,無障礙物,無遮蔽物,良好,閃光號誌,正常,無,無分向設施,未繪設車道線,未繪設快慢車道分隔線,無,人與車,穿越道路中,駕駛者,酒醉(後)駕駛,死亡1;受傷1,2,人,行人,女,36,其他(無需使用保護裝備之人),非駕駛人,人的狀態,步行,其他,非汽、機及自行車,,,非駕駛者,未依標誌或標線穿越道路,否,121.223970,24.969181,非駕駛人
2025,2,20250216,051600,A1,桃園市政府警察局,桃園市中壢區新生路口 / 桃園市中壢區新生路口,陰,有照明且開啟,市區道路,50,交岔路,四岔路,交叉路口,交叉路口內,柏油,乾燥,無缺陷,無障礙物,無遮蔽物,良好,閃光號誌,正常,無,無分向設施,未繪設車道線,未繪設快慢車道分隔線,無,人與車,穿越道路中,駕駛者,酒醉(後)駕駛,死亡1;受傷1,3,人,行人,男,33,其他(無需使用保護裝備之人),非駕駛人,人的狀態,步行,其他,非汽、機及自行車,,,非駕駛者,未依標誌或標線穿越道路,否,121.223970,24.969181,非駕駛人
2025,2,20250219,141000,A1,桃園市政府警察局,桃園市中壢區月桃路一段口 / 桃園市中壢區月眉路二段口,晴,有照明未開啟或故障,市區道路,50,交岔路,四岔路,交叉路口,交叉路口內,柏油,乾燥,無缺陷,無障礙物,無遮蔽物,良好,行車管制號誌(附設行人專用號誌),正常,無,無分向設施,未繪設車道線,未繪設快慢車道分隔線,無,車與車,側撞,駕駛者,有號誌路口，轉彎車未讓直行車先行,死亡1;受傷1,1,機車,普通重型,男,49,戴半罩式安全帽,未使用,車的狀態,左轉彎,機車與自行車,前車頭,,,駕駛者,有號誌路口，轉彎車未讓直行車先行,否,121.184066,25.010429,其他(非共享經濟與外送平台)
2025,2,20250219,141000,A1,桃園市政府警察局,桃園市中壢區月桃路一段口 / 桃園市中壢區月眉路二段口,晴,有照明未開啟或故障,市區道路,50,交岔路,四岔路,交叉路口,交叉路口內,柏油,乾燥,無缺陷,無障礙物,無遮蔽物,良好,行車管制號誌(附設行人專用號誌),正常,無,無分向設施,未繪設車道線,未繪設快慢車道分隔線,無,車與車,側撞,駕駛者,有號誌路口，轉彎車未讓直行車先行,死亡1;受傷1,2,半聯結車,營業用,男,56,繫安全帶(使用幼童安全椅),未使用,車的狀態,向前直行中,汽車,右前車頭(身),,,駕駛者,恍神、緊張、心不在焉分心駕駛,否,121.184066,25.010429,其他(非共享經濟與外送平台)
2025,2,20250219,141000,A1,桃園市政府警察局,桃園市中壢區月桃路一段口 / 桃園市中壢區月眉路二段口,晴,有照明未開啟或故障,市區道路,50,交岔路,四岔路,交叉路口,交叉路口內,柏油,乾燥,無缺陷,無障礙物,無遮蔽物,良好,行車管制號誌(附設行人專用號誌),正常,無,無分向設施,未繪設車道線,未繪設快慢車道分隔線,無,車與車,側撞,駕駛者,有號誌路口，轉彎車未讓直行車先行,死亡1;受傷1,3,人,乘客,女,49,戴半罩式安全帽,非駕駛人,人的狀態,其他,其他,非汽、機及自行車,,,無(非車輛駕駛人因素),尚未發現肇事因素,否,121.184066,25.010429,非駕駛人
2025,2,20250219,180700,A1,桃園市政府警察局,桃園市中壢區民族路3段108號前0.0公尺,晴,有照明且開啟,市區道路,50,單路部分,直路,路段,一般車道(未劃分快慢車道),柏油,乾燥,無缺陷,無障礙物,無遮蔽物,良好,無號誌,無號誌,中央分向島,寬式(50公分以上),車道線(無標記),未繪設快慢車道分隔線,有,車與車,追撞,駕駛者,未保持行車安全距離,死亡1;受傷0,1,小客車(含客、貨兩用),自用,男,72,繫安全帶(使用幼童安全椅),未使用,車的狀態,向前直行中,汽車,前車頭,,,駕駛者,未保持行車安全距離,否,121.195449,24.957209,其他(非共享經濟與外送平台)
2025,2,20250219,180700,A1,桃園市政府警察局,桃園市中壢區民族路3段108號前0.0公尺,晴,有照明且開啟,市區道路,50,單路部分,直路,路段,一般車道(未劃分快慢車道),柏油,乾燥,無缺陷,無障礙物,無遮蔽物,良好,無號誌,無號誌,中央分向島,寬式(50公分以上),車道線(無標記),未繪設快慢車道分隔線,有,車與車,追撞,駕駛者,未保持行車安全距離,死亡1;受傷0,2,機車,普通重型,女,56,戴半罩式安全帽,未使用,車的狀態,向前直行中,機車與自行車,後車尾,,,其他,其他不當駕車行為,否,121.195449,24.957209,其他(非共享經濟與外送平台)
2025,2,20250219,180700,A1,桃園市政府警察局,桃園市中壢區民族路3段108號前0.0公尺,晴,有照明且開啟,市區道路,50,單路部分,直路,路段,一般車道(未劃分快慢車道),柏油,乾燥,無缺陷,無障礙物,無遮蔽物,良好,無號誌,無號誌,中央分向島,寬式(50公分以上),車道線(無標記),未繪設快慢車道分隔線,有,車與車,追撞,駕駛者,未保持行車安全距離,死亡1;受傷0,3,全聯結車,營業用,男,25,繫安全帶(使用幼童安全椅),未使用,車的狀態,向前直行中,汽車,左側車身,,,無(車輛駕駛者因素),尚未發現肇事因素,否,121.195449,24.957209,其他(非共享經濟與外送平台)
2025,2,20250220,172633,A1,桃園市政府警察局,桃園市平鎮區龍慈路附近 / 桃園市平鎮區游泳路附近,晴,有照明未開啟或故障,市區道路,50,單路部分,彎曲路及附近,路段,一般車道(未劃分快慢車道),柏油,乾燥,無缺陷,無障礙物,無遮蔽物,良好,無號誌,無號誌,中央分向島,寬式(50公分以上),車道線(無標記),未繪設快慢車道分隔線,有,車輛本身,撞護欄(樁),駕駛者,未依規定減速,死亡1;受傷1,1,機車,大型重型2(250-550C.C.),男,20,戴半罩式安全帽,未使用,車的狀態,右轉彎,機車與自行車,前車頭,,,駕駛者,未依規定減速,否,121.234049,24.927940,其他(非共享經濟與外送平台)
2025,2,20250220,172633,A1,桃園市政府警察局,桃園市平鎮區龍慈路附近 / 桃園市平鎮區游泳路附近,晴,有照明未開啟或故障,市區道路,50,單路部分,彎曲路及附近,路段,一般車道(未劃分快慢車道),柏油,乾燥,無缺陷,無障礙物,無遮蔽物,良好,無號誌,無號誌,中央分向島,寬式(50公分以上),車道線(無標記),未繪設快慢車道分隔線,有,車輛本身,撞護欄(樁),駕駛者,未依規定減速,死亡1;受傷1,2,,,無或物(動物、堆置物),-1,,,,,,,,,無(非車輛駕駛人因素),尚未發現肇事因素,否,121.234049,24.927940,
2025,2,20250220,172633,A1,桃園市政府警察局,桃園市平鎮區龍慈路附近 / 桃園市平鎮區游泳路附近,晴,有照明未開啟或故障,市區道路,50,單路部分,彎曲路及附近,路段,一般車道(未劃分快慢車道),柏油,乾燥,無缺陷,無障礙物,無遮蔽物,良好,無號誌,無號誌,中央分向島,寬式(50公分以上),車道線(無標記),未繪設快慢車道分隔線,有,車輛本身,撞護欄(樁),駕駛者,未依規定減速,死亡1;受傷1,3,人,乘客,女,16,戴半罩式安全帽,非駕駛人,人的狀態,其他,其他,非汽、機及自行車,,,無(非車輛駕駛人因素),尚未發現肇事因素,否,121.234049,24.927940,非駕駛人
2025,2,20250221,210500,A1,桃園市政府警察局,桃園市大園區華興路一段141號前0.0公尺附近,晴,有照明且開啟,其他,50,單路部分,直路,路段,路肩、路緣,柏油,乾燥,無缺陷,無障礙物,無遮蔽物,良好,無號誌,無號誌,行車分向線,無標記,未繪設車道線,未繪設快慢車道分隔線,有,車與車,追撞,其他,其他不當駕車行為,死亡1;受傷0,1,機車,普通重型,男,46,戴半罩式安全帽,未使用,車的狀態,向前直行中,機車與自行車,前車頭,,,其他,其他不當駕車行為,否,121.198090,25.052483,其他(非共享經濟與外送平台)
2025,2,20250221,210500,A1,桃園市政府警察局,桃園市大園區華興路一段141號前0.0公尺附近,晴,有照明且開啟,其他,50,單路部分,直路,路段,路肩、路緣,柏油,乾燥,無缺陷,無障礙物,無遮蔽物,良好,無號誌,無號誌,行車分向線,無標記,未繪設車道線,未繪設快慢車道分隔線,有,車與車,追撞,其他,其他不當駕車行為,死亡1;受傷0,2,曳引車,營業用,男,50,不明,不明,車的狀態,靜止(引擎熄火),汽車,後車尾,,,其他,違規(臨時)停車,否,121.198090,25.052483,其他(非共享經濟與外送平台)
2025,2,20250226,111503,A1,桃園市政府警察局,桃園市大園區台61線 23公里600.0公尺處南側向外側,雨,無照明,快速(公)道,90,單路部分,直路,路段,快車道,柏油,濕潤,無缺陷,無障礙物,無遮蔽物,良好,無號誌,無號誌,中央分向島,寬式(50公分以上),車道線(無標記),未繪設快慢車道分隔線,有,車輛本身,撞交通島,其他,其他不當駕車行為,死亡1;受傷0,1,半聯結車,營業用,男,49,不明,不明,車的狀態,向前直行中,汽車,前車頭,,,其他,其他不當駕車行為,否,121.217193,25.105614,其他(非共享經濟與外送平台)
2025,2,20250226,111503,A1,桃園市政府警察局,桃園市大園區台61線 23公里600.0公尺處南側向外側,雨,無照明,快速(公)道,90,單路部分,直路,路段,快車道,柏油,濕潤,無缺陷,無障礙物,無遮蔽物,良好,無號誌,無號誌,中央分向島,寬式(50公分以上),車道線(無標記),未繪設快慢車道分隔線,有,車輛本身,撞交通島,其他,其他不當駕車行為,死亡1;受傷0,2,,,無或物(動物、堆置物),-1,,,,,,,,,無(非車輛駕駛人因素),尚未發現肇事因素,否,121.217193,25.105614,
2025,2,20250226,224100,A1,桃園市政府警察局,桃園市八德區介壽路二段770巷前0.0公尺口,晴,有照明且開啟,市區道路,50,交岔路,三岔路,交叉路口,交叉路口內,柏油,乾燥,無缺陷,無障礙物,無遮蔽物,良好,行車管制號誌(附設行人專用號誌),正常,雙向禁止超車線,無標記,車道線(無標記),未繪設快慢車道分隔線,有,人與車,其他,非駕駛者,其他引起事故之疏失或行為,死亡1;受傷1,1,人,行人,男,78,其他(無需使用保護裝備之人),非駕駛人,人的狀態,其他,其他,非汽、機及自行車,,,非駕駛者,其他引起事故之疏失或行為,否,121.297323,24.937100,非駕駛人
2025,2,20250226,224100,A1,桃園市政府警察局,桃園市八德區介壽路二段770巷前0.0公尺口,晴,有照明且開啟,市區道路,50,交岔路,三岔路,交叉路口,交叉路口內,柏油,乾燥,無缺陷,無障礙物,無遮蔽物,良好,行車管制號誌(附設行人專用號誌),正常,雙向禁止超車線,無標記,車道線(無標記),未繪設快慢車道分隔線,有,人與車,其他,非駕駛者,其他引起事故之疏失或行為,死亡1;受傷1,2,機車,普通重型,男,43,戴半罩式安全帽,未使用,車的狀態,向前直行中,機車與自行車,前車頭,,,駕駛者,恍神、緊張、心不在焉分心駕駛,否,121.297323,24.937100,其他(非共享經濟與外送平台)
2025,2,20250227,073001,A1,桃園市政府警察局,桃園市平鎮區金陵路3段248號前0.0公尺,陰,有照明未開啟或故障,市區道路,50,交岔路,三岔路,交叉路口,交叉路口內,柏油,乾燥,無缺陷,無障礙物,無遮蔽物,良好,無號誌,無號誌,無,無分向設施,未繪設車道線,未繪設快慢車道分隔線,無,人與車,穿越道路中,非駕駛者,未依標誌或標線穿越道路,死亡1;受傷1,1,人,行人,男,80,其他(無需使用保護裝備之人),非駕駛人,人的狀態,步行,其他,非汽、機及自行車,,,非駕駛者,未依標誌或標線穿越道路,否,121.227952,24.924281,非駕駛人
2025,2,20250227,073001,A1,桃園市政府警察局,桃園市平鎮區金陵路3段248號前0.0公尺,陰,有照明未開啟或故障,市區道路,50,交岔路,三岔路,交叉路口,交叉路口內,柏油,乾燥,無缺陷,無障礙物,無遮蔽物,良好,無號誌,無號誌,無,無分向設施,未繪設車道線,未繪設快慢車道分隔線,無,人與車,穿越道路中,非駕駛者,未依標誌或標線穿越道路,死亡1;受傷1,2,機車,普通重型,男,18,戴半罩式安全帽,未使用,車的狀態,向前直行中,機車與自行車,前車頭,,,駕駛者,恍神、緊張、心不在焉分心駕駛,否,121.227952,24.924281,其他(非共享經濟與外送平台)
2025,2,20250227,073001,A1,桃園市政府警察局,桃園市平鎮區金陵路3段248號前0.0公尺,陰,有照明未開啟或故障,市區道路,50,交岔路,三岔路,交叉路口,交叉路口內,柏油,乾燥,無缺陷,無障礙物,無遮蔽物,良好,無號誌,無號誌,無,無分向設施,未繪設車道線,未繪設快慢車道分隔線,無,人與車,穿越道路中,非駕駛者,未依標誌或標線穿越道路,死亡1;受傷1,3,機車,普通重型,女,54,未戴安全帽或未繫安全帶(未使用幼童安全椅),未使用,車的狀態,靜止(引擎熄火),機車與自行車,右側車身,,,無(車輛駕駛者因素),尚未發現肇事因素,否,121.227952,24.924281,其他(非共享經濟與外送平台)
2025,2,20250227,073001,A1,桃園市政府警察局,桃園市平鎮區金陵路3段248號前0.0公尺,陰,有照明未開啟或故障,市區道路,50,交岔路,三岔路,交叉路口,交叉路口內,柏油,乾燥,無缺陷,無障礙物,無遮蔽物,良好,無號誌,無號誌,無,無分向設施,未繪設車道線,未繪設快慢車道分隔線,無,人與車,穿越道路中,非駕駛者,未依標誌或標線穿越道路,死亡1;受傷1,4,小客車(含客、貨兩用),計程車,男,45,未戴安全帽或未繫安全帶(未使用幼童安全椅),未使用,車的狀態,靜止(引擎熄火),汽車,前車頭,,,無(車輛駕駛者因素),尚未發現肇事因素,否,121.227952,24.924281,其他(非共享經濟與外送平台)
2025,3,20250304,035500,A1,桃園市政府警察局,桃園市楊梅區新農街49號前0.0公尺,雨,有照明且開啟,市區道路,40,單路部分,彎曲路及附近,路段,一般車道(未劃分快慢車道),柏油,濕潤,無缺陷,無障礙物,無遮蔽物,良好,無號誌,無號誌,行車分向線,無標記,未繪設車道線,未繪設快慢車道分隔線,有,車輛本身,撞電桿,駕駛者,恍神、緊張、心不在焉分心駕駛,死亡1;受傷2,1,小客車(含客、貨兩用),自用,男,26,未戴安全帽或未繫安全帶(未使用幼童安全椅),未使用,車的狀態,向前直行中,汽車,前車頭,,,駕駛者,恍神、緊張、心不在焉分心駕駛,否,121.147712,24.909708,其他(非共享經濟與外送平台)
2025,3,20250304,035500,A1,桃園市政府警察局,桃園市楊梅區新農街49號前0.0公尺,雨,有照明且開啟,市區道路,40,單路部分,彎曲路及附近,路段,一般車道(未劃分快慢車道),柏油,濕潤,無缺陷,無障礙物,無遮蔽物,良好,無號誌,無號誌,行車分向線,無標記,未繪設車道線,未繪設快慢車道分隔線,有,車輛本身,撞電桿,駕駛者,恍神、緊張、心不在焉分心駕駛,死亡1;受傷2,2,,,無或物(動物、堆置物),-1,,,,,,,,,無(非車輛駕駛人因素),尚未發現肇事因素,否,121.147712,24.909708,
2025,3,20250304,035500,A1,桃園市政府警察局,桃園市楊梅區新農街49號前0.0公尺,雨,有照明且開啟,市區道路,40,單路部分,彎曲路及附近,路段,一般車道(未劃分快慢車道),柏油,濕潤,無缺陷,無障礙物,無遮蔽物,良好,無號誌,無號誌,行車分向線,無標記,未繪設車道線,未繪設快慢車道分隔線,有,車輛本身,撞電桿,駕駛者,恍神、緊張、心不在焉分心駕駛,死亡1;受傷2,3,人,乘客,男,22,未戴安全帽或未繫安全帶(未使用幼童安全椅),非駕駛人,人的狀態,其他,其他,非汽、機及自行車,,,無(非車輛駕駛人因素),尚未發現肇事因素,否,121.147712,24.909708,非駕駛人
2025,3,20250304,035500,A1,桃園市政府警察局,桃園市楊梅區新農街49號前0.0公尺,雨,有照明且開啟,市區道路,40,單路部分,彎曲路及附近,路段,一般車道(未劃分快慢車道),柏油,濕潤,無缺陷,無障礙物,無遮蔽物,良好,無號誌,無號誌,行車分向線,無標記,未繪設車道線,未繪設快慢車道分隔線,有,車輛本身,撞電桿,駕駛者,恍神、緊張、心不在焉分心駕駛,死亡1;受傷2,4,人,乘客,男,18,未戴安全帽或未繫安全帶(未使用幼童安全椅),非駕駛人,人的狀態,其他,其他,非汽、機及自行車,,,無(非車輛駕駛人因素),尚未發現肇事因素,否,121.147712,24.909708,非駕駛人
2025,3,20250304,181700,A1,桃園市政府警察局,桃園市桃園區三民路一段1號前0.0公尺南側,雨,有照明且開啟,市區道路,50,交岔路,三岔路,其他,行人穿越道,柏油,濕潤,無缺陷,無障礙物,無遮蔽物,良好,閃光號誌,正常,無,無分向設施,未繪設車道線,未繪設快慢車道分隔線,無,人與車,穿越道路中,駕駛者,車輛未依規定暫停讓行人先行,死亡1;受傷1,1,機車,普通重型,男,25,戴半罩式安全帽,未使用,車的狀態,向前直行中,機車與自行車,前車頭,,,駕駛者,車輛未依規定暫停讓行人先行,否,121.324791,24.994017,其他(非共享經濟與外送平台)
2025,3,20250304,181700,A1,桃園市政府警察局,桃園市桃園區三民路一段1號前0.0公尺南側,雨,有照明且開啟,市區道路,50,交岔路,三岔路,其他,行人穿越道,柏油,濕潤,無缺陷,無障礙物,無遮蔽物,良好,閃光號誌,正常,無,無分向設施,未繪設車道線,未繪設快慢車道分隔線,無,人與車,穿越道路中,駕駛者,車輛未依規定暫停讓行人先行,死亡1;受傷1,2,人,行人,男,63,其他(無需使用保護裝備之人),非駕駛人,人的狀態,步行,其他,非汽、機及自行車,,,無(非車輛駕駛人因素),尚未發現肇事因素,否,121.324791,24.994017,非駕駛人
2025,3,20250306,045438,A1,桃園市政府警察局,桃園市蘆竹區油管路二段與機捷橋下便道,雨,有照明且開啟,鄉道,40,交岔路,三岔路,交叉路口,交叉路口內,柏油,濕潤,無缺陷,無障礙物,無遮蔽物,良好,無號誌,無號誌,雙向禁止超車線,無標記,未繪設車道線,未繪設快慢車道分隔線,有,車與車,側撞,駕駛者,左轉彎未依規定,死亡1;受傷0,1,小客車(含客、貨兩用),自用,男,52,繫安全帶(使用幼童安全椅),未使用,車的狀態,左轉彎,汽車,前車頭,,,駕駛者,左轉彎未依規定,否,121.280220,25.080635,其他(非共享經濟與外送平台)
2025,3,20250306,045438,A1,桃園市政府警察局,桃園市蘆竹區油管路二段與機捷橋下便道,雨,有照明且開啟,鄉道,40,交岔路,三岔路,交叉路口,交叉路口內,柏油,濕潤,無缺陷,無障礙物,無遮蔽物,良好,無號誌,無號誌,雙向禁止超車線,無標記,未繪設車道線,未繪設快慢車道分隔線,有,車與車,側撞,駕駛者,左轉彎未依規定,死亡1;受傷0,2,機車,普通重型,男,63,戴非半罩式安全帽,未使用,車的狀態,向前直行中,機車與自行車,前車頭,,,無(車輛駕駛者因素),尚未發現肇事因素,否,121.280220,25.080635,其他(非共享經濟與外送平台)
2025,3,20250307,190946,A1,桃園市政府警察局,桃園市大園區大竹南路599巷前0.0公尺附近,雨,無照明,市區道路,30,單路部分,直路,路段,一般車道(未劃分快慢車道),柏油,濕潤,無缺陷,無障礙物,無遮蔽物,良好,無號誌,無號誌,無,無分向設施,未繪設車道線,未繪設快慢車道分隔線,有,人與車,同向通行中,駕駛者,恍神、緊張、心不在焉分心駕駛,死亡1;受傷1,1,機車,普通重型,男,22,戴非半罩式安全帽,不明,車的狀態,向前直行中,機車與自行車,前車頭,,,駕駛者,恍神、緊張、心不在焉分心駕駛,是,121.223946,25.039134,其他(非共享經濟與外送平台)
2025,3,20250307,190946,A1,桃園市政府警察局,桃園市大園區大竹南路599巷前0.0公尺附近,雨,無照明,市區道路,30,單路部分,直路,路段,一般車道(未劃分快慢車道),柏油,濕潤,無缺陷,無障礙物,無遮蔽物,良好,無號誌,無號誌,無,無分向設施,未繪設車道線,未繪設快慢車道分隔線,有,人與車,同向通行中,駕駛者,恍神、緊張、心不在焉分心駕駛,死亡1;受傷1,2,人,行人,男,50,其他(無需使用保護裝備之人),非駕駛人,人的狀態,步行,其他,非汽、機及自行車,,,無(非車輛駕駛人因素),尚未發現肇事因素,否,121.223946,25.039134,非駕駛人
2025,3,20250307,190946,A1,桃園市政府警察局,桃園市大園區大竹南路599巷前0.0公尺附近,雨,無照明,市區道路,30,單路部分,直路,路段,一般車道(未劃分快慢車道),柏油,濕潤,無缺陷,無障礙物,無遮蔽物,良好,無號誌,無號誌,無,無分向設施,未繪設車道線,未繪設快慢車道分隔線,有,人與車,同向通行中,駕駛者,恍神、緊張、心不在焉分心駕駛,死亡1;受傷1,3,人,行人,男,44,其他(無需使用保護裝備之人),非駕駛人,人的狀態,步行,其他,非汽、機及自行車,,,無(非車輛駕駛人因素),尚未發現肇事因素,否,121.223946,25.039134,非駕駛人
2025,3,20250310,074000,A1,桃園市政府警察局,桃園市中壢區義民路71號前0.0公尺,晴,無照明,市區道路,50,單路部分,直路,路段,路肩、路緣,柏油,乾燥,無缺陷,無障礙物,無遮蔽物,良好,無號誌,無號誌,行車分向線,無標記,未繪設車道線,未繪設快慢車道分隔線,有,車輛本身,撞電桿,駕駛者,恍神、緊張、心不在焉分心駕駛,死亡1;受傷0,1,機車,普通重型,男,55,戴非半罩式安全帽,未使用,車的狀態,向前直行中,機車與自行車,前車頭,,,駕駛者,恍神、緊張、心不在焉分心駕駛,否,121.216370,24.953903,其他(非共享經濟與外送平台)
2025,3,20250310,074000,A1,桃園市政府警察局,桃園市中壢區義民路71號前0.0公尺,晴,無照明,市區道路,50,單路部分,直路,路段,路肩、路緣,柏油,乾燥,無缺陷,無障礙物,無遮蔽物,良好,無號誌,無號誌,行車分向線,無標記,未繪設車道線,未繪設快慢車道分隔線,有,車輛本身,撞電桿,駕駛者,恍神、緊張、心不在焉分心駕駛,死亡1;受傷0,2,,,無或物(動物、堆置物),-1,,,,,,,,,無(非車輛駕駛人因素),尚未發現肇事因素,否,121.216370,24.953903,
2025,3,20250311,145102,A1,桃園市政府警察局,桃園市觀音區成功路二段口 / 桃園市觀音區工業八路口,晴,有照明未開啟或故障,市區道路,50,交岔路,三岔路,交叉路口,交叉路口內,柏油,乾燥,無缺陷,無障礙物,無遮蔽物,良好,行車管制號誌,正常,無,無分向設施,未繪設車道線,未繪設快慢車道分隔線,無,車與車,側撞,駕駛者,違反二段式左(右)轉標誌(線),死亡1;受傷0,1,機車,普通重型,女,28,戴非半罩式安全帽,未使用,車的狀態,左轉彎,機車與自行車,左側車身,,,駕駛者,違反二段式左(右)轉標誌(線),否,121.110060,25.046043,其他(非共享經濟與外送平台)
2025,3,20250311,145102,A1,桃園市政府警察局,桃園市觀音區成功路二段口 / 桃園市觀音區工業八路口,晴,有照明未開啟或故障,市區道路,50,交岔路,三岔路,交叉路口,交叉路口內,柏油,乾燥,無缺陷,無障礙物,無遮蔽物,良好,行車管制號誌,正常,無,無分向設施,未繪設車道線,未繪設快慢車道分隔線,無,車與車,側撞,駕駛者,違反二段式左(右)轉標誌(線),死亡1;受傷0,2,小貨車,自用,男,33,繫安全帶(使用幼童安全椅),未使用,車的狀態,向前直行中,汽車,前車頭,,,無(車輛駕駛者因素),尚未發現肇事因素,否,121.110060,25.046043,其他(非共享經濟與外送平台)
2025,3,20250312,231800,A1,桃園市政府警察局,桃園市蘆竹區南山路二段口 / 桃園市蘆竹區長興路三段口,晴,有照明且開啟,村里道路,50,交岔路,四岔路,交叉路口,交叉路口內,柏油,乾燥,無缺陷,無障礙物,無遮蔽物,良好,行車管制號誌,正常,無,無分向設施,未繪設車道線,未繪設快慢車道分隔線,無,車與車,側撞,駕駛者,有號誌路口，轉彎車未讓直行車先行,死亡1;受傷1,1,小客車(含客、貨兩用),自用,男,46,不明,不明,車的狀態,左轉彎,汽車,右前車頭(身),,,駕駛者,有號誌路口，轉彎車未讓直行車先行,否,121.285437,25.073211,其他(非共享經濟與外送平台)
2025,3,20250312,231800,A1,桃園市政府警察局,桃園市蘆竹區南山路二段口 / 桃園市蘆竹區長興路三段口,晴,有照明且開啟,村里道路,50,交岔路,四岔路,交叉路口,交叉路口內,柏油,乾燥,無缺陷,無障礙物,無遮蔽物,良好,行車管制號誌,正常,無,無分向設施,未繪設車道線,未繪設快慢車道分隔線,無,車與車,側撞,駕駛者,有號誌路口，轉彎車未讓直行車先行,死亡1;受傷1,2,小客車(含客、貨兩用),自用,男,24,繫安全帶(使用幼童安全椅),未使用,車的狀態,向前直行中,汽車,左前車頭(身),,,駕駛者,超速駕駛,否,121.285437,25.073211,其他(非共享經濟與外送平台)
2025,3,20250312,231800,A1,桃園市政府警察局,桃園市蘆竹區南山路二段口 / 桃園市蘆竹區長興路三段口,晴,有照明且開啟,村里道路,50,交岔路,四岔路,交叉路口,交叉路口內,柏油,乾燥,無缺陷,無障礙物,無遮蔽物,良好,行車管制號誌,正常,無,無分向設施,未繪設車道線,未繪設快慢車道分隔線,無,車與車,側撞,駕駛者,有號誌路口，轉彎車未讓直行車先行,死亡1;受傷1,3,機車,普通重型,男,21,戴非半罩式安全帽,未使用,車的狀態,向前直行中,機車與自行車,前車頭,,,駕駛者,未保持行車安全距離,否,121.285437,25.073211,其他(非共享經濟與外送平台)
2025,3,20250312,231800,A1,桃園市政府警察局,桃園市蘆竹區南山路二段口 / 桃園市蘆竹區長興路三段口,晴,有照明且開啟,村里道路,50,交岔路,四岔路,交叉路口,交叉路口內,柏油,乾燥,無缺陷,無障礙物,無遮蔽物,良好,行車管制號誌,正常,無,無分向設施,未繪設車道線,未繪設快慢車道分隔線,無,車與車,側撞,駕駛者,有號誌路口，轉彎車未讓直行車先行,死亡1;受傷1,4,小客車(含客、貨兩用),自用,男,58,不明,未使用,車的狀態,靜止(引擎熄火),汽車,後車尾,,,無(車輛駕駛者因素),尚未發現肇事因素,否,121.285437,25.073211,其他(非共享經濟與外送平台)
2025,3,20250313,194300,A1,桃園市政府警察局,桃園市楊梅區民富路三段632號前0.0公尺,陰,無照明,市區道路,50,單路部分,直路,路段,一般車道(未劃分快慢車道),柏油,濕潤,無缺陷,無障礙物,無遮蔽物,良好,無號誌,無號誌,行車分向線,無標記,車道線(無標記),未繪設快慢車道分隔線,有,人與車,穿越道路中,非駕駛者,未依標誌或標線穿越道路,死亡1;受傷2,1,人,行人,男,47,其他(無需使用保護裝備之人),非駕駛人,人的狀態,步行,其他,非汽、機及自行車,,,非駕駛者,未依標誌或標線穿越道路,否,121.092083,24.934118,非駕駛人
2025,3,20250313,194300,A1,桃園市政府警察局,桃園市楊梅區民富路三段632號前0.0公尺,陰,無照明,市區道路,50,單路部分,直路,路段,一般車道(未劃分快慢車道),柏油,濕潤,無缺陷,無障礙物,無遮蔽物,良好,無號誌,無號誌,行車分向線,無標記,車道線(無標記),未繪設快慢車道分隔線,有,人與車,穿越道路中,非駕駛者,未依標誌或標線穿越道路,死亡1;受傷2,2,機車,普通重型,男,25,戴非半罩式安全帽,未使用,車的狀態,向前直行中,機車與自行車,前車頭,,,駕駛者,恍神、緊張、心不在焉分心駕駛,否,121.092083,24.934118,其他(非共享經濟與外送平台)
2025,3,20250313,194300,A1,桃園市政府警察局,桃園市楊梅區民富路三段632號前0.0公尺,陰,無照明,市區道路,50,單路部分,直路,路段,一般車道(未劃分快慢車道),柏油,濕潤,無缺陷,無障礙物,無遮蔽物,良好,無號誌,無號誌,行車分向線,無標記,車道線(無標記),未繪設快慢車道分隔線,有,人與車,穿越道路中,非駕駛者,未依標誌或標線穿越道路,死亡1;受傷2,3,人,行人,女,61,其他(無需使用保護裝備之人),非駕駛人,人的狀態,步行,其他,非汽、機及自行車,,,非駕駛者,未依標誌或標線穿越道路,否,121.092083,24.934118,非駕駛人
2025,3,20250322,090937,A1,桃園市政府警察局,桃園市龜山區東萬壽路口 / 桃園市龜山區龍校街口,晴,有照明未開啟或故障,鄉道,50,交岔路,三岔路,交叉路口,交叉路口內,柏油,乾燥,無缺陷,無障礙物,無遮蔽物,良好,行車管制號誌,正常,無,無分向設施,未繪設車道線,未繪設快慢車道分隔線,無,車與車,追撞,駕駛者,違反禁行車種標誌(字),死亡1;受傷0,1,機車,普通重型,男,20,戴非半罩式安全帽,未使用,車的狀態,向前直行中,機車與自行車,前車頭,,,駕駛者,違反禁行車種標誌(字),否,121.386125,25.009125,其他(非共享經濟與外送平台)
2025,3,20250322,090937,A1,桃園市政府警察局,桃園市龜山區東萬壽路口 / 桃園市龜山區龍校街口,晴,有照明未開啟或故障,鄉道,50,交岔路,三岔路,交叉路口,交叉路口內,柏油,乾燥,無缺陷,無障礙物,無遮蔽物,良好,行車管制號誌,正常,無,無分向設施,未繪設車道線,未繪設快慢車道分隔線,無,車與車,追撞,駕駛者,違反禁行車種標誌(字),死亡1;受傷0,2,大貨車,營業用,男,34,繫安全帶(使用幼童安全椅),未使用,車的狀態,等待(引擎未熄火),汽車,右後車尾(身),,,無(車輛駕駛者因素),尚未發現肇事因素,否,121.386125,25.009125,其他(非共享經濟與外送平台)
2025,3,20250329,004800,A1,桃園市政府警察局,桃園市蘆竹區山林路三段口 / 桃園市蘆竹區山林路三段口,雨,有照明且開啟,市區道路,50,單路部分,彎曲路及附近,路段,一般車道(未劃分快慢車道),柏油,濕潤,無缺陷,無障礙物,無遮蔽物,良好,無號誌,無號誌,雙向禁止超車線,無標記,未繪設車道線,未繪設快慢車道分隔線,有,車輛本身,路上翻車、摔倒,其他,車輛或機械操作不當(慎),死亡1;受傷0,1,機車,普通重型,男,33,戴非半罩式安全帽,未使用,車的狀態,向前直行中,其他,不明,,,其他,車輛或機械操作不當(慎),否,121.337724,25.078579,外送平台服務
2025,3,20250329,004800,A1,桃園市政府警察局,桃園市蘆竹區山林路三段口 / 桃園市蘆竹區山林路三段口,雨,有照明且開啟,市區道路,50,單路部分,彎曲路及附近,路段,一般車道(未劃分快慢車道),柏油,濕潤,無缺陷,無障礙物,無遮蔽物,良好,無號誌,無號誌,雙向禁止超車線,無標記,未繪設車道線,未繪設快慢車道分隔線,有,車輛本身,路上翻車、摔倒,其他,車輛或機械操作不當(慎),死亡1;受傷0,2,,,無或物(動物、堆置物),-1,,,,,,,,,無(非車輛駕駛人因素),尚未發現肇事因素,否,121.337724,25.078579,
2025,3,20250329,004800,A1,桃園市政府警察局,桃園市蘆竹區山林路三段口 / 桃園市蘆竹區山林路三段口,雨,有照明且開啟,市區道路,50,單路部分,彎曲路及附近,路段,一般車道(未劃分快慢車道),柏油,濕潤,無缺陷,無障礙物,無遮蔽物,良好,無號誌,無號誌,雙向禁止超車線,無標記,未繪設車道線,未繪設快慢車道分隔線,有,車輛本身,路上翻車、摔倒,其他,車輛或機械操作不當(慎),死亡1;受傷0,3,大貨車,營業用,男,31,繫安全帶(使用幼童安全椅),未使用,車的狀態,向前直行中,汽車,左側車身,,,無(車輛駕駛者因素),尚未發現肇事因素,否,121.337724,25.078579,其他(非共享經濟與外送平台)
2025,3,20250329,222348,A1,桃園市政府警察局,桃園市蘆竹區蘆興南路555號前0.0公尺附近,陰,有照明且開啟,市區道路,50,單路部分,彎曲路及附近,路段,路肩、路緣,柏油,乾燥,無缺陷,無障礙物,無遮蔽物,良好,無號誌,無號誌,雙向禁止超車線,無標記,車道線(無標記),未繪設快慢車道分隔線,無,車輛本身,撞電桿,駕駛者,恍神、緊張、心不在焉分心駕駛,死亡1;受傷0,1,機車,普通重型,女,20,戴非半罩式安全帽,未使用,車的狀態,向前直行中,機車與自行車,前車頭,,,駕駛者,恍神、緊張、心不在焉分心駕駛,否,121.282943,25.035519,其他(非共享經濟與外送平台)
2025,3,20250329,222348,A1,桃園市政府警察局,桃園市蘆竹區蘆興南路555號前0.0公尺附近,陰,有照明且開啟,市區道路,50,單路部分,彎曲路及附近,路段,路肩、路緣,柏油,乾燥,無缺陷,無障礙物,無遮蔽物,良好,無號誌,無號誌,雙向禁止超車線,無標記,車道線(無標記),未繪設快慢車道分隔線,無,車輛本身,撞電桿,駕駛者,恍神、緊張、心不在焉分心駕駛,死亡1;受傷0,2,,,無或物(動物、堆置物),-1,,,,,,,,,無(非車輛駕駛人因素),尚未發現肇事因素,否,121.282943,25.035519,
2025,3,20250330,051500,A1,桃園市政府警察局,桃園市桃園區青溪里三民路一段143號前0.0公尺,雨,有照明且開啟,市區道路,50,單路部分,彎曲路及附近,路段,一般車道(未劃分快慢車道),柏油,濕潤,無缺陷,無障礙物,無遮蔽物,良好,無號誌,無號誌,中央分向島,寬式(50公分以上),車道線(無標記),快慢車道分隔線,有,車輛本身,撞交通島,駕駛者,恍神、緊張、心不在焉分心駕駛,死亡1;受傷0,1,機車,普通重型,女,46,戴半罩式安全帽,未使用,車的狀態,向前直行中,機車與自行車,前車頭,,,駕駛者,恍神、緊張、心不在焉分心駕駛,否,121.319289,25.000705,其他(非共享經濟與外送平台)
2025,3,20250330,051500,A1,桃園市政府警察局,桃園市桃園區青溪里三民路一段143號前0.0公尺,雨,有照明且開啟,市區道路,50,單路部分,彎曲路及附近,路段,一般車道(未劃分快慢車道),柏油,濕潤,無缺陷,無障礙物,無遮蔽物,良好,無號誌,無號誌,中央分向島,寬式(50公分以上),車道線(無標記),快慢車道分隔線,有,車輛本身,撞交通島,駕駛者,恍神、緊張、心不在焉分心駕駛,死亡1;受傷0,2,,,無或物(動物、堆置物),-1,,,,,,,,,無(非車輛駕駛人因素),尚未發現肇事因素,否,121.319289,25.000705,
2025,3,20250331,190200,A1,桃園市政府警察局,桃園市蘆竹區山林路二段口 / 桃園市蘆竹區山外路二段口,雨,有照明且開啟,縣道,50,交岔路,三岔路,交叉路口,交叉路口內,柏油,濕潤,無缺陷,無障礙物,無遮蔽物,良好,行車管制號誌,正常,無,無分向設施,未繪設車道線,未繪設快慢車道分隔線,無,人與車,其他,駕駛者,恍神、緊張、心不在焉分心駕駛,死亡1;受傷0,1,小客車(含客、貨兩用),自用,男,53,繫安全帶(使用幼童安全椅),未使用,車的狀態,右轉彎,汽車,車底,,,駕駛者,恍神、緊張、心不在焉分心駕駛,否,121.296559,25.083890,其他(非共享經濟與外送平台)
2025,3,20250331,190200,A1,桃園市政府警察局,桃園市蘆竹區山林路二段口 / 桃園市蘆竹區山外路二段口,雨,有照明且開啟,縣道,50,交岔路,三岔路,交叉路口,交叉路口內,柏油,濕潤,無缺陷,無障礙物,無遮蔽物,良好,行車管制號誌,正常,無,無分向設施,未繪設車道線,未繪設快慢車道分隔線,無,人與車,其他,駕駛者,恍神、緊張、心不在焉分心駕駛,死亡1;受傷0,2,人,行人,男,68,其他(無需使用保護裝備之人),非駕駛人,人的狀態,其他,其他,非汽、機及自行車,,,非駕駛者,其他引起事故之疏失或行為,否,121.296559,25.083890,非駕駛人
2025,4,20250402,111000,A1,桃園市政府警察局,桃園市桃園區國際路一段530號前0.0公尺附近,晴,無照明,市區道路,50,交岔路,三岔路,交叉路口,交叉路口內,柏油,乾燥,無缺陷,無障礙物,無遮蔽物,良好,行車管制號誌,正常,無,無分向設施,未繪設車道線,未繪設快慢車道分隔線,無,車與車,側撞,駕駛者,違反其他標誌(線)禁制,死亡1;受傷0,1,機車,普通重型,男,20,戴非半罩式安全帽,未使用,車的狀態,向前直行中,機車與自行車,前車頭,,,駕駛者,違反其他標誌(線)禁制,否,121.288998,24.973746,其他(非共享經濟與外送平台)
2025,4,20250402,111000,A1,桃園市政府警察局,桃園市桃園區國際路一段530號前0.0公尺附近,晴,無照明,市區道路,50,交岔路,三岔路,交叉路口,交叉路口內,柏油,乾燥,無缺陷,無障礙物,無遮蔽物,良好,行車管制號誌,正常,無,無分向設施,未繪設車道線,未繪設快慢車道分隔線,無,車與車,側撞,駕駛者,違反其他標誌(線)禁制,死亡1;受傷0,2,大貨車,營業用,男,35,繫安全帶(使用幼童安全椅),未使用,車的狀態,右轉彎,汽車,右前車頭(身),,,無(車輛駕駛者因素),尚未發現肇事因素,否,121.288998,24.973746,其他(非共享經濟與外送平台)
2025,4,20250405,215800,A1,桃園市政府警察局,桃園市桃園區春日里春日路西側 / 桃園市桃園區春日里大興路口,雨,有照明且開啟,市區道路,50,交岔路,四岔路,其他,行人穿越道,柏油,濕潤,無缺陷,無障礙物,無遮蔽物,良好,行車管制號誌(附設行人專用號誌),正常,無,無分向設施,未繪設車道線,未繪設快慢車道分隔線,無,人與車,穿越道路中,非駕駛者,未依號誌或手勢指揮(示)穿越道路,死亡1;受傷1,1,人,行人,男,80,其他(無需使用保護裝備之人),非駕駛人,人的狀態,步行,其他,非汽、機及自行車,,,非駕駛者,未依號誌或手勢指揮(示)穿越道路,否,121.309009,25.015411,非駕駛人
2025,4,20250405,215800,A1,桃園市政府警察局,桃園市桃園區春日里春日路西側 / 桃園市桃園區春日里大興路口,雨,有照明且開啟,市區道路,50,交岔路,四岔路,其他,行人穿越道,柏油,濕潤,無缺陷,無障礙物,無遮蔽物,良好,行車管制號誌(附設行人專用號誌),正常,無,無分向設施,未繪設車道線,未繪設快慢車道分隔線,無,人與車,穿越道路中,非駕駛者,未依號誌或手勢指揮(示)穿越道路,死亡1;受傷1,2,機車,普通重型,男,25,戴半罩式安全帽,未使用,車的狀態,向前直行中,機車與自行車,前車頭,,,駕駛者,車輛未依規定暫停讓行人先行,否,121.309009,25.015411,其他(非共享經濟與外送平台)
2025,4,20250408,161900,A1,國道公路警察局,桃園市楊梅區國道1號 70公里南側向路肩,晴,有照明未開啟或故障,國道,90,單路部分,直路,路段,快車道,柏油,乾燥,無缺陷,道路工事(程)中,無遮蔽物,良好,無號誌,無號誌,中央分向島,寬式(50公分以上),車道線(附標記),未繪設快慢車道分隔線,有,車與車,追撞,駕駛者,打瞌睡或疲勞駕駛(包括連續駕車8小時),死亡1;受傷1,1,半聯結車,營業用,男,43,未戴安全帽或未繫安全帶(未使用幼童安全椅),未使用,車的狀態,其他,汽車,前車頭,,,駕駛者,打瞌睡或疲勞駕駛(包括連續駕車8小時),否,121.198042,24.954168,其他(非共享經濟與外送平台)
2025,4,20250408,161900,A1,國道公路警察局,桃園市楊梅區國道1號 70公里南側向路肩,晴,有照明未開啟或故障,國道,90,單路部分,直路,路段,快車道,柏油,乾燥,無缺陷,道路工事(程)中,無遮蔽物,良好,無號誌,無號誌,中央分向島,寬式(50公分以上),車道線(附標記),未繪設快慢車道分隔線,有,車與車,追撞,駕駛者,打瞌睡或疲勞駕駛(包括連續駕車8小時),死亡1;受傷1,2,大貨車,自用,男,42,不明,未使用,車的狀態,等待(引擎未熄火),汽車,後車尾,汽車,前車頭,無(車輛駕駛者因素),尚未發現肇事因素,否,121.198042,24.954168,其他(非共享經濟與外送平台)
2025,4,20250408,161900,A1,國道公路警察局,桃園市楊梅區國道1號 70公里南側向路肩,晴,有照明未開啟或故障,國道,90,單路部分,直路,路段,快車道,柏油,乾燥,無缺陷,道路工事(程)中,無遮蔽物,良好,無號誌,無號誌,中央分向島,寬式(50公分以上),車道線(附標記),未繪設快慢車道分隔線,有,車與車,追撞,駕駛者,打瞌睡或疲勞駕駛(包括連續駕車8小時),死亡1;受傷1,3,,,無或物(動物、堆置物),-1,,,,,,,,,無(非車輛駕駛人因素),尚未發現肇事因素,否,121.198042,24.954168,
2025,4,20250408,161900,A1,國道公路警察局,桃園市楊梅區國道1號 70公里南側向路肩,晴,有照明未開啟或故障,國道,90,單路部分,直路,路段,快車道,柏油,乾燥,無缺陷,道路工事(程)中,無遮蔽物,良好,無號誌,無號誌,中央分向島,寬式(50公分以上),車道線(附標記),未繪設快慢車道分隔線,有,車與車,追撞,駕駛者,打瞌睡或疲勞駕駛(包括連續駕車8小時),死亡1;受傷1,4,小客車(含客、貨兩用),租賃車,男,33,未戴安全帽或未繫安全帶(未使用幼童安全椅),未使用,車的狀態,等待(引擎未熄火),汽車,後車尾,汽車,前車頭,無(車輛駕駛者因素),尚未發現肇事因素,否,121.198042,24.954168,其他(非共享經濟與外送平台)
2025,4,20250408,161900,A1,國道公路警察局,桃園市楊梅區國道1號 70公里南側向路肩,晴,有照明未開啟或故障,國道,90,單路部分,直路,路段,快車道,柏油,乾燥,無缺陷,道路工事(程)中,無遮蔽物,良好,無號誌,無號誌,中央分向島,寬式(50公分以上),車道線(附標記),未繪設快慢車道分隔線,有,車與車,追撞,駕駛者,打瞌睡或疲勞駕駛(包括連續駕車8小時),死亡1;受傷1,5,小客車(含客、貨兩用),自用,男,41,未戴安全帽或未繫安全帶(未使用幼童安全椅),未使用,車的狀態,靜止(引擎熄火),汽車,後車尾,,,無(車輛駕駛者因素),尚未發現肇事因素,否,121.198042,24.954168,其他(非共享經濟與外送平台)
2025,4,20250411,133938,A1,桃園市政府警察局,桃園市平鎮區延平路三段129號前0.0公尺,晴,有照明未開啟或故障,市區道路,50,單路部分,直路,路段,機車優先道,柏油,乾燥,無缺陷,無障礙物,無遮蔽物,良好,無號誌,無號誌,中央分向島,寬式(50公分以上),未繪設車道線,未繪設快慢車道分隔線,有,車與車,追撞,駕駛者,恍神、緊張、心不在焉分心駕駛,死亡1;受傷0,1,機車,普通重型,女,62,戴非半罩式安全帽,未使用,車的狀態,向前直行中,機車與自行車,右側車身,,,駕駛者,恍神、緊張、心不在焉分心駕駛,否,121.203752,24.939576,其他(非共享經濟與外送平台)
2025,4,20250411,133938,A1,桃園市政府警察局,桃園市平鎮區延平路三段129號前0.0公尺,晴,有照明未開啟或故障,市區道路,50,單路部分,直路,路段,機車優先道,柏油,乾燥,無缺陷,無障礙物,無遮蔽物,良好,無號誌,無號誌,中央分向島,寬式(50公分以上),未繪設車道線,未繪設快慢車道分隔線,有,車與車,追撞,駕駛者,恍神、緊張、心不在焉分心駕駛,死亡1;受傷0,2,小客車(含客、貨兩用),自用,女,44,不明,未使用,車的狀態,靜止(引擎熄火),汽車,左後車尾(身),,,無(車輛駕駛者因素),尚未發現肇事因素,否,121.203752,24.939576,其他(非共享經濟與外送平台)
2025,4,20250411,133938,A1,桃園市政府警察局,桃園市平鎮區延平路三段129號前0.0公尺,晴,有照明未開啟或故障,市區道路,50,單路部分,直路,路段,機車優先道,柏油,乾燥,無缺陷,無障礙物,無遮蔽物,良好,無號誌,無號誌,中央分向島,寬式(50公分以上),未繪設車道線,未繪設快慢車道分隔線,有,車與車,追撞,駕駛者,恍神、緊張、心不在焉分心駕駛,死亡1;受傷0,3,小客車(含客、貨兩用),租賃車,男,48,不明,未使用,車的狀態,靜止(引擎熄火),汽車,左後車尾(身),,,其他,違規(臨時)停車,否,121.203752,24.939576,其他(非共享經濟與外送平台)
2025,4,20250411,193100,A1,桃園市政府警察局,桃園市新屋區清華里新文路1227巷58號前0.0公尺附近,晴,無照明,村里道路,40,單路部分,彎曲路及附近,路段,一般車道(未劃分快慢車道),柏油,乾燥,無缺陷,路上有停車,有遮蔽物,路上停放車輛,無號誌,無號誌,無,無分向設施,未繪設車道線,未繪設快慢車道分隔線,有,車與車,追撞,駕駛者,恍神、緊張、心不在焉分心駕駛,死亡1;受傷0,1,機車,普通重型,男,19,戴半罩式安全帽,未使用,車的狀態,向前直行中,機車與自行車,前車頭,,,駕駛者,恍神、緊張、心不在焉分心駕駛,否,121.122738,24.990321,其他(非共享經濟與外送平台)
2025,4,20250411,193100,A1,桃園市政府警察局,桃園市新屋區清華里新文路1227巷58號前0.0公尺附近,晴,無照明,村里道路,40,單路部分,彎曲路及附近,路段,一般車道(未劃分快慢車道),柏油,乾燥,無缺陷,路上有停車,有遮蔽物,路上停放車輛,無號誌,無號誌,無,無分向設施,未繪設車道線,未繪設快慢車道分隔線,有,車與車,追撞,駕駛者,恍神、緊張、心不在焉分心駕駛,死亡1;受傷0,2,大貨車,自用,男,50,繫安全帶(使用幼童安全椅),未使用,車的狀態,等待(引擎未熄火),汽車,左後車尾(身),,,燈光,暗處停車無燈光、標識,否,121.122738,24.990321,其他(非共享經濟與外送平台)
2025,4,20250421,215400,A1,桃園市政府警察局,桃園市中壢區新中北路口 / 桃園市中壢區普忠路口,晴,有照明且開啟,市區道路,50,交岔路,多岔路,交叉路口,交叉路口內,柏油,乾燥,無缺陷,無障礙物,無遮蔽物,良好,行車管制號誌(附設行人專用號誌),正常,無,無分向設施,未繪設車道線,未繪設快慢車道分隔線,無,車與車,側撞,駕駛者,有號誌路口，轉彎車未讓直行車先行,死亡1;受傷2,1,小貨車,自用,男,46,繫安全帶(使用幼童安全椅),未使用,車的狀態,左轉彎,汽車,右前車頭(身),,,駕駛者,有號誌路口，轉彎車未讓直行車先行,否,121.249885,24.956952,其他(非共享經濟與外送平台)
2025,4,20250421,215400,A1,桃園市政府警察局,桃園市中壢區新中北路口 / 桃園市中壢區普忠路口,晴,有照明且開啟,市區道路,50,交岔路,多岔路,交叉路口,交叉路口內,柏油,乾燥,無缺陷,無障礙物,無遮蔽物,良好,行車管制號誌(附設行人專用號誌),正常,無,無分向設施,未繪設車道線,未繪設快慢車道分隔線,無,車與車,側撞,駕駛者,有號誌路口，轉彎車未讓直行車先行,死亡1;受傷2,2,機車,普通重型,男,33,戴非半罩式安全帽,未使用,車的狀態,向前直行中,機車與自行車,前車頭,,,駕駛者,超速駕駛,否,121.249885,24.956952,外送平台服務
2025,4,20250421,215400,A1,桃園市政府警察局,桃園市中壢區新中北路口 / 桃園市中壢區普忠路口,晴,有照明且開啟,市區道路,50,交岔路,多岔路,交叉路口,交叉路口內,柏油,乾燥,無缺陷,無障礙物,無遮蔽物,良好,行車管制號誌(附設行人專用號誌),正常,無,無分向設施,未繪設車道線,未繪設快慢車道分隔線,無,車與車,側撞,駕駛者,有號誌路口，轉彎車未讓直行車先行,死亡1;受傷2,3,機車,普通輕型,女,42,戴非半罩式安全帽,未使用,車的狀態,等待(引擎未熄火),機車與自行車,左側車身,,,無(車輛駕駛者因素),尚未發現肇事因素,否,121.249885,24.956952,其他(非共享經濟與外送平台)
2025,4,20250421,215400,A1,桃園市政府警察局,桃園市中壢區新中北路口 / 桃園市中壢區普忠路口,晴,有照明且開啟,市區道路,50,交岔路,多岔路,交叉路口,交叉路口內,柏油,乾燥,無缺陷,無障礙物,無遮蔽物,良好,行車管制號誌(附設行人專用號誌),正常,無,無分向設施,未繪設車道線,未繪設快慢車道分隔線,無,車與車,側撞,駕駛者,有號誌路口，轉彎車未讓直行車先行,死亡1;受傷2,4,小客車(含客、貨兩用),自用,男,51,繫安全帶(使用幼童安全椅),未使用,車的狀態,等待(引擎未熄火),汽車,前車頭,,,無(車輛駕駛者因素),尚未發現肇事因素,否,121.249885,24.956952,其他(非共享經濟與外送平台)
2025,4,20250421,215400,A1,桃園市政府警察局,桃園市中壢區新中北路口 / 桃園市中壢區普忠路口,晴,有照明且開啟,市區道路,50,交岔路,多岔路,交叉路口,交叉路口內,柏油,乾燥,無缺陷,無障礙物,無遮蔽物,良好,行車管制號誌(附設行人專用號誌),正常,無,無分向設施,未繪設車道線,未繪設快慢車道分隔線,無,車與車,側撞,駕駛者,有號誌路口，轉彎車未讓直行車先行,死亡1;受傷2,5,小客車(含客、貨兩用),自用,男,56,不明,不明,車的狀態,靜止(引擎熄火),汽車,左側車身,,,無(車輛駕駛者因素),尚未發現肇事因素,否,121.249885,24.956952,其他(非共享經濟與外送平台)
2025,4,20250421,215400,A1,桃園市政府警察局,桃園市中壢區新中北路口 / 桃園市中壢區普忠路口,晴,有照明且開啟,市區道路,50,交岔路,多岔路,交叉路口,交叉路口內,柏油,乾燥,無缺陷,無障礙物,無遮蔽物,良好,行車管制號誌(附設行人專用號誌),正常,無,無分向設施,未繪設車道線,未繪設快慢車道分隔線,無,車與車,側撞,駕駛者,有號誌路口，轉彎車未讓直行車先行,死亡1;受傷2,6,小客車(含客、貨兩用),自用,男,33,不明,不明,車的狀態,靜止(引擎熄火),汽車,左後車尾(身),,,無(車輛駕駛者因素),尚未發現肇事因素,否,121.249885,24.956952,其他(非共享經濟與外送平台)
2025,4,20250421,215400,A1,桃園市政府警察局,桃園市中壢區新中北路口 / 桃園市中壢區普忠路口,晴,有照明且開啟,市區道路,50,交岔路,多岔路,交叉路口,交叉路口內,柏油,乾燥,無缺陷,無障礙物,無遮蔽物,良好,行車管制號誌(附設行人專用號誌),正常,無,無分向設施,未繪設車道線,未繪設快慢車道分隔線,無,車與車,側撞,駕駛者,有號誌路口，轉彎車未讓直行車先行,死亡1;受傷2,7,人,乘客,女,52,繫安全帶(使用幼童安全椅),非駕駛人,人的狀態,其他,其他,非汽、機及自行車,,,無(非車輛駕駛人因素),尚未發現肇事因素,否,121.249885,24.956952,非駕駛人
2025,4,20250423,071237,A1,桃園市政府警察局,桃園市中壢區中園路188號前0.0公尺附近,雨,有照明未開啟或故障,市區道路,50,單路部分,直路,路段,一般車道(未劃分快慢車道),柏油,濕潤,無缺陷,無障礙物,無遮蔽物,良好,無號誌,無號誌,中央分向島,寬式(50公分以上),車道線(無標記),未繪設快慢車道分隔線,有,車與車,同向擦撞,駕駛者,變換車道不當,死亡1;受傷0,1,曳引車,營業用,男,56,繫安全帶(使用幼童安全椅),未使用,車的狀態,向右變換車道,汽車,右前車頭(身),,,駕駛者,變換車道不當,否,121.236697,24.982527,其他(非共享經濟與外送平台)
2025,4,20250423,071237,A1,桃園市政府警察局,桃園市中壢區中園路188號前0.0公尺附近,雨,有照明未開啟或故障,市區道路,50,單路部分,直路,路段,一般車道(未劃分快慢車道),柏油,濕潤,無缺陷,無障礙物,無遮蔽物,良好,無號誌,無號誌,中央分向島,寬式(50公分以上),車道線(無標記),未繪設快慢車道分隔線,有,車與車,同向擦撞,駕駛者,變換車道不當,死亡1;受傷0,2,機車,普通重型,女,61,戴半罩式安全帽,未使用,車的狀態,向前直行中,機車與自行車,後車尾,,,無(車輛駕駛者因素),尚未發現肇事因素,否,121.236697,24.982527,其他(非共享經濟與外送平台)
2025,4,20250424,125900,A1,桃園市政府警察局,桃園市桃園區桃鶯路411號前0.0公尺西側,陰,有照明且開啟,市區道路,50,單路部分,直路,路段,一般車道(未劃分快慢車道),柏油,乾燥,無缺陷,無障礙物,無遮蔽物,良好,無號誌,無號誌,行車分向線,無標記,車道線(無標記),快慢車道分隔線,有,車與車,同向擦撞,駕駛者,違反其他標誌(線)禁制,死亡1;受傷0,1,機車,普通重型,男,31,戴半罩式安全帽,未使用,車的狀態,向前直行中,機車與自行車,左側車身,,,駕駛者,違反其他標誌(線)禁制,否,121.321223,24.979133,其他(非共享經濟與外送平台)
2025,4,20250424,125900,A1,桃園市政府警察局,桃園市桃園區桃鶯路411號前0.0公尺西側,陰,有照明且開啟,市區道路,50,單路部分,直路,路段,一般車道(未劃分快慢車道),柏油,乾燥,無缺陷,無障礙物,無遮蔽物,良好,無號誌,無號誌,行車分向線,無標記,車道線(無標記),快慢車道分隔線,有,車與車,同向擦撞,駕駛者,違反其他標誌(線)禁制,死亡1;受傷0,2,大貨車,營業用,男,56,繫安全帶(使用幼童安全椅),未使用,車的狀態,右轉彎,汽車,右側車身,,,駕駛者,右轉彎未依規定,否,121.321223,24.979133,其他(非共享經濟與外送平台)
2025,4,20250425,084259,A1,桃園市政府警察局,桃園市平鎮區南平路二段396巷附近(電桿0205277號),雨,有照明未開啟或故障,市區道路,50,單路部分,彎曲路及附近,路段,一般車道(未劃分快慢車道),柏油,濕潤,無缺陷,無障礙物,無遮蔽物,良好,無號誌,無號誌,行車分向線,附標記,車道線(無標記),未繪設快慢車道分隔線,有,車與車,同向擦撞,駕駛者,違反其他標誌(線)禁制,死亡1;受傷0,1,機車,普通重型,男,55,戴半罩式安全帽,未使用,車的狀態,向前直行中,其他,無撞擊,,,駕駛者,違反其他標誌(線)禁制,否,121.197022,24.920899,其他(非共享經濟與外送平台)
2025,4,20250425,084259,A1,桃園市政府警察局,桃園市平鎮區南平路二段396巷附近(電桿0205277號),雨,有照明未開啟或故障,市區道路,50,單路部分,彎曲路及附近,路段,一般車道(未劃分快慢車道),柏油,濕潤,無缺陷,無障礙物,無遮蔽物,良好,無號誌,無號誌,行車分向線,附標記,車道線(無標記),未繪設快慢車道分隔線,有,車與車,同向擦撞,駕駛者,違反其他標誌(線)禁制,死亡1;受傷0,2,曳引車,營業用,男,51,繫安全帶(使用幼童安全椅),未使用,車的狀態,起步,汽車,車底,,,無(車輛駕駛者因素),尚未發現肇事因素,否,121.197022,24.920899,其他(非共享經濟與外送平台)
2025,4,20250425,084259,A1,桃園市政府警察局,桃園市平鎮區南平路二段396巷附近(電桿0205277號),雨,有照明未開啟或故障,市區道路,50,單路部分,彎曲路及附近,路段,一般車道(未劃分快慢車道),柏油,濕潤,無缺陷,無障礙物,無遮蔽物,良好,無號誌,無號誌,行車分向線,附標記,車道線(無標記),未繪設快慢車道分隔線,有,車與車,同向擦撞,駕駛者,違反其他標誌(線)禁制,死亡1;受傷0,3,機車,普通重型,女,31,戴半罩式安全帽,未使用,車的狀態,向前直行中,其他,無撞擊,,,駕駛者,違反其他標誌(線)禁制,否,121.197022,24.920899,其他(非共享經濟與外送平台)
2025,4,20250430,104510,A1,桃園市政府警察局,桃園市八德區興仁里中山路東側 / 桃園市八德區興豐路,晴,無照明,村里道路,0,交岔路,三岔路,其他,人行道,柏油,乾燥,無缺陷,無障礙物,無遮蔽物,良好,無號誌,無號誌,無,無分向設施,未繪設車道線,未繪設快慢車道分隔線,無,人與車,佇立路邊(外),其他,其他不當駕車行為,死亡1;受傷3,1,小客車(含客、貨兩用),自用,男,67,繫安全帶(使用幼童安全椅),未使用,車的狀態,向前直行中,汽車,前車頭,,,其他,其他不當駕車行為,否,121.284469,24.929160,其他(非共享經濟與外送平台)
2025,4,20250430,104510,A1,桃園市政府警察局,桃園市八德區興仁里中山路東側 / 桃園市八德區興豐路,晴,無照明,村里道路,0,交岔路,三岔路,其他,人行道,柏油,乾燥,無缺陷,無障礙物,無遮蔽物,良好,無號誌,無號誌,無,無分向設施,未繪設車道線,未繪設快慢車道分隔線,無,人與車,佇立路邊(外),其他,其他不當駕車行為,死亡1;受傷3,2,人,行人,男,58,其他(無需使用保護裝備之人),非駕駛人,人的狀態,靜立(止),其他,非汽、機及自行車,,,無(非車輛駕駛人因素),尚未發現肇事因素,否,121.284469,24.929160,非駕駛人
2025,4,20250430,104510,A1,桃園市政府警察局,桃園市八德區興仁里中山路東側 / 桃園市八德區興豐路,晴,無照明,村里道路,0,交岔路,三岔路,其他,人行道,柏油,乾燥,無缺陷,無障礙物,無遮蔽物,良好,無號誌,無號誌,無,無分向設施,未繪設車道線,未繪設快慢車道分隔線,無,人與車,佇立路邊(外),其他,其他不當駕車行為,死亡1;受傷3,3,人,行人,女,47,其他(無需使用保護裝備之人),非駕駛人,人的狀態,靜立(止),其他,非汽、機及自行車,,,無(非車輛駕駛人因素),尚未發現肇事因素,否,121.284469,24.929160,非駕駛人
2025,4,20250430,104510,A1,桃園市政府警察局,桃園市八德區興仁里中山路東側 / 桃園市八德區興豐路,晴,無照明,村里道路,0,交岔路,三岔路,其他,人行道,柏油,乾燥,無缺陷,無障礙物,無遮蔽物,良好,無號誌,無號誌,無,無分向設施,未繪設車道線,未繪設快慢車道分隔線,無,人與車,佇立路邊(外),其他,其他不當駕車行為,死亡1;受傷3,4,人,乘客,女,70,其他(無需使用保護裝備之人),非駕駛人,人的狀態,其他,其他,非汽、機及自行車,,,無(非車輛駕駛人因素),尚未發現肇事因素,否,121.284469,24.929160,非駕駛人
2025,5,20250501,121200,A1,桃園市政府警察局,桃園市八德區和平路557號前0.0公尺,晴,有照明未開啟或故障,縣道,40,單路部分,直路,路段,一般車道(未劃分快慢車道),柏油,乾燥,無缺陷,無障礙物,無遮蔽物,良好,無號誌,無號誌,雙向禁止超車線,無標記,車道線(無標記),未繪設快慢車道分隔線,有,車與車,對撞,駕駛者,酒醉(後)駕駛,死亡1;受傷3,1,小客車(含客、貨兩用),自用,男,31,不明,未使用,車的狀態,向前直行中,汽車,前車頭,,,駕駛者,酒醉(後)駕駛,否,121.313057,24.957130,其他(非共享經濟與外送平台)
2025,5,20250501,121200,A1,桃園市政府警察局,桃園市八德區和平路557號前0.0公尺,晴,有照明未開啟或故障,縣道,40,單路部分,直路,路段,一般車道(未劃分快慢車道),柏油,乾燥,無缺陷,無障礙物,無遮蔽物,良好,無號誌,無號誌,雙向禁止超車線,無標記,車道線(無標記),未繪設快慢車道分隔線,有,車與車,對撞,駕駛者,酒醉(後)駕駛,死亡1;受傷3,2,機車,普通重型,男,45,戴非半罩式安全帽,未使用,車的狀態,向前直行中,機車與自行車,前車頭,,,無(車輛駕駛者因素),尚未發現肇事因素,否,121.313057,24.957130,其他(非共享經濟與外送平台)
2025,5,20250501,121200,A1,桃園市政府警察局,桃園市八德區和平路557號前0.0公尺,晴,有照明未開啟或故障,縣道,40,單路部分,直路,路段,一般車道(未劃分快慢車道),柏油,乾燥,無缺陷,無障礙物,無遮蔽物,良好,無號誌,無號誌,雙向禁止超車線,無標記,車道線(無標記),未繪設快慢車道分隔線,有,車與車,對撞,駕駛者,酒醉(後)駕駛,死亡1;受傷3,3,機車,普通輕型,女,51,戴非半罩式安全帽,未使用,車的狀態,向前直行中,機車與自行車,前車頭,,,無(車輛駕駛者因素),尚未發現肇事因素,否,121.313057,24.957130,其他(非共享經濟與外送平台)
2025,5,20250501,121200,A1,桃園市政府警察局,桃園市八德區和平路557號前0.0公尺,晴,有照明未開啟或故障,縣道,40,單路部分,直路,路段,一般車道(未劃分快慢車道),柏油,乾燥,無缺陷,無障礙物,無遮蔽物,良好,無號誌,無號誌,雙向禁止超車線,無標記,車道線(無標記),未繪設快慢車道分隔線,有,車與車,對撞,駕駛者,酒醉(後)駕駛,死亡1;受傷3,4,人,乘客,女,44,戴非半罩式安全帽,非駕駛人,人的狀態,其他,其他,非汽、機及自行車,,,無(非車輛駕駛人因素),尚未發現肇事因素,否,121.313057,24.957130,非駕駛人
2025,5,20250501,121200,A1,桃園市政府警察局,桃園市八德區和平路557號前0.0公尺,晴,有照明未開啟或故障,縣道,40,單路部分,直路,路段,一般車道(未劃分快慢車道),柏油,乾燥,無缺陷,無障礙物,無遮蔽物,良好,無號誌,無號誌,雙向禁止超車線,無標記,車道線(無標記),未繪設快慢車道分隔線,有,車與車,對撞,駕駛者,酒醉(後)駕駛,死亡1;受傷3,5,,,無或物(動物、堆置物),-1,,,,,,,,,無(非車輛駕駛人因素),尚未發現肇事因素,否,121.313057,24.957130,
2025,5,20250501,182100,A1,桃園市政府警察局,桃園市復興區台7線 12公里700.0公尺處附近,晴,無照明,省道,40,單路部分,彎曲路及附近,路段,路肩、路緣,柏油,乾燥,無缺陷,無障礙物,無遮蔽物,良好,無號誌,無號誌,雙向禁止超車線,無標記,未繪設車道線,未繪設快慢車道分隔線,有,人與車,佇立路邊(外),駕駛者,未依規定減速,死亡1;受傷1,1,小客車(含客、貨兩用),自用,男,21,未戴安全帽或未繫安全帶(未使用幼童安全椅),未使用,車的狀態,向前直行中,汽車,右前車頭(身),汽車,左前車頭(身),駕駛者,未依規定減速,否,121.333824,24.830339,其他(非共享經濟與外送平台)
2025,5,20250501,182100,A1,桃園市政府警察局,桃園市復興區台7線 12公里700.0公尺處附近,晴,無照明,省道,40,單路部分,彎曲路及附近,路段,路肩、路緣,柏油,乾燥,無缺陷,無障礙物,無遮蔽物,良好,無號誌,無號誌,雙向禁止超車線,無標記,未繪設車道線,未繪設快慢車道分隔線,有,人與車,佇立路邊(外),駕駛者,未依規定減速,死亡1;受傷1,2,人,行人,男,21,其他(無需使用保護裝備之人),非駕駛人,人的狀態,靜立(止),其他,非汽、機及自行車,,,無(非車輛駕駛人因素),尚未發現肇事因素,否,121.333824,24.830339,非駕駛人
2025,5,20250501,182100,A1,桃園市政府警察局,桃園市復興區台7線 12公里700.0公尺處附近,晴,無照明,省道,40,單路部分,彎曲路及附近,路段,路肩、路緣,柏油,乾燥,無缺陷,無障礙物,無遮蔽物,良好,無號誌,無號誌,雙向禁止超車線,無標記,未繪設車道線,未繪設快慢車道分隔線,有,人與車,佇立路邊(外),駕駛者,未依規定減速,死亡1;受傷1,3,小客車(含客、貨兩用),自用,男,21,不明,未使用,車的狀態,靜止(引擎熄火),汽車,右後車尾(身),,,無(車輛駕駛者因素),尚未發現肇事因素,否,121.333824,24.830339,其他(非共享經濟與外送平台)
2025,5,20250501,182100,A1,桃園市政府警察局,桃園市復興區台7線 12公里700.0公尺處附近,晴,無照明,省道,40,單路部分,彎曲路及附近,路段,路肩、路緣,柏油,乾燥,無缺陷,無障礙物,無遮蔽物,良好,無號誌,無號誌,雙向禁止超車線,無標記,未繪設車道線,未繪設快慢車道分隔線,有,人與車,佇立路邊(外),駕駛者,未依規定減速,死亡1;受傷1,4,人,乘客,男,19,未戴安全帽或未繫安全帶(未使用幼童安全椅),非駕駛人,人的狀態,其他,其他,非汽、機及自行車,,,無(非車輛駕駛人因素),尚未發現肇事因素,否,121.333824,24.830339,非駕駛人
2025,5,20250501,182100,A1,桃園市政府警察局,桃園市復興區台7線 12公里700.0公尺處附近,晴,無照明,省道,40,單路部分,彎曲路及附近,路段,路肩、路緣,柏油,乾燥,無缺陷,無障礙物,無遮蔽物,良好,無號誌,無號誌,雙向禁止超車線,無標記,未繪設車道線,未繪設快慢車道分隔線,有,人與車,佇立路邊(外),駕駛者,未依規定減速,死亡1;受傷1,5,,,無或物(動物、堆置物),-1,,,,,,,,,無(非車輛駕駛人因素),尚未發現肇事因素,否,121.333824,24.830339,
2025,5,20250504,000500,A1,桃園市政府警察局,桃園市龜山區文化三路附近 / 桃園市龜山區文三一街口,陰,有照明未開啟或故障,市區道路,50,交岔路,四岔路,交叉路口,交叉路口內,柏油,乾燥,無缺陷,無障礙物,無遮蔽物,良好,行車管制號誌(附設行人專用號誌),正常,無,無分向設施,未繪設車道線,未繪設快慢車道分隔線,無,車與車,側撞,駕駛者,有號誌路口，轉彎車未讓直行車先行,死亡1;受傷1,1,小客車(含客、貨兩用),自用,男,45,繫安全帶(使用幼童安全椅),未使用,車的狀態,左轉彎,汽車,右側車身,,,駕駛者,有號誌路口，轉彎車未讓直行車先行,否,121.362353,25.059594,其他(非共享經濟與外送平台)
2025,5,20250504,000500,A1,桃園市政府警察局,桃園市龜山區文化三路附近 / 桃園市龜山區文三一街口,陰,有照明未開啟或故障,市區道路,50,交岔路,四岔路,交叉路口,交叉路口內,柏油,乾燥,無缺陷,無障礙物,無遮蔽物,良好,行車管制號誌(附設行人專用號誌),正常,無,無分向設施,未繪設車道線,未繪設快慢車道分隔線,無,車與車,側撞,駕駛者,有號誌路口，轉彎車未讓直行車先行,死亡1;受傷1,2,機車,普通重型,女,19,戴非半罩式安全帽,未使用,車的狀態,向前直行中,機車與自行車,前車頭,,,駕駛者,恍神、緊張、心不在焉分心駕駛,否,121.362353,25.059594,其他(非共享經濟與外送平台)
2025,5,20250504,000500,A1,桃園市政府警察局,桃園市龜山區文化三路附近 / 桃園市龜山區文三一街口,陰,有照明未開啟或故障,市區道路,50,交岔路,四岔路,交叉路口,交叉路口內,柏油,乾燥,無缺陷,無障礙物,無遮蔽物,良好,行車管制號誌(附設行人專用號誌),正常,無,無分向設施,未繪設車道線,未繪設快慢車道分隔線,無,車與車,側撞,駕駛者,有號誌路口，轉彎車未讓直行車先行,死亡1;受傷1,3,人,乘客,女,46,繫安全帶(使用幼童安全椅),非駕駛人,人的狀態,其他,其他,非汽、機及自行車,,,無(非車輛駕駛人因素),尚未發現肇事因素,否,121.362353,25.059594,非駕駛人
2025,5,20250509,112500,A1,桃園市政府警察局,桃園市平鎮區東豐路口 / 桃園市平鎮區福壽路口,晴,有照明未開啟或故障,市區道路,50,交岔路,三岔路,交叉路口,交叉路口內,柏油,乾燥,無缺陷,無障礙物,無遮蔽物,良好,行車管制號誌,正常,無,無分向設施,未繪設車道線,未繪設快慢車道分隔線,無,車與車,側撞,駕駛者,超速駕駛,死亡1;受傷0,1,小客車(含客、貨兩用),自用,男,34,繫安全帶(使用幼童安全椅),未使用,車的狀態,向前直行中,汽車,前車頭,,,駕駛者,超速駕駛,否,121.215563,24.900932,其他(非共享經濟與外送平台)
2025,5,20250509,112500,A1,桃園市政府警察局,桃園市平鎮區東豐路口 / 桃園市平鎮區福壽路口,晴,有照明未開啟或故障,市區道路,50,交岔路,三岔路,交叉路口,交叉路口內,柏油,乾燥,無缺陷,無障礙物,無遮蔽物,良好,行車管制號誌,正常,無,無分向設施,未繪設車道線,未繪設快慢車道分隔線,無,車與車,側撞,駕駛者,超速駕駛,死亡1;受傷0,2,機車,普通重型,女,71,戴半罩式安全帽,未使用,車的狀態,左轉彎,機車與自行車,右側車身,,,駕駛者,有號誌路口，轉彎車未讓直行車先行,否,121.215563,24.900932,其他(非共享經濟與外送平台)
2025,5,20250509,224300,A1,桃園市政府警察局,桃園市觀音區育仁路一段851巷前0.0公尺附近,晴,有照明且開啟,村里道路,50,單路部分,彎曲路及附近,路段,一般車道(未劃分快慢車道),柏油,乾燥,無缺陷,無障礙物,無遮蔽物,良好,無號誌,無號誌,行車分向線,無標記,未繪設車道線,未繪設快慢車道分隔線,有,車輛本身,撞電桿,駕駛者,未依規定減速,死亡1;受傷0,1,小客車(含客、貨兩用),自用,男,39,繫安全帶(使用幼童安全椅),未使用,車的狀態,向前直行中,汽車,前車頭,,,駕駛者,未依規定減速,否,121.101127,25.015359,其他(非共享經濟與外送平台)
2025,5,20250509,224300,A1,桃園市政府警察局,桃園市觀音區育仁路一段851巷前0.0公尺附近,晴,有照明且開啟,村里道路,50,單路部分,彎曲路及附近,路段,一般車道(未劃分快慢車道),柏油,乾燥,無缺陷,無障礙物,無遮蔽物,良好,無號誌,無號誌,行車分向線,無標記,未繪設車道線,未繪設快慢車道分隔線,有,車輛本身,撞電桿,駕駛者,未依規定減速,死亡1;受傷0,2,,,無或物(動物、堆置物),-1,,,,,,,,,無(非車輛駕駛人因素),尚未發現肇事因素,否,121.101127,25.015359,
2025,5,20250511,181328,A1,桃園市政府警察局,桃園市觀音區台61線平面道路(北向)燈桿0601634,雨,有照明且開啟,市區道路,50,單路部分,直路,路段,一般車道(未劃分快慢車道),柏油,濕潤,無缺陷,無障礙物,無遮蔽物,良好,無號誌,無號誌,無,無分向設施,車道線(無標記),未繪設快慢車道分隔線,有,車輛本身,撞電桿,駕駛者,恍神、緊張、心不在焉分心駕駛,死亡1;受傷0,1,機車,普通重型,男,19,戴半罩式安全帽,未使用,車的狀態,向前直行中,機車與自行車,前車頭,,,駕駛者,恍神、緊張、心不在焉分心駕駛,否,121.083467,25.048659,其他(非共享經濟與外送平台)
2025,5,20250511,181328,A1,桃園市政府警察局,桃園市觀音區台61線平面道路(北向)燈桿0601634,雨,有照明且開啟,市區道路,50,單路部分,直路,路段,一般車道(未劃分快慢車道),柏油,濕潤,無缺陷,無障礙物,無遮蔽物,良好,無號誌,無號誌,無,無分向設施,車道線(無標記),未繪設快慢車道分隔線,有,車輛本身,撞電桿,駕駛者,恍神、緊張、心不在焉分心駕駛,死亡1;受傷0,2,,,無或物(動物、堆置物),-1,,,,,,,,,無(非車輛駕駛人因素),尚未發現肇事因素,否,121.083467,25.048659,
2025,5,20250512,211931,A1,桃園市政府警察局,桃園市觀音區台66線西向1公里,晴,有照明未開啟或故障,市區道路,50,單路部分,直路,路段,慢車道,柏油,乾燥,無缺陷,無障礙物,無遮蔽物,良好,無號誌,無號誌,中央分向島,窄式無柵欄,車道線(無標記),窄式快慢車道分隔島(無柵欄),有,車與車,其他,駕駛者,逆向行駛,死亡1;受傷0,1,機車,普通重型,男,61,戴半罩式安全帽,未使用,車的狀態,向前直行中,其他,無撞擊,,,駕駛者,逆向行駛,否,121.062022,25.025442,其他(非共享經濟與外送平台)
2025,5,20250512,211931,A1,桃園市政府警察局,桃園市觀音區台66線西向1公里,晴,有照明未開啟或故障,市區道路,50,單路部分,直路,路段,慢車道,柏油,乾燥,無缺陷,無障礙物,無遮蔽物,良好,無號誌,無號誌,中央分向島,窄式無柵欄,車道線(無標記),窄式快慢車道分隔島(無柵欄),有,車與車,其他,駕駛者,逆向行駛,死亡1;受傷0,2,大貨車,營業用,男,34,繫安全帶(使用幼童安全椅),未使用,車的狀態,向前直行中,汽車,左側車身,,,無(車輛駕駛者因素),尚未發現肇事因素,否,121.062022,25.025442,其他(非共享經濟與外送平台)
2025,5,20250518,101152,A1,桃園市政府警察局,桃園市平鎮區民族路三段23號前0.0公尺,晴,有照明未開啟或故障,市區道路,50,單路部分,直路,路段,一般車道(未劃分快慢車道),柏油,乾燥,無缺陷,無障礙物,無遮蔽物,良好,無號誌,無號誌,行車分向線,無標記,車道線(無標記),快慢車道分隔線,有,車與車,同向擦撞,駕駛者,變換車道不當,死亡1;受傷0,1,曳引車,營業用,男,31,繫安全帶(使用幼童安全椅),未使用,車的狀態,向右變換車道,汽車,右側車身,,,駕駛者,變換車道不當,否,121.197519,24.957039,其他(非共享經濟與外送平台)
2025,5,20250518,101152,A1,桃園市政府警察局,桃園市平鎮區民族路三段23號前0.0公尺,晴,有照明未開啟或故障,市區道路,50,單路部分,直路,路段,一般車道(未劃分快慢車道),柏油,乾燥,無缺陷,無障礙物,無遮蔽物,良好,無號誌,無號誌,行車分向線,無標記,車道線(無標記),快慢車道分隔線,有,車與車,同向擦撞,駕駛者,變換車道不當,死亡1;受傷0,2,機車,普通重型,女,56,戴半罩式安全帽,未使用,車的狀態,向前直行中,機車與自行車,左側車身,,,無(車輛駕駛者因素),尚未發現肇事因素,否,121.197519,24.957039,其他(非共享經濟與外送平台)
2025,5,20250518,101152,A1,桃園市政府警察局,桃園市平鎮區民族路三段23號前0.0公尺,晴,有照明未開啟或故障,市區道路,50,單路部分,直路,路段,一般車道(未劃分快慢車道),柏油,乾燥,無缺陷,無障礙物,無遮蔽物,良好,無號誌,無號誌,行車分向線,無標記,車道線(無標記),快慢車道分隔線,有,車與車,同向擦撞,駕駛者,變換車道不當,死亡1;受傷0,3,人,輔助代步器材,男,39,其他(無需使用保護裝備之人),非駕駛人,人的狀態,其他,其他,非汽、機及自行車,,,無(非車輛駕駛人因素),尚未發現肇事因素,否,121.197519,24.957039,非駕駛人
2025,5,20250521,043400,A1,桃園市政府警察局,桃園市桃園區萬壽路三段61號前0.0公尺,晴,有照明且開啟,市區道路,50,單路部分,直路,路段,一般車道(未劃分快慢車道),柏油,乾燥,無缺陷,無障礙物,無遮蔽物,良好,行車管制號誌(附設行人專用號誌),正常,雙向禁止超車線,無標記,車道線(無標記),未繪設快慢車道分隔線,有,人與車,穿越道路中,非駕駛者,未依標誌或標線穿越道路,死亡1;受傷1,1,人,行人,女,84,其他(無需使用保護裝備之人),非駕駛人,人的狀態,步行,其他,非汽、機及自行車,,,非駕駛者,未依標誌或標線穿越道路,否,121.322220,24.991871,非駕駛人
2025,5,20250521,043400,A1,桃園市政府警察局,桃園市桃園區萬壽路三段61號前0.0公尺,晴,有照明且開啟,市區道路,50,單路部分,直路,路段,一般車道(未劃分快慢車道),柏油,乾燥,無缺陷,無障礙物,無遮蔽物,良好,行車管制號誌(附設行人專用號誌),正常,雙向禁止超車線,無標記,車道線(無標記),未繪設快慢車道分隔線,有,人與車,穿越道路中,非駕駛者,未依標誌或標線穿越道路,死亡1;受傷1,2,機車,普通重型,女,50,不明,不明,車的狀態,向前直行中,機車與自行車,前車頭,,,駕駛者,恍神、緊張、心不在焉分心駕駛,否,121.322220,24.991871,其他(非共享經濟與外送平台)
2025,5,20250525,004034,A1,桃園市政府警察局,桃園市中壢區龍岡路二段附近 / 桃園市中壢區龍陵路附近,雨,有照明且開啟,市區道路,50,交岔路,三岔路,交叉路口,交叉口附近,柏油,濕潤,無缺陷,無障礙物,無遮蔽物,良好,行車管制號誌,正常,雙向禁止超車線,無標記,車道線(無標記),未繪設快慢車道分隔線,有,車與車,追撞,駕駛者,恍神、緊張、心不在焉分心駕駛,死亡1;受傷0,1,機車,普通重型,男,50,戴非半罩式安全帽,未使用,車的狀態,向前直行中,機車與自行車,前車頭,,,駕駛者,恍神、緊張、心不在焉分心駕駛,否,121.231103,24.939064,其他(非共享經濟與外送平台)
2025,5,20250525,004034,A1,桃園市政府警察局,桃園市中壢區龍岡路二段附近 / 桃園市中壢區龍陵路附近,雨,有照明且開啟,市區道路,50,交岔路,三岔路,交叉路口,交叉口附近,柏油,濕潤,無缺陷,無障礙物,無遮蔽物,良好,行車管制號誌,正常,雙向禁止超車線,無標記,車道線(無標記),未繪設快慢車道分隔線,有,車與車,追撞,駕駛者,恍神、緊張、心不在焉分心駕駛,死亡1;受傷0,2,小客車(含客、貨兩用),自用,男,55,繫安全帶(使用幼童安全椅),未使用,車的狀態,等待(引擎未熄火),汽車,後車尾,,,無(車輛駕駛者因素),尚未發現肇事因素,否,121.231103,24.939064,其他(非共享經濟與外送平台)
2025,5,20250529,113106,A1,桃園市政府警察局,桃園市大溪區員林路一段口 / 桃園市大溪區仁和三街口,雨,有照明未開啟或故障,市區道路,50,交岔路,三岔路,其他,行人穿越道,柏油,濕潤,無缺陷,無障礙物,無遮蔽物,良好,行車管制號誌(附設行人專用號誌),正常,無,無分向設施,未繪設車道線,未繪設快慢車道分隔線,無,人與車,穿越道路中,駕駛者,車輛未依規定暫停讓行人先行,死亡1;受傷0,1,小貨車,自用,男,30,繫安全帶(使用幼童安全椅),未使用,車的狀態,左轉彎,汽車,左前車頭(身),,,駕駛者,車輛未依規定暫停讓行人先行,否,121.277655,24.895728,其他(非共享經濟與外送平台)
2025,5,20250529,113106,A1,桃園市政府警察局,桃園市大溪區員林路一段口 / 桃園市大溪區仁和三街口,雨,有照明未開啟或故障,市區道路,50,交岔路,三岔路,其他,行人穿越道,柏油,濕潤,無缺陷,無障礙物,無遮蔽物,良好,行車管制號誌(附設行人專用號誌),正常,無,無分向設施,未繪設車道線,未繪設快慢車道分隔線,無,人與車,穿越道路中,駕駛者,車輛未依規定暫停讓行人先行,死亡1;受傷0,2,人,行人,女,69,其他(無需使用保護裝備之人),非駕駛人,人的狀態,步行,其他,非汽、機及自行車,,,無(非車輛駕駛人因素),尚未發現肇事因素,否,121.277655,24.895728,非駕駛人
2025,5,20250529,135835,A1,桃園市政府警察局,桃園市中壢區中華路二段170號前0.0公尺,雨,有照明且開啟,市區道路,50,單路部分,直路,路段,一般車道(未劃分快慢車道),柏油,濕潤,無缺陷,無障礙物,無遮蔽物,良好,無號誌,無號誌,中央分向島,寬式(50公分以上),車道線(無標記),未繪設快慢車道分隔線,有,車與車,追撞,駕駛者,恍神、緊張、心不在焉分心駕駛,死亡1;受傷0,1,大客車,民營公車,男,54,繫安全帶(使用幼童安全椅),未使用,車的狀態,向前直行中,汽車,前車頭,,,駕駛者,恍神、緊張、心不在焉分心駕駛,否,121.239527,24.965841,其他(非共享經濟與外送平台)
2025,5,20250529,135835,A1,桃園市政府警察局,桃園市中壢區中華路二段170號前0.0公尺,雨,有照明且開啟,市區道路,50,單路部分,直路,路段,一般車道(未劃分快慢車道),柏油,濕潤,無缺陷,無障礙物,無遮蔽物,良好,無號誌,無號誌,中央分向島,寬式(50公分以上),車道線(無標記),未繪設快慢車道分隔線,有,車與車,追撞,駕駛者,恍神、緊張、心不在焉分心駕駛,死亡1;受傷0,2,機車,普通重型,女,43,戴半罩式安全帽,不明,車的狀態,向前直行中,機車與自行車,後車尾,機車與自行車,右側車身,無(車輛駕駛者因素),尚未發現肇事因素,否,121.239527,24.965841,其他(非共享經濟與外送平台)
2025,5,20250531,201957,A1,桃園市政府警察局,桃園市大溪區康莊路5段口 / 桃園市大溪區康莊路5段口,晴,有照明且開啟,市區道路,60,交岔路,三岔路,交叉路口,交叉路口內,柏油,乾燥,無缺陷,無障礙物,無遮蔽物,良好,行車管制號誌,正常,無,無分向設施,未繪設車道線,未繪設快慢車道分隔線,無,車與車,路口交岔撞,駕駛者,闖紅燈直行,死亡1;受傷2,1,機車,大型重型1(550C.C.以上),男,60,戴非半罩式安全帽,未使用,車的狀態,向前直行中,機車與自行車,前車頭,,,駕駛者,闖紅燈直行,否,121.269063,24.829562,其他(非共享經濟與外送平台)
2025,5,20250531,201957,A1,桃園市政府警察局,桃園市大溪區康莊路5段口 / 桃園市大溪區康莊路5段口,晴,有照明且開啟,市區道路,60,交岔路,三岔路,交叉路口,交叉路口內,柏油,乾燥,無缺陷,無障礙物,無遮蔽物,良好,行車管制號誌,正常,無,無分向設施,未繪設車道線,未繪設快慢車道分隔線,無,車與車,路口交岔撞,駕駛者,闖紅燈直行,死亡1;受傷2,2,小客車(含客、貨兩用),自用,男,22,繫安全帶(使用幼童安全椅),未使用,車的狀態,向前直行中,汽車,右前車頭(身),,,無(車輛駕駛者因素),尚未發現肇事因素,否,121.269063,24.829562,其他(非共享經濟與外送平台)
2025,5,20250531,201957,A1,桃園市政府警察局,桃園市大溪區康莊路5段口 / 桃園市大溪區康莊路5段口,晴,有照明且開啟,市區道路,60,交岔路,三岔路,交叉路口,交叉路口內,柏油,乾燥,無缺陷,無障礙物,無遮蔽物,良好,行車管制號誌,正常,無,無分向設施,未繪設車道線,未繪設快慢車道分隔線,無,車與車,路口交岔撞,駕駛者,闖紅燈直行,死亡1;受傷2,3,人,乘客,女,22,繫安全帶(使用幼童安全椅),非駕駛人,人的狀態,其他,其他,非汽、機及自行車,,,無(非車輛駕駛人因素),尚未發現肇事因素,否,121.269063,24.829562,非駕駛人
2025,6,20250604,055653,A1,桃園市政府警察局,桃園市中壢區中豐路口 / 桃園市中壢區中山路口,雨,有照明且開啟,市區道路,50,交岔路,四岔路,交叉路口,交叉路口內,柏油,濕潤,無缺陷,無障礙物,無遮蔽物,良好,行車管制號誌,正常,無,無分向設施,未繪設車道線,未繪設快慢車道分隔線,無,車與車,側撞,駕駛者,有號誌路口，轉彎車未讓直行車先行,死亡1;受傷0,1,機車,普通重型,男,61,戴非半罩式安全帽,未使用,車的狀態,左轉彎,機車與自行車,右側車身,,,駕駛者,有號誌路口，轉彎車未讓直行車先行,否,121.219060,24.956332,其他(非共享經濟與外送平台)
2025,6,20250604,055653,A1,桃園市政府警察局,桃園市中壢區中豐路口 / 桃園市中壢區中山路口,雨,有照明且開啟,市區道路,50,交岔路,四岔路,交叉路口,交叉路口內,柏油,濕潤,無缺陷,無障礙物,無遮蔽物,良好,行車管制號誌,正常,無,無分向設施,未繪設車道線,未繪設快慢車道分隔線,無,車與車,側撞,駕駛者,有號誌路口，轉彎車未讓直行車先行,死亡1;受傷0,2,小客車(含客、貨兩用),自用,男,51,繫安全帶(使用幼童安全椅),未使用,車的狀態,向前直行中,汽車,前車頭,,,駕駛者,超速駕駛,否,121.219060,24.956332,其他(非共享經濟與外送平台)
2025,6,20250604,055653,A1,桃園市政府警察局,桃園市中壢區中豐路口 / 桃園市中壢區中山路口,雨,有照明且開啟,市區道路,50,交岔路,四岔路,交叉路口,交叉路口內,柏油,濕潤,無缺陷,無障礙物,無遮蔽物,良好,行車管制號誌,正常,無,無分向設施,未繪設車道線,未繪設快慢車道分隔線,無,車與車,側撞,駕駛者,有號誌路口，轉彎車未讓直行車先行,死亡1;受傷0,3,小客車(含客、貨兩用),自用,男,24,繫安全帶(使用幼童安全椅),未使用,車的狀態,靜止(引擎熄火),汽車,後車尾,,,無(車輛駕駛者因素),尚未發現肇事因素,否,121.219060,24.956332,其他(非共享經濟與外送平台)
2025,6,20250606,071600,A1,桃園市政府警察局,桃園市中壢區吉林路22號前0.0公尺,晴,有照明且開啟,市區道路,50,單路部分,直路,路段,一般車道(未劃分快慢車道),柏油,泥濘,無缺陷,無障礙物,無遮蔽物,良好,行車管制號誌,正常,雙向禁止超車線,無標記,禁止變換車道線(無標記),未繪設快慢車道分隔線,無,車與車,同向擦撞,駕駛者,違規超車,死亡1;受傷1,1,機車,普通重型,男,34,不明,不明,車的狀態,向前直行中,機車與自行車,左側車身,,,駕駛者,違規超車,否,121.244048,24.979175,其他(非共享經濟與外送平台)
2025,6,20250606,071600,A1,桃園市政府警察局,桃園市中壢區吉林路22號前0.0公尺,晴,有照明且開啟,市區道路,50,單路部分,直路,路段,一般車道(未劃分快慢車道),柏油,泥濘,無缺陷,無障礙物,無遮蔽物,良好,行車管制號誌,正常,雙向禁止超車線,無標記,禁止變換車道線(無標記),未繪設快慢車道分隔線,無,車與車,同向擦撞,駕駛者,違規超車,死亡1;受傷1,2,曳引車,營業用,男,62,不明,不明,車的狀態,向前直行中,汽車,右前車頭(身),,,無(車輛駕駛者因素),尚未發現肇事因素,否,121.244048,24.979175,其他(非共享經濟與外送平台)
2025,6,20250606,071600,A1,桃園市政府警察局,桃園市中壢區吉林路22號前0.0公尺,晴,有照明且開啟,市區道路,50,單路部分,直路,路段,一般車道(未劃分快慢車道),柏油,泥濘,無缺陷,無障礙物,無遮蔽物,良好,行車管制號誌,正常,雙向禁止超車線,無標記,禁止變換車道線(無標記),未繪設快慢車道分隔線,無,車與車,同向擦撞,駕駛者,違規超車,死亡1;受傷1,3,人,乘客,男,20,不明,非駕駛人,人的狀態,其他,其他,非汽、機及自行車,,,無(非車輛駕駛人因素),尚未發現肇事因素,否,121.244048,24.979175,非駕駛人
2025,6,20250613,001917,A1,桃園市政府警察局,桃園市中壢區中正路口 / 桃園市中壢區康樂路口,雨,有照明且開啟,市區道路,50,交岔路,三岔路,交叉路口,交叉口附近,柏油,濕潤,無缺陷,無障礙物,無遮蔽物,良好,行車管制號誌,正常,雙向禁止超車線,無標記,禁止變換車道線(無標記),未繪設快慢車道分隔線,無,車與車,追撞,其他,其他不當駕車行為,死亡1;受傷2,1,小客車(含客、貨兩用),自用,男,21,繫安全帶(使用幼童安全椅),未使用,車的狀態,向前直行中,汽車,前車頭,,,其他,其他不當駕車行為,否,121.219804,24.955260,其他(非共享經濟與外送平台)
2025,6,20250613,001917,A1,桃園市政府警察局,桃園市中壢區中正路口 / 桃園市中壢區康樂路口,雨,有照明且開啟,市區道路,50,交岔路,三岔路,交叉路口,交叉口附近,柏油,濕潤,無缺陷,無障礙物,無遮蔽物,良好,行車管制號誌,正常,雙向禁止超車線,無標記,禁止變換車道線(無標記),未繪設快慢車道分隔線,無,車與車,追撞,其他,其他不當駕車行為,死亡1;受傷2,2,機車,普通重型,男,41,戴非半罩式安全帽,未使用,車的狀態,等待(引擎未熄火),機車與自行車,後車尾,,,無(車輛駕駛者因素),尚未發現肇事因素,否,121.219804,24.955260,其他(非共享經濟與外送平台)
2025,6,20250613,001917,A1,桃園市政府警察局,桃園市中壢區中正路口 / 桃園市中壢區康樂路口,雨,有照明且開啟,市區道路,50,交岔路,三岔路,交叉路口,交叉口附近,柏油,濕潤,無缺陷,無障礙物,無遮蔽物,良好,行車管制號誌,正常,雙向禁止超車線,無標記,禁止變換車道線(無標記),未繪設快慢車道分隔線,無,車與車,追撞,其他,其他不當駕車行為,死亡1;受傷2,3,小客車(含客、貨兩用),自用,女,36,繫安全帶(使用幼童安全椅),未使用,車的狀態,等待(引擎未熄火),汽車,後車尾,,,無(車輛駕駛者因素),尚未發現肇事因素,否,121.219804,24.955260,其他(非共享經濟與外送平台)
2025,6,20250613,001917,A1,桃園市政府警察局,桃園市中壢區中正路口 / 桃園市中壢區康樂路口,雨,有照明且開啟,市區道路,50,交岔路,三岔路,交叉路口,交叉口附近,柏油,濕潤,無缺陷,無障礙物,無遮蔽物,良好,行車管制號誌,正常,雙向禁止超車線,無標記,禁止變換車道線(無標記),未繪設快慢車道分隔線,無,車與車,追撞,其他,其他不當駕車行為,死亡1;受傷2,4,機車,普通重型,女,47,戴非半罩式安全帽,未使用,車的狀態,等待(引擎未熄火),機車與自行車,後車尾,,,無(車輛駕駛者因素),尚未發現肇事因素,否,121.219804,24.955260,其他(非共享經濟與外送平台)
2025,6,20250613,020600,A1,桃園市政府警察局,桃園市龜山區文桃路489號前0.0公尺,雨,有照明且開啟,市區道路,50,單路部分,直路,路段,一般車道(未劃分快慢車道),柏油,濕潤,無缺陷,無障礙物,無遮蔽物,良好,無號誌,無號誌,中央分向島,窄式無柵欄,車道線(無標記),未繪設快慢車道分隔線,無,人與車,其他,非駕駛者,未依標誌或標線穿越道路,死亡1;受傷1,1,人,行人,女,86,其他(無需使用保護裝備之人),非駕駛人,人的狀態,靜立(止),其他,非汽、機及自行車,,,非駕駛者,未依標誌或標線穿越道路,否,121.389263,25.047659,非駕駛人
2025,6,20250613,020600,A1,桃園市政府警察局,桃園市龜山區文桃路489號前0.0公尺,雨,有照明且開啟,市區道路,50,單路部分,直路,路段,一般車道(未劃分快慢車道),柏油,濕潤,無缺陷,無障礙物,無遮蔽物,良好,無號誌,無號誌,中央分向島,窄式無柵欄,車道線(無標記),未繪設快慢車道分隔線,無,人與車,其他,非駕駛者,未依標誌或標線穿越道路,死亡1;受傷1,2,機車,普通重型,男,29,戴半罩式安全帽,未使用,車的狀態,向前直行中,機車與自行車,前車頭,,,駕駛者,恍神、緊張、心不在焉分心駕駛,否,121.389263,25.047659,其他(非共享經濟與外送平台)
2025,6,20250613,075849,A1,桃園市政府警察局,桃園市平鎮區延平路一段243號前0.0公尺附近,陰,有照明未開啟或故障,市區道路,50,其他,其他,其他,行人穿越道,柏油,乾燥,無缺陷,無障礙物,無遮蔽物,良好,閃光號誌,正常,無,無分向設施,未繪設車道線,未繪設快慢車道分隔線,無,人與車,穿越道路中,駕駛者,車輛未依規定暫停讓行人先行,死亡1;受傷1,1,機車,普通重型,男,17,戴半罩式安全帽,未使用,車的狀態,向前直行中,機車與自行車,前車頭,,,駕駛者,車輛未依規定暫停讓行人先行,否,121.215049,24.950478,其他(非共享經濟與外送平台)
2025,6,20250613,075849,A1,桃園市政府警察局,桃園市平鎮區延平路一段243號前0.0公尺附近,陰,有照明未開啟或故障,市區道路,50,其他,其他,其他,行人穿越道,柏油,乾燥,無缺陷,無障礙物,無遮蔽物,良好,閃光號誌,正常,無,無分向設施,未繪設車道線,未繪設快慢車道分隔線,無,人與車,穿越道路中,駕駛者,車輛未依規定暫停讓行人先行,死亡1;受傷1,2,人,行人,男,83,其他(無需使用保護裝備之人),非駕駛人,人的狀態,步行,其他,非汽、機及自行車,,,無(非車輛駕駛人因素),尚未發現肇事因素,否,121.215049,24.950478,非駕駛人
2025,6,20250616,122802,A1,桃園市政府警察局,桃園市八德區大興路口 / 桃園市八德區指玄街口,晴,有照明未開啟或故障,市區道路,50,交岔路,四岔路,交叉路口,交叉口附近,柏油,乾燥,無缺陷,無障礙物,無遮蔽物,良好,行車管制號誌(附設行人專用號誌),正常,雙向禁止超車線,無標記,車道線(無標記),未繪設快慢車道分隔線,有,車輛本身,撞號誌、標誌桿,駕駛者,恍神、緊張、心不在焉分心駕駛,死亡1;受傷0,1,機車,普通重型,男,39,戴半罩式安全帽,未使用,車的狀態,其他,機車與自行車,前車頭,,,駕駛者,恍神、緊張、心不在焉分心駕駛,否,121.305712,24.954502,其他(非共享經濟與外送平台)
2025,6,20250616,122802,A1,桃園市政府警察局,桃園市八德區大興路口 / 桃園市八德區指玄街口,晴,有照明未開啟或故障,市區道路,50,交岔路,四岔路,交叉路口,交叉口附近,柏油,乾燥,無缺陷,無障礙物,無遮蔽物,良好,行車管制號誌(附設行人專用號誌),正常,雙向禁止超車線,無標記,車道線(無標記),未繪設快慢車道分隔線,有,車輛本身,撞號誌、標誌桿,駕駛者,恍神、緊張、心不在焉分心駕駛,死亡1;受傷0,2,,,無或物(動物、堆置物),-1,,,,,,,,,無(非車輛駕駛人因素),尚未發現肇事因素,否,121.305712,24.954502,
2025,6,20250618,184500,A1,桃園市政府警察局,桃園市八德區竹園街228巷前0.0公尺口,晴,有照明未開啟或故障,村里道路,40,交岔路,四岔路,路段,一般車道(未劃分快慢車道),柏油,乾燥,無缺陷,無障礙物,無遮蔽物,良好,無號誌,無號誌,行車分向線,無標記,車道線(無標記),未繪設快慢車道分隔線,有,車輛本身,撞電桿,駕駛者,酒醉(後)駕駛,死亡2;受傷0,1,機車,普通重型,男,17,不明,不明,車的狀態,向前直行中,機車與自行車,前車頭,機車與自行車,左側車身,駕駛者,酒醉(後)駕駛,否,121.271431,24.936126,其他(非共享經濟與外送平台)
2025,6,20250618,184500,A1,桃園市政府警察局,桃園市八德區竹園街228巷前0.0公尺口,晴,有照明未開啟或故障,村里道路,40,交岔路,四岔路,路段,一般車道(未劃分快慢車道),柏油,乾燥,無缺陷,無障礙物,無遮蔽物,良好,無號誌,無號誌,行車分向線,無標記,車道線(無標記),未繪設快慢車道分隔線,有,車輛本身,撞電桿,駕駛者,酒醉(後)駕駛,死亡2;受傷0,2,,,無或物(動物、堆置物),-1,,,,,,,,,無(非車輛駕駛人因素),尚未發現肇事因素,否,121.271431,24.936126,
2025,6,20250618,184500,A1,桃園市政府警察局,桃園市八德區竹園街228巷前0.0公尺口,晴,有照明未開啟或故障,村里道路,40,交岔路,四岔路,路段,一般車道(未劃分快慢車道),柏油,乾燥,無缺陷,無障礙物,無遮蔽物,良好,無號誌,無號誌,行車分向線,無標記,車道線(無標記),未繪設快慢車道分隔線,有,車輛本身,撞電桿,駕駛者,酒醉(後)駕駛,死亡2;受傷0,3,人,乘客,男,18,不明,非駕駛人,人的狀態,其他,其他,非汽、機及自行車,,,無(非車輛駕駛人因素),尚未發現肇事因素,否,121.271431,24.936126,非駕駛人
2025,6,20250619,075650,A1,桃園市政府警察局,桃園市龜山區振興路46號前0.0公尺,晴,有照明未開啟或故障,市區道路,50,交岔路,三岔路,交叉路口,交叉路口內,柏油,乾燥,無缺陷,無障礙物,無遮蔽物,良好,閃光號誌,正常,無,無分向設施,未繪設車道線,未繪設快慢車道分隔線,無,車與車,路口交岔撞,駕駛者,恍神、緊張、心不在焉分心駕駛,死亡1;受傷0,1,小客車(含客、貨兩用),自用,男,42,繫安全帶(使用幼童安全椅),不明,車的狀態,向前直行中,汽車,右前車頭(身),,,駕駛者,恍神、緊張、心不在焉分心駕駛,否,121.350311,25.003209,其他(非共享經濟與外送平台)
2025,6,20250619,075650,A1,桃園市政府警察局,桃園市龜山區振興路46號前0.0公尺,晴,有照明未開啟或故障,市區道路,50,交岔路,三岔路,交叉路口,交叉路口內,柏油,乾燥,無缺陷,無障礙物,無遮蔽物,良好,閃光號誌,正常,無,無分向設施,未繪設車道線,未繪設快慢車道分隔線,無,車與車,路口交岔撞,駕駛者,恍神、緊張、心不在焉分心駕駛,死亡1;受傷0,2,機車,普通重型,女,63,戴半罩式安全帽,未使用,車的狀態,起步,機車與自行車,左側車身,,,駕駛者,起步時未注意安全,否,121.350311,25.003209,其他(非共享經濟與外送平台)
2025,6,20250619,075650,A1,桃園市政府警察局,桃園市龜山區振興路46號前0.0公尺,晴,有照明未開啟或故障,市區道路,50,交岔路,三岔路,交叉路口,交叉路口內,柏油,乾燥,無缺陷,無障礙物,無遮蔽物,良好,閃光號誌,正常,無,無分向設施,未繪設車道線,未繪設快慢車道分隔線,無,車與車,路口交岔撞,駕駛者,恍神、緊張、心不在焉分心駕駛,死亡1;受傷0,3,機車,普通重型,男,31,不明,不明,車的狀態,靜止(引擎熄火),其他,不明,,,無(車輛駕駛者因素),尚未發現肇事因素,否,121.350311,25.003209,其他(非共享經濟與外送平台)
2025,6,20250619,075650,A1,桃園市政府警察局,桃園市龜山區振興路46號前0.0公尺,晴,有照明未開啟或故障,市區道路,50,交岔路,三岔路,交叉路口,交叉路口內,柏油,乾燥,無缺陷,無障礙物,無遮蔽物,良好,閃光號誌,正常,無,無分向設施,未繪設車道線,未繪設快慢車道分隔線,無,車與車,路口交岔撞,駕駛者,恍神、緊張、心不在焉分心駕駛,死亡1;受傷0,4,機車,普通重型,男,29,不明,不明,車的狀態,靜止(引擎熄火),其他,不明,,,無(車輛駕駛者因素),尚未發現肇事因素,否,121.350311,25.003209,其他(非共享經濟與外送平台)
2025,6,20250619,075650,A1,桃園市政府警察局,桃園市龜山區振興路46號前0.0公尺,晴,有照明未開啟或故障,市區道路,50,交岔路,三岔路,交叉路口,交叉路口內,柏油,乾燥,無缺陷,無障礙物,無遮蔽物,良好,閃光號誌,正常,無,無分向設施,未繪設車道線,未繪設快慢車道分隔線,無,車與車,路口交岔撞,駕駛者,恍神、緊張、心不在焉分心駕駛,死亡1;受傷0,5,機車,普通重型,女,44,不明,不明,車的狀態,靜止(引擎熄火),其他,不明,,,無(車輛駕駛者因素),尚未發現肇事因素,否,121.350311,25.003209,其他(非共享經濟與外送平台)
2025,6,20250619,075650,A1,桃園市政府警察局,桃園市龜山區振興路46號前0.0公尺,晴,有照明未開啟或故障,市區道路,50,交岔路,三岔路,交叉路口,交叉路口內,柏油,乾燥,無缺陷,無障礙物,無遮蔽物,良好,閃光號誌,正常,無,無分向設施,未繪設車道線,未繪設快慢車道分隔線,無,車與車,路口交岔撞,駕駛者,恍神、緊張、心不在焉分心駕駛,死亡1;受傷0,6,機車,普通重型,女,68,不明,不明,車的狀態,靜止(引擎熄火),其他,不明,,,無(車輛駕駛者因素),尚未發現肇事因素,否,121.350311,25.003209,其他(非共享經濟與外送平台)
2025,6,20250619,075650,A1,桃園市政府警察局,桃園市龜山區振興路46號前0.0公尺,晴,有照明未開啟或故障,市區道路,50,交岔路,三岔路,交叉路口,交叉路口內,柏油,乾燥,無缺陷,無障礙物,無遮蔽物,良好,閃光號誌,正常,無,無分向設施,未繪設車道線,未繪設快慢車道分隔線,無,車與車,路口交岔撞,駕駛者,恍神、緊張、心不在焉分心駕駛,死亡1;受傷0,7,人,其他人,男,66,其他(無需使用保護裝備之人),非駕駛人,人的狀態,其他,其他,無撞擊,,,非駕駛者,未依法令授權指揮交通或指揮不當,否,121.350311,25.003209,非駕駛人
2025,6,20250619,122100,A1,桃園市政府警察局,桃園市楊梅區快速路口 / 桃園市楊梅區榮平路口,晴,無照明,市區道路,50,交岔路,四岔路,交叉路口,交叉路口內,柏油,乾燥,無缺陷,無障礙物,無遮蔽物,良好,行車管制號誌,正常,無,無分向設施,未繪設車道線,未繪設快慢車道分隔線,無,車與車,路口交岔撞,駕駛者,闖紅燈直行,死亡1;受傷0,1,機車,普通重型,女,53,戴半罩式安全帽,未使用,車的狀態,向前直行中,機車與自行車,右側車身,,,駕駛者,闖紅燈直行,否,121.177892,24.941429,其他(非共享經濟與外送平台)
2025,6,20250619,122100,A1,桃園市政府警察局,桃園市楊梅區快速路口 / 桃園市楊梅區榮平路口,晴,無照明,市區道路,50,交岔路,四岔路,交叉路口,交叉路口內,柏油,乾燥,無缺陷,無障礙物,無遮蔽物,良好,行車管制號誌,正常,無,無分向設施,未繪設車道線,未繪設快慢車道分隔線,無,車與車,路口交岔撞,駕駛者,闖紅燈直行,死亡1;受傷0,2,小貨車,自用,男,37,繫安全帶(使用幼童安全椅),未使用,車的狀態,向前直行中,汽車,前車頭,,,無(車輛駕駛者因素),尚未發現肇事因素,否,121.177892,24.941429,其他(非共享經濟與外送平台)
2025,6,20250625,075715,A1,桃園市政府警察局,桃園市龜山區大坑路一段北側 / 桃園市龜山區民生北路一段北側,晴,有照明未開啟或故障,市區道路,50,交岔路,三岔路,路段,一般車道(未劃分快慢車道),柏油,乾燥,無缺陷,無障礙物,無遮蔽物,良好,行車管制號誌(附設行人專用號誌),正常,無,無分向設施,未繪設車道線,未繪設快慢車道分隔線,無,車與車,側撞,駕駛者,有號誌路口，轉彎車未讓直行車先行,死亡1;受傷1,1,小客車(含客、貨兩用),自用,男,19,繫安全帶(使用幼童安全椅),未使用,車的狀態,左轉彎,汽車,右側車身,,,駕駛者,有號誌路口，轉彎車未讓直行車先行,否,121.301823,25.039709,其他(非共享經濟與外送平台)
2025,6,20250625,075715,A1,桃園市政府警察局,桃園市龜山區大坑路一段北側 / 桃園市龜山區民生北路一段北側,晴,有照明未開啟或故障,市區道路,50,交岔路,三岔路,路段,一般車道(未劃分快慢車道),柏油,乾燥,無缺陷,無障礙物,無遮蔽物,良好,行車管制號誌(附設行人專用號誌),正常,無,無分向設施,未繪設車道線,未繪設快慢車道分隔線,無,車與車,側撞,駕駛者,有號誌路口，轉彎車未讓直行車先行,死亡1;受傷1,2,機車,普通重型,男,39,戴半罩式安全帽,未使用,車的狀態,向前直行中,機車與自行車,前車頭,,,駕駛者,未依規定減速,否,121.301823,25.039709,其他(非共享經濟與外送平台)
2025,6,20250627,040914,A1,桃園市政府警察局,桃園市中壢區龍岡路三段262巷56號前0.0公尺,晴,有照明且開啟,市區道路,50,單路部分,直路,路段,一般車道(未劃分快慢車道),柏油,乾燥,無缺陷,無障礙物,無遮蔽物,良好,無號誌,無號誌,雙向禁止超車線,無標記,未繪設車道線,未繪設快慢車道分隔線,有,人與車,同向通行中,駕駛者,恍神、緊張、心不在焉分心駕駛,死亡1;受傷1,1,機車,普通重型,男,42,戴非半罩式安全帽,未使用,車的狀態,向前直行中,機車與自行車,前車頭,,,駕駛者,恍神、緊張、心不在焉分心駕駛,否,121.234669,24.933484,其他(非共享經濟與外送平台)
2025,6,20250627,040914,A1,桃園市政府警察局,桃園市中壢區龍岡路三段262巷56號前0.0公尺,晴,有照明且開啟,市區道路,50,單路部分,直路,路段,一般車道(未劃分快慢車道),柏油,乾燥,無缺陷,無障礙物,無遮蔽物,良好,無號誌,無號誌,雙向禁止超車線,無標記,未繪設車道線,未繪設快慢車道分隔線,有,人與車,同向通行中,駕駛者,恍神、緊張、心不在焉分心駕駛,死亡1;受傷1,2,人,行人,女,67,其他(無需使用保護裝備之人),非駕駛人,人的狀態,步行,其他,非汽、機及自行車,,,無(非車輛駕駛人因素),尚未發現肇事因素,否,121.234669,24.933484,非駕駛人
2025,6,20250627,040914,A1,桃園市政府警察局,桃園市中壢區龍岡路三段262巷56號前0.0公尺,晴,有照明且開啟,市區道路,50,單路部分,直路,路段,一般車道(未劃分快慢車道),柏油,乾燥,無缺陷,無障礙物,無遮蔽物,良好,無號誌,無號誌,雙向禁止超車線,無標記,未繪設車道線,未繪設快慢車道分隔線,有,人與車,同向通行中,駕駛者,恍神、緊張、心不在焉分心駕駛,死亡1;受傷1,3,機車,普通重型,女,54,不明,不明,車的狀態,靜止(引擎熄火),機車與自行車,右側車身,,,無(車輛駕駛者因素),尚未發現肇事因素,否,121.234669,24.933484,其他(非共享經濟與外送平台)
2025,6,20250627,040914,A1,桃園市政府警察局,桃園市中壢區龍岡路三段262巷56號前0.0公尺,晴,有照明且開啟,市區道路,50,單路部分,直路,路段,一般車道(未劃分快慢車道),柏油,乾燥,無缺陷,無障礙物,無遮蔽物,良好,無號誌,無號誌,雙向禁止超車線,無標記,未繪設車道線,未繪設快慢車道分隔線,有,人與車,同向通行中,駕駛者,恍神、緊張、心不在焉分心駕駛,死亡1;受傷1,4,機車,普通重型,男,49,不明,不明,車的狀態,靜止(引擎熄火),機車與自行車,右側車身,,,無(車輛駕駛者因素),尚未發現肇事因素,否,121.234669,24.933484,其他(非共享經濟與外送平台)
2025,6,20250628,164800,A1,桃園市政府警察局,桃園市龜山區長壽路279號前0.0公尺,晴,有照明且開啟,市區道路,50,單路部分,直路,路段,一般車道(未劃分快慢車道),柏油,乾燥,無缺陷,無障礙物,無遮蔽物,良好,無號誌,無號誌,中央分向島,寬式(50公分以上),車道線(無標記),未繪設快慢車道分隔線,有,車輛本身,路上翻車、摔倒,駕駛者,恍神、緊張、心不在焉分心駕駛,死亡1;受傷0,1,機車,普通重型,女,70,戴半罩式安全帽,未使用,車的狀態,向前直行中,機車與自行車,右側車身,,,駕駛者,恍神、緊張、心不在焉分心駕駛,否,121.339316,24.999634,其他(非共享經濟與外送平台)
2025,6,20250628,164800,A1,桃園市政府警察局,桃園市龜山區長壽路279號前0.0公尺,晴,有照明且開啟,市區道路,50,單路部分,直路,路段,一般車道(未劃分快慢車道),柏油,乾燥,無缺陷,無障礙物,無遮蔽物,良好,無號誌,無號誌,中央分向島,寬式(50公分以上),車道線(無標記),未繪設快慢車道分隔線,有,車輛本身,路上翻車、摔倒,駕駛者,恍神、緊張、心不在焉分心駕駛,死亡1;受傷0,2,,,無或物(動物、堆置物),-1,,,,,,,,,無(非車輛駕駛人因素),尚未發現肇事因素,否,121.339316,24.999634,
2025,7,20250708,195900,A1,桃園市政府警察局,桃園市中壢區吉林路5-5號前0.0公尺,陰,有照明且開啟,市區道路,50,其他,其他,路段,一般車道(未劃分快慢車道),柏油,乾燥,無缺陷,無障礙物,無遮蔽物,良好,無號誌,無號誌,雙向禁止超車線,附標記,未繪設車道線,未繪設快慢車道分隔線,無,車與車,其他,其他,相關跡證不足且無具體影像紀錄，當事人各執一詞，經分析後無法釐清肇事原因,死亡1;受傷0,1,全聯結車,營業用,男,51,繫安全帶(使用幼童安全椅),未使用,車的狀態,右轉彎,汽車,車底,,,其他,相關跡證不足且無具體影像紀錄，當事人各執一詞，經分析後無法釐清肇事原因,否,121.237698,24.980336,其他(非共享經濟與外送平台)
2025,7,20250708,195900,A1,桃園市政府警察局,桃園市中壢區吉林路5-5號前0.0公尺,陰,有照明且開啟,市區道路,50,其他,其他,路段,一般車道(未劃分快慢車道),柏油,乾燥,無缺陷,無障礙物,無遮蔽物,良好,無號誌,無號誌,雙向禁止超車線,附標記,未繪設車道線,未繪設快慢車道分隔線,無,車與車,其他,其他,相關跡證不足且無具體影像紀錄，當事人各執一詞，經分析後無法釐清肇事原因,死亡1;受傷0,2,慢車,腳踏自行車,男,30,其他(無需使用保護裝備之人),未使用,不明,不明,其他,不明,,,駕駛者,逆向行駛,否,121.237698,24.980336,其他(非共享經濟與外送平台)
2025,7,20250710,075300,A1,桃園市政府警察局,桃園市大溪區大鶯路口 / 桃園市大溪區瑞仁路口,雨,有照明未開啟或故障,村里道路,40,交岔路,三岔路,交叉路口,交叉路口內,柏油,濕潤,無缺陷,無障礙物,無遮蔽物,良好,無號誌,無號誌,無,無分向設施,未繪設車道線,未繪設快慢車道分隔線,無,車與車,側撞,駕駛者,無號誌路口，轉彎車未讓直行車先行,死亡1;受傷0,1,機車,普通重型,男,39,戴半罩式安全帽,不明,車的狀態,左轉彎,機車與自行車,前車頭,,,駕駛者,無號誌路口，轉彎車未讓直行車先行,否,121.285620,24.895167,其他(非共享經濟與外送平台)
2025,7,20250710,075300,A1,桃園市政府警察局,桃園市大溪區大鶯路口 / 桃園市大溪區瑞仁路口,雨,有照明未開啟或故障,村里道路,40,交岔路,三岔路,交叉路口,交叉路口內,柏油,濕潤,無缺陷,無障礙物,無遮蔽物,良好,無號誌,無號誌,無,無分向設施,未繪設車道線,未繪設快慢車道分隔線,無,車與車,側撞,駕駛者,無號誌路口，轉彎車未讓直行車先行,死亡1;受傷0,2,大貨車,自用,男,65,不明,不明,車的狀態,向前直行中,汽車,前車頭,,,駕駛者,未依規定減速,否,121.285620,24.895167,其他(非共享經濟與外送平台)
2025,7,20250713,062200,A1,桃園市政府警察局,桃園市蘆竹區大竹北路177號前0.0公尺附近,晴,有照明未開啟或故障,市區道路,50,單路部分,直路,路段,一般車道(未劃分快慢車道),柏油,乾燥,無缺陷,無障礙物,無遮蔽物,良好,無號誌,無號誌,中央分向島,寬式(50公分以上),車道線(無標記),未繪設快慢車道分隔線,有,車輛本身,撞護欄(樁),駕駛者,恍神、緊張、心不在焉分心駕駛,死亡1;受傷0,1,機車,普通重型,男,60,戴半罩式安全帽,未使用,車的狀態,向前直行中,機車與自行車,前車頭,,,駕駛者,恍神、緊張、心不在焉分心駕駛,否,121.250779,25.031419,其他(非共享經濟與外送平台)
2025,7,20250713,062200,A1,桃園市政府警察局,桃園市蘆竹區大竹北路177號前0.0公尺附近,晴,有照明未開啟或故障,市區道路,50,單路部分,直路,路段,一般車道(未劃分快慢車道),柏油,乾燥,無缺陷,無障礙物,無遮蔽物,良好,無號誌,無號誌,中央分向島,寬式(50公分以上),車道線(無標記),未繪設快慢車道分隔線,有,車輛本身,撞護欄(樁),駕駛者,恍神、緊張、心不在焉分心駕駛,死亡1;受傷0,2,,,無或物(動物、堆置物),-1,,,,,,,,,無(非車輛駕駛人因素),尚未發現肇事因素,否,121.250779,25.031419,
2025,7,20250715,080100,A1,桃園市政府警察局,桃園市復興區台7線 26.4公里,晴,有照明未開啟或故障,省道,40,單路部分,彎曲路及附近,路段,一般車道(未劃分快慢車道),柏油,乾燥,無缺陷,無障礙物,無遮蔽物,良好,無號誌,無號誌,無,無分向設施,未繪設車道線,未繪設快慢車道分隔線,有,車與車,對向擦撞,駕駛者,酒醉(後)駕駛,死亡1;受傷1,1,機車,普通重型,男,61,戴非半罩式安全帽,未使用,車的狀態,向前直行中,機車與自行車,前車頭,,,駕駛者,酒醉(後)駕駛,否,121.356122,24.768430,其他(非共享經濟與外送平台)
2025,7,20250715,080100,A1,桃園市政府警察局,桃園市復興區台7線 26.4公里,晴,有照明未開啟或故障,省道,40,單路部分,彎曲路及附近,路段,一般車道(未劃分快慢車道),柏油,乾燥,無缺陷,無障礙物,無遮蔽物,良好,無號誌,無號誌,無,無分向設施,未繪設車道線,未繪設快慢車道分隔線,有,車與車,對向擦撞,駕駛者,酒醉(後)駕駛,死亡1;受傷1,2,小客車(含客、貨兩用),自用,男,36,繫安全帶(使用幼童安全椅),未使用,車的狀態,向前直行中,汽車,左前車頭(身),,,無(車輛駕駛者因素),尚未發現肇事因素,否,121.356122,24.768430,其他(非共享經濟與外送平台)
2025,7,20250721,190236,A1,桃園市政府警察局,桃園市觀音區新華路一段口 / 桃園市觀音區新華路一段附近,雨,有照明且開啟,市區道路,50,交岔路,三岔路,交叉路口,交叉口附近,柏油,濕潤,無缺陷,無障礙物,無遮蔽物,良好,無號誌,無號誌,雙向禁止超車線,無標記,未繪設車道線,未繪設快慢車道分隔線,有,車與車,同向擦撞,駕駛者,違反其他標誌(線)禁制,死亡1;受傷0,1,機車,普通重型,男,20,不明,不明,車的狀態,超車(含超越),機車與自行車,左側車身,,,駕駛者,違反其他標誌(線)禁制,否,121.112427,24.994158,其他(非共享經濟與外送平台)
2025,7,20250721,190236,A1,桃園市政府警察局,桃園市觀音區新華路一段口 / 桃園市觀音區新華路一段附近,雨,有照明且開啟,市區道路,50,交岔路,三岔路,交叉路口,交叉口附近,柏油,濕潤,無缺陷,無障礙物,無遮蔽物,良好,無號誌,無號誌,雙向禁止超車線,無標記,未繪設車道線,未繪設快慢車道分隔線,有,車與車,同向擦撞,駕駛者,違反其他標誌(線)禁制,死亡1;受傷0,2,大客車,遊覽車,男,58,不明,不明,車的狀態,向前直行中,汽車,右前車頭(身),,,無(車輛駕駛者因素),尚未發現肇事因素,否,121.112427,24.994158,其他(非共享經濟與外送平台)
2025,7,20250721,192200,A1,桃園市政府警察局,桃園市龍潭區中興路604號前0.0公尺,雨,有照明且開啟,市區道路,50,交岔路,三岔路,交叉路口,交叉路口內,柏油,濕潤,無缺陷,無障礙物,有遮蔽物,路上停放車輛,閃光號誌,正常,無,無分向設施,未繪設車道線,未繪設快慢車道分隔線,無,車與車,路口交岔撞,駕駛者,起步時未注意安全,死亡1;受傷1,1,機車,普通重型,男,58,戴非半罩式安全帽,未使用,車的狀態,起步,機車與自行車,左側車身,,,駕駛者,起步時未注意安全,否,121.224300,24.870997,其他(非共享經濟與外送平台)
2025,7,20250721,192200,A1,桃園市政府警察局,桃園市龍潭區中興路604號前0.0公尺,雨,有照明且開啟,市區道路,50,交岔路,三岔路,交叉路口,交叉路口內,柏油,濕潤,無缺陷,無障礙物,有遮蔽物,路上停放車輛,閃光號誌,正常,無,無分向設施,未繪設車道線,未繪設快慢車道分隔線,無,車與車,路口交岔撞,駕駛者,起步時未注意安全,死亡1;受傷1,2,機車,普通重型,女,20,戴非半罩式安全帽,未使用,車的狀態,向前直行中,機車與自行車,前車頭,,,駕駛者,恍神、緊張、心不在焉分心駕駛,否,121.224300,24.870997,其他(非共享經濟與外送平台)
2025,7,20250722,051730,A1,桃園市政府警察局,桃園市觀音區台61線43.1K橋下涵洞燈桿0611074號附近,陰,有照明且開啟,市區道路,50,單路部分,涵洞,路段,路肩、路緣,柏油,乾燥,無缺陷,無障礙物,無遮蔽物,良好,無號誌,無號誌,雙向禁止超車線,無標記,車道線(無標記),快慢車道分隔線,有,人與車,其他,駕駛者,恍神、緊張、心不在焉分心駕駛,死亡1;受傷0,1,曳引車,營業用,男,44,繫安全帶(使用幼童安全椅),未使用,車的狀態,迴轉或橫越道路中,其他,不明,,,駕駛者,恍神、緊張、心不在焉分心駕駛,是,121.050078,25.026559,其他(非共享經濟與外送平台)
2025,7,20250722,051730,A1,桃園市政府警察局,桃園市觀音區台61線43.1K橋下涵洞燈桿0611074號附近,陰,有照明且開啟,市區道路,50,單路部分,涵洞,路段,路肩、路緣,柏油,乾燥,無缺陷,無障礙物,無遮蔽物,良好,無號誌,無號誌,雙向禁止超車線,無標記,車道線(無標記),快慢車道分隔線,有,人與車,其他,駕駛者,恍神、緊張、心不在焉分心駕駛,死亡1;受傷0,2,人,其他人,男,56,其他(無需使用保護裝備之人),非駕駛人,人的狀態,其他,其他,非汽、機及自行車,,,非駕駛者,其他引起事故之疏失或行為,否,121.050078,25.026559,非駕駛人
2025,7,20250726,182000,A1,桃園市政府警察局,桃園市平鎮區龍慈路口 / 桃園市平鎮區游泳路附近,晴,有照明未開啟或故障,村里道路,50,單路部分,彎曲路及附近,路段,一般車道(未劃分快慢車道),柏油,乾燥,無缺陷,無障礙物,無遮蔽物,良好,行車管制號誌,正常,中央分向島,寬式(50公分以上),未繪設車道線,未繪設快慢車道分隔線,有,車輛本身,撞交通島,駕駛者,未依規定減速,死亡1;受傷0,1,機車,普通重型,男,19,戴半罩式安全帽,未使用,車的狀態,向前直行中,機車與自行車,前車頭,,,駕駛者,未依規定減速,否,121.233557,24.926928,其他(非共享經濟與外送平台)
2025,7,20250726,182000,A1,桃園市政府警察局,桃園市平鎮區龍慈路口 / 桃園市平鎮區游泳路附近,晴,有照明未開啟或故障,村里道路,50,單路部分,彎曲路及附近,路段,一般車道(未劃分快慢車道),柏油,乾燥,無缺陷,無障礙物,無遮蔽物,良好,行車管制號誌,正常,中央分向島,寬式(50公分以上),未繪設車道線,未繪設快慢車道分隔線,有,車輛本身,撞交通島,駕駛者,未依規定減速,死亡1;受傷0,2,,,無或物(動物、堆置物),-1,,,,,,,,,無(非車輛駕駛人因素),尚未發現肇事因素,否,121.233557,24.926928,
2025,7,20250726,182000,A1,桃園市政府警察局,桃園市平鎮區龍慈路口 / 桃園市平鎮區游泳路附近,晴,有照明未開啟或故障,村里道路,50,單路部分,彎曲路及附近,路段,一般車道(未劃分快慢車道),柏油,乾燥,無缺陷,無障礙物,無遮蔽物,良好,行車管制號誌,正常,中央分向島,寬式(50公分以上),未繪設車道線,未繪設快慢車道分隔線,有,車輛本身,撞交通島,駕駛者,未依規定減速,死亡1;受傷0,3,,,無或物(動物、堆置物),-1,,,,,,,,,無(非車輛駕駛人因素),尚未發現肇事因素,否,121.233557,24.926928,
2025,7,20250727,035100,A1,桃園市政府警察局,桃園市中壢區新中北路890號前0.0公尺,晴,有照明且開啟,市區道路,50,交岔路,三岔路,交叉路口,交叉路口內,柏油,乾燥,無缺陷,無障礙物,無遮蔽物,良好,行車管制號誌,正常,無,無分向設施,未繪設車道線,未繪設快慢車道分隔線,無,車與車,對撞,駕駛者,逆向行駛,死亡1;受傷0,1,機車,普通重型,男,67,戴半罩式安全帽,未使用,車的狀態,向前直行中,機車與自行車,前車頭,,,駕駛者,逆向行駛,否,121.253080,24.956578,其他(非共享經濟與外送平台)
2025,7,20250727,035100,A1,桃園市政府警察局,桃園市中壢區新中北路890號前0.0公尺,晴,有照明且開啟,市區道路,50,交岔路,三岔路,交叉路口,交叉路口內,柏油,乾燥,無缺陷,無障礙物,無遮蔽物,良好,行車管制號誌,正常,無,無分向設施,未繪設車道線,未繪設快慢車道分隔線,無,車與車,對撞,駕駛者,逆向行駛,死亡1;受傷0,2,小客車(含客、貨兩用),自用,男,37,繫安全帶(使用幼童安全椅),未使用,車的狀態,向前直行中,汽車,前車頭,,,無(車輛駕駛者因素),尚未發現肇事因素,否,121.253080,24.956578,其他(非共享經濟與外送平台)
2025,7,20250727,102541,A1,桃園市政府警察局,桃園市大園區華興路二段111號前0.0公尺,陰,有照明未開啟或故障,村里道路,50,單路部分,直路,路段,一般車道(未劃分快慢車道),柏油,乾燥,無缺陷,無障礙物,無遮蔽物,良好,無號誌,無號誌,行車分向線,無標記,未繪設車道線,未繪設快慢車道分隔線,有,車與車,側撞,駕駛者,迴轉未依規定,死亡1;受傷0,1,小客車(含客、貨兩用),自用,男,50,繫安全帶(使用幼童安全椅),未使用,車的狀態,迴轉或橫越道路中,汽車,左前車頭(身),,,駕駛者,迴轉未依規定,否,121.198731,25.044542,其他(非共享經濟與外送平台)
2025,7,20250727,102541,A1,桃園市政府警察局,桃園市大園區華興路二段111號前0.0公尺,陰,有照明未開啟或故障,村里道路,50,單路部分,直路,路段,一般車道(未劃分快慢車道),柏油,乾燥,無缺陷,無障礙物,無遮蔽物,良好,無號誌,無號誌,行車分向線,無標記,未繪設車道線,未繪設快慢車道分隔線,有,車與車,側撞,駕駛者,迴轉未依規定,死亡1;受傷0,2,機車,普通重型,女,40,戴半罩式安全帽,未使用,車的狀態,向前直行中,機車與自行車,右側車身,,,無(車輛駕駛者因素),尚未發現肇事因素,否,121.198731,25.044542,其他(非共享經濟與外送平台)
2025,7,20250730,143600,A1,桃園市政府警察局,桃園市蘆竹區南崁路二段口 / 桃園市蘆竹區南青路口,晴,有照明未開啟或故障,市區道路,50,交岔路,三岔路,交叉路口,交叉路口內,柏油,乾燥,無缺陷,無障礙物,無遮蔽物,良好,行車管制號誌,正常,無,無分向設施,未繪設車道線,未繪設快慢車道分隔線,無,車與車,側撞,駕駛者,右轉彎未依規定,死亡1;受傷0,1,大客車,遊覽車,男,54,繫安全帶(使用幼童安全椅),未使用,車的狀態,右轉彎,汽車,右前車頭(身),,,駕駛者,右轉彎未依規定,否,121.275449,25.058509,其他(非共享經濟與外送平台)
2025,7,20250730,143600,A1,桃園市政府警察局,桃園市蘆竹區南崁路二段口 / 桃園市蘆竹區南青路口,晴,有照明未開啟或故障,市區道路,50,交岔路,三岔路,交叉路口,交叉路口內,柏油,乾燥,無缺陷,無障礙物,無遮蔽物,良好,行車管制號誌,正常,無,無分向設施,未繪設車道線,未繪設快慢車道分隔線,無,車與車,側撞,駕駛者,右轉彎未依規定,死亡1;受傷0,2,機車,普通重型,女,19,戴非半罩式安全帽,未使用,車的狀態,向前直行中,機車與自行車,前車頭,,,駕駛者,恍神、緊張、心不在焉分心駕駛,否,121.275449,25.058509,其他(非共享經濟與外送平台)
2025,8,20250801,231700,A1,桃園市政府警察局,桃園市八德區介壽路ㄧ段917號前0.0公尺附近,陰,有照明且開啟,市區道路,50,單路部分,直路,路段,一般車道(未劃分快慢車道),柏油,乾燥,無缺陷,無障礙物,無遮蔽物,良好,無號誌,無號誌,雙向禁止超車線,無標記,車道線(無標記),未繪設快慢車道分隔線,有,人與車,穿越道路中,非駕駛者,未依標誌或標線穿越道路,死亡1;受傷0,1,人,行人,男,73,其他(無需使用保護裝備之人),非駕駛人,人的狀態,奔跑,其他,無撞擊,,,非駕駛者,未依標誌或標線穿越道路,否,121.299625,24.960223,非駕駛人
2025,8,20250801,231700,A1,桃園市政府警察局,桃園市八德區介壽路ㄧ段917號前0.0公尺附近,陰,有照明且開啟,市區道路,50,單路部分,直路,路段,一般車道(未劃分快慢車道),柏油,乾燥,無缺陷,無障礙物,無遮蔽物,良好,無號誌,無號誌,雙向禁止超車線,無標記,車道線(無標記),未繪設快慢車道分隔線,有,人與車,穿越道路中,非駕駛者,未依標誌或標線穿越道路,死亡1;受傷0,2,小客車(含客、貨兩用),自用,男,34,不明,未使用,車的狀態,向前直行中,汽車,前車頭,,,駕駛者,恍神、緊張、心不在焉分心駕駛,否,121.299625,24.960223,其他(非共享經濟與外送平台)
2025,8,20250808,084200,A1,桃園市政府警察局,桃園市中壢區高鐵南路口 / 桃園市中壢區文康二路口,晴,有照明未開啟或故障,市區道路,50,交岔路,三岔路,交叉路口,交叉路口內,柏油,乾燥,無缺陷,無障礙物,無遮蔽物,良好,無號誌,無號誌,中央分向島,寬式(50公分以上),未繪設車道線,未繪設快慢車道分隔線,有,車與車,同向擦撞,駕駛者,違規超車,死亡1;受傷0,1,機車,普通重型,男,40,戴半罩式安全帽,未使用,車的狀態,超車(含超越),機車與自行車,左側車身,機車與自行車,右側車身,駕駛者,違規超車,否,121.201311,24.999727,其他(非共享經濟與外送平台)
2025,8,20250808,084200,A1,桃園市政府警察局,桃園市中壢區高鐵南路口 / 桃園市中壢區文康二路口,晴,有照明未開啟或故障,市區道路,50,交岔路,三岔路,交叉路口,交叉路口內,柏油,乾燥,無缺陷,無障礙物,無遮蔽物,良好,無號誌,無號誌,中央分向島,寬式(50公分以上),未繪設車道線,未繪設快慢車道分隔線,有,車與車,同向擦撞,駕駛者,違規超車,死亡1;受傷0,2,曳引車,營業用,男,50,繫安全帶(使用幼童安全椅),未使用,車的狀態,右轉彎,汽車,右前車頭(身),,,駕駛者,右轉彎未依規定,否,121.201311,24.999727,其他(非共享經濟與外送平台)
2025,8,20250809,170129,A1,桃園市政府警察局,桃園市觀音區工業一路1號前0.0公尺,晴,有照明未開啟或故障,其他,50,單路部分,彎曲路及附近,路段,路肩、路緣,柏油,乾燥,無缺陷,無障礙物,無遮蔽物,良好,無號誌,無號誌,行車分向線,無標記,未繪設車道線,未繪設快慢車道分隔線,無,車輛本身,路上翻車、摔倒,駕駛者,恍神、緊張、心不在焉分心駕駛,死亡1;受傷0,1,慢車,微型電動二輪車,男,27,戴半罩式安全帽,未使用,車的狀態,向前直行中,機車與自行車,右側車身,,,駕駛者,恍神、緊張、心不在焉分心駕駛,否,121.129085,25.064899,其他(非共享經濟與外送平台)
2025,8,20250809,170129,A1,桃園市政府警察局,桃園市觀音區工業一路1號前0.0公尺,晴,有照明未開啟或故障,其他,50,單路部分,彎曲路及附近,路段,路肩、路緣,柏油,乾燥,無缺陷,無障礙物,無遮蔽物,良好,無號誌,無號誌,行車分向線,無標記,未繪設車道線,未繪設快慢車道分隔線,無,車輛本身,路上翻車、摔倒,駕駛者,恍神、緊張、心不在焉分心駕駛,死亡1;受傷0,2,,,無或物(動物、堆置物),-1,,,,,,,,,無(非車輛駕駛人因素),尚未發現肇事因素,否,121.129085,25.064899,
2025,8,20250812,074100,A1,桃園市政府警察局,桃園市大溪區埔頂路1段口 / 桃園市大溪區埔頂八街口,晴,無照明,市區道路,50,交岔路,三岔路,交叉路口,交叉路口內,柏油,乾燥,無缺陷,無障礙物,無遮蔽物,良好,無號誌,無號誌,雙向禁止超車線,無標記,未繪設車道線,未繪設快慢車道分隔線,有,人與車,穿越道路中,非駕駛者,未依標誌或標線穿越道路,死亡1;受傷0,1,人,行人,女,74,其他(無需使用保護裝備之人),非駕駛人,人的狀態,步行,其他,非汽、機及自行車,,,非駕駛者,未依標誌或標線穿越道路,否,121.277888,24.906406,非駕駛人
2025,8,20250812,074100,A1,桃園市政府警察局,桃園市大溪區埔頂路1段口 / 桃園市大溪區埔頂八街口,晴,無照明,市區道路,50,交岔路,三岔路,交叉路口,交叉路口內,柏油,乾燥,無缺陷,無障礙物,無遮蔽物,良好,無號誌,無號誌,雙向禁止超車線,無標記,未繪設車道線,未繪設快慢車道分隔線,有,人與車,穿越道路中,非駕駛者,未依標誌或標線穿越道路,死亡1;受傷0,2,小客車(含客、貨兩用),自用,女,69,繫安全帶(使用幼童安全椅),不明,車的狀態,迴轉或橫越道路中,汽車,左前車頭(身),,,駕駛者,恍神、緊張、心不在焉分心駕駛,否,121.277888,24.906406,其他(非共享經濟與外送平台)
2025,8,20250815,110300,A1,桃園市政府警察局,桃園市蘆竹區赤塗路口 / 桃園市蘆竹區赤塗路口,晴,有照明未開啟或故障,市區道路,30,交岔路,三岔路,交叉路口,交叉路口內,柏油,乾燥,無缺陷,無障礙物,無遮蔽物,良好,無號誌,無號誌,無,無分向設施,未繪設車道線,未繪設快慢車道分隔線,無,車與車,路口交岔撞,駕駛者,無號誌路口，支線道未讓幹線道先行,死亡1;受傷0,1,機車,普通重型,男,81,戴半罩式安全帽,未使用,車的狀態,向前直行中,機車與自行車,左側車身,,,駕駛者,無號誌路口，支線道未讓幹線道先行,否,121.317811,25.075927,其他(非共享經濟與外送平台)
2025,8,20250815,110300,A1,桃園市政府警察局,桃園市蘆竹區赤塗路口 / 桃園市蘆竹區赤塗路口,晴,有照明未開啟或故障,市區道路,30,交岔路,三岔路,交叉路口,交叉路口內,柏油,乾燥,無缺陷,無障礙物,無遮蔽物,良好,無號誌,無號誌,無,無分向設施,未繪設車道線,未繪設快慢車道分隔線,無,車與車,路口交岔撞,駕駛者,無號誌路口，支線道未讓幹線道先行,死亡1;受傷0,2,曳引車,營業用,男,40,繫安全帶(使用幼童安全椅),未使用,車的狀態,向前直行中,汽車,前車頭,,,駕駛者,未依規定減速,否,121.317811,25.075927,其他(非共享經濟與外送平台)
2025,8,20250817,140700,A1,桃園市政府警察局,桃園市八德區興豐路2073號前0.0公尺附近,晴,無照明,市區道路,50,單路部分,直路,路段,一般車道(未劃分快慢車道),柏油,乾燥,無缺陷,無障礙物,無遮蔽物,良好,無號誌,無號誌,中央分向島,寬式(50公分以上),車道線(無標記),未繪設快慢車道分隔線,有,車與車,追撞,駕駛者,恍神、緊張、心不在焉分心駕駛,死亡1;受傷0,1,機車,普通重型,女,43,戴半罩式安全帽,未使用,車的狀態,向前直行中,機車與自行車,前車頭,,,駕駛者,恍神、緊張、心不在焉分心駕駛,否,121.322715,24.951335,其他(非共享經濟與外送平台)
2025,8,20250817,140700,A1,桃園市政府警察局,桃園市八德區興豐路2073號前0.0公尺附近,晴,無照明,市區道路,50,單路部分,直路,路段,一般車道(未劃分快慢車道),柏油,乾燥,無缺陷,無障礙物,無遮蔽物,良好,無號誌,無號誌,中央分向島,寬式(50公分以上),車道線(無標記),未繪設快慢車道分隔線,有,車與車,追撞,駕駛者,恍神、緊張、心不在焉分心駕駛,死亡1;受傷0,2,小客車(含客、貨兩用),自用,男,47,不明,不明,車的狀態,靜止(引擎熄火),汽車,左後車尾(身),,,無(車輛駕駛者因素),尚未發現肇事因素,否,121.322715,24.951335,其他(非共享經濟與外送平台)
2025,8,20250819,073216,A1,桃園市政府警察局,桃園市大園區濱海路三段口 / 桃園市大園區濱海路三段口,晴,有照明未開啟或故障,市區道路,50,交岔路,三岔路,交叉路口,交叉路口內,柏油,乾燥,無缺陷,無障礙物,無遮蔽物,良好,無號誌,無號誌,無,無分向設施,未繪設車道線,未繪設快慢車道分隔線,無,人與車,其他,非駕駛者,未依標誌或標線穿越道路,死亡1;受傷0,1,人,行人,女,76,其他(無需使用保護裝備之人),非駕駛人,人的狀態,步行,其他,非汽、機及自行車,,,非駕駛者,未依標誌或標線穿越道路,否,121.183859,25.080831,非駕駛人
2025,8,20250819,073216,A1,桃園市政府警察局,桃園市大園區濱海路三段口 / 桃園市大園區濱海路三段口,晴,有照明未開啟或故障,市區道路,50,交岔路,三岔路,交叉路口,交叉路口內,柏油,乾燥,無缺陷,無障礙物,無遮蔽物,良好,無號誌,無號誌,無,無分向設施,未繪設車道線,未繪設快慢車道分隔線,無,人與車,其他,非駕駛者,未依標誌或標線穿越道路,死亡1;受傷0,2,曳引車,營業用,男,42,繫安全帶(使用幼童安全椅),未使用,車的狀態,起步,汽車,右前車頭(身),,,駕駛者,恍神、緊張、心不在焉分心駕駛,否,121.183859,25.080831,其他(非共享經濟與外送平台)
2025,8,20250819,093801,A1,桃園市政府警察局,桃園市大園區大觀路口 / 桃園市大園區園航路,晴,有照明未開啟或故障,市區道路,50,交岔路,四岔路,交叉路口,交叉路口內,柏油,乾燥,無缺陷,無障礙物,無遮蔽物,良好,行車管制號誌,正常,無,無分向設施,未繪設車道線,未繪設快慢車道分隔線,無,車與車,同向擦撞,駕駛者,右轉彎未依規定,死亡1;受傷0,1,大貨車,營業用,男,28,繫安全帶(使用幼童安全椅),未使用,車的狀態,右轉彎,汽車,車底,,,駕駛者,右轉彎未依規定,否,121.174976,25.061746,其他(非共享經濟與外送平台)
2025,8,20250819,093801,A1,桃園市政府警察局,桃園市大園區大觀路口 / 桃園市大園區園航路,晴,有照明未開啟或故障,市區道路,50,交岔路,四岔路,交叉路口,交叉路口內,柏油,乾燥,無缺陷,無障礙物,無遮蔽物,良好,行車管制號誌,正常,無,無分向設施,未繪設車道線,未繪設快慢車道分隔線,無,車與車,同向擦撞,駕駛者,右轉彎未依規定,死亡1;受傷0,2,慢車,腳踏自行車,男,56,未戴安全帽或未繫安全帶(未使用幼童安全椅),未使用,車的狀態,向前直行中,機車與自行車,後車尾,,,駕駛者,恍神、緊張、心不在焉分心駕駛,否,121.174976,25.061746,其他(非共享經濟與外送平台)
2025,8,20250820,165000,A1,桃園市政府警察局,桃園市龜山區樂學一路口 / 桃園市龜山區樂學二路,晴,有照明未開啟或故障,市區道路,50,交岔路,四岔路,交叉路口,交叉路口內,柏油,乾燥,無缺陷,無障礙物,無遮蔽物,良好,無號誌,無號誌,無,無分向設施,未繪設車道線,未繪設快慢車道分隔線,無,車與車,路口交岔撞,駕駛者,無號誌路口，左方車未讓右方車先行,死亡1;受傷1,1,機車,普通重型,男,69,戴半罩式安全帽,未使用,車的狀態,向前直行中,機車與自行車,右側車身,,,駕駛者,無號誌路口，左方車未讓右方車先行,否,121.383935,25.050271,其他(非共享經濟與外送平台)
2025,8,20250820,165000,A1,桃園市政府警察局,桃園市龜山區樂學一路口 / 桃園市龜山區樂學二路,晴,有照明未開啟或故障,市區道路,50,交岔路,四岔路,交叉路口,交叉路口內,柏油,乾燥,無缺陷,無障礙物,無遮蔽物,良好,無號誌,無號誌,無,無分向設施,未繪設車道線,未繪設快慢車道分隔線,無,車與車,路口交岔撞,駕駛者,無號誌路口，左方車未讓右方車先行,死亡1;受傷1,2,小客車(含客、貨兩用),自用,男,29,繫安全帶(使用幼童安全椅),未使用,車的狀態,向前直行中,汽車,左側車身,,,駕駛者,未依規定減速,否,121.383935,25.050271,其他(非共享經濟與外送平台)
2025,8,20250824,053843,A1,桃園市政府警察局,桃園市平鎮區南東路537號前0.0公尺,晴,無照明,其他,50,單路部分,直路,路段,路肩、路緣,柏油,乾燥,無缺陷,無障礙物,無遮蔽物,良好,無號誌,無號誌,行車分向線,無標記,未繪設車道線,未繪設快慢車道分隔線,有,車與車,追撞,駕駛者,違反其他標誌(線)禁制,死亡1;受傷0,1,機車,普通重型,男,29,戴半罩式安全帽,未使用,車的狀態,向前直行中,機車與自行車,前車頭,,,駕駛者,違反其他標誌(線)禁制,否,121.223617,24.916593,其他(非共享經濟與外送平台)
2025,8,20250824,053843,A1,桃園市政府警察局,桃園市平鎮區南東路537號前0.0公尺,晴,無照明,其他,50,單路部分,直路,路段,路肩、路緣,柏油,乾燥,無缺陷,無障礙物,無遮蔽物,良好,無號誌,無號誌,行車分向線,無標記,未繪設車道線,未繪設快慢車道分隔線,有,車與車,追撞,駕駛者,違反其他標誌(線)禁制,死亡1;受傷0,2,大貨車,自用,男,46,未戴安全帽或未繫安全帶(未使用幼童安全椅),未使用,車的狀態,靜止(引擎熄火),汽車,後車尾,,,無(車輛駕駛者因素),尚未發現肇事因素,否,121.223617,24.916593,其他(非共享經濟與外送平台)
2025,8,20250824,152749,A1,桃園市政府警察局,桃園市蘆竹區南青路口 / 桃園市蘆竹區大竹北路口,晴,有照明未開啟或故障,市區道路,50,交岔路,四岔路,交叉路口,交叉路口內,柏油,乾燥,無缺陷,無障礙物,無遮蔽物,良好,行車管制號誌(附設行人專用號誌),正常,無,無分向設施,未繪設車道線,未繪設快慢車道分隔線,無,車與車,側撞,駕駛者,有號誌路口，轉彎車未讓直行車先行,死亡1;受傷0,1,小客車(含客、貨兩用),自用,男,35,繫安全帶(使用幼童安全椅),未使用,車的狀態,左轉彎,汽車,右前車頭(身),,,駕駛者,有號誌路口，轉彎車未讓直行車先行,否,121.242282,25.039260,其他(非共享經濟與外送平台)
2025,8,20250824,152749,A1,桃園市政府警察局,桃園市蘆竹區南青路口 / 桃園市蘆竹區大竹北路口,晴,有照明未開啟或故障,市區道路,50,交岔路,四岔路,交叉路口,交叉路口內,柏油,乾燥,無缺陷,無障礙物,無遮蔽物,良好,行車管制號誌(附設行人專用號誌),正常,無,無分向設施,未繪設車道線,未繪設快慢車道分隔線,無,車與車,側撞,駕駛者,有號誌路口，轉彎車未讓直行車先行,死亡1;受傷0,2,機車,普通重型,男,36,戴非半罩式安全帽,未使用,車的狀態,向前直行中,機車與自行車,前車頭,,,駕駛者,恍神、緊張、心不在焉分心駕駛,否,121.242282,25.039260,其他(非共享經濟與外送平台)
2025,8,20250829,020000,A1,桃園市政府警察局,桃園市新屋區中山西路3段554號前0.0公尺,晴,有照明且開啟,村里道路,50,單路部分,直路,路段,一般車道(未劃分快慢車道),柏油,乾燥,無缺陷,無障礙物,無遮蔽物,良好,無號誌,無號誌,雙向禁止超車線,無標記,車道線(無標記),未繪設快慢車道分隔線,有,車輛本身,撞電桿,駕駛者,恍神、緊張、心不在焉分心駕駛,死亡1;受傷0,1,機車,普通重型,女,46,戴半罩式安全帽,未使用,車的狀態,向前直行中,機車與自行車,前車頭,,,駕駛者,恍神、緊張、心不在焉分心駕駛,否,121.033205,24.988671,其他(非共享經濟與外送平台)
2025,8,20250829,020000,A1,桃園市政府警察局,桃園市新屋區中山西路3段554號前0.0公尺,晴,有照明且開啟,村里道路,50,單路部分,直路,路段,一般車道(未劃分快慢車道),柏油,乾燥,無缺陷,無障礙物,無遮蔽物,良好,無號誌,無號誌,雙向禁止超車線,無標記,車道線(無標記),未繪設快慢車道分隔線,有,車輛本身,撞電桿,駕駛者,恍神、緊張、心不在焉分心駕駛,死亡1;受傷0,2,,,無或物(動物、堆置物),-1,,,,,,,,,無(非車輛駕駛人因素),尚未發現肇事因素,否,121.033205,24.988671,
2025,8,20250830,221300,A1,桃園市政府警察局,桃園市桃園區大業路一段135號前0.0公尺,晴,有照明且開啟,市區道路,30,單路部分,直路,路段,一般車道(未劃分快慢車道),柏油,乾燥,無缺陷,無障礙物,無遮蔽物,良好,無號誌,無號誌,雙向禁止超車線,無標記,未繪設車道線,未繪設快慢車道分隔線,有,車與車,對撞,駕駛者,違反禁止超車標誌(線),死亡1;受傷0,1,機車,普通重型,男,63,不明,不明,車的狀態,向前直行中,機車與自行車,前車頭,,,駕駛者,違反禁止超車標誌(線),否,121.316346,25.006534,其他(非共享經濟與外送平台)
2025,8,20250830,221300,A1,桃園市政府警察局,桃園市桃園區大業路一段135號前0.0公尺,晴,有照明且開啟,市區道路,30,單路部分,直路,路段,一般車道(未劃分快慢車道),柏油,乾燥,無缺陷,無障礙物,無遮蔽物,良好,無號誌,無號誌,雙向禁止超車線,無標記,未繪設車道線,未繪設快慢車道分隔線,有,車與車,對撞,駕駛者,違反禁止超車標誌(線),死亡1;受傷0,2,小客車(含客、貨兩用),自用,男,52,不明,不明,車的狀態,向前直行中,汽車,左前車頭(身),,,無(車輛駕駛者因素),尚未發現肇事因素,否,121.316346,25.006534,其他(非共享經濟與外送平台)
2025,9,20250903,065100,A1,桃園市政府警察局,桃園市中壢區民權路口 / 桃園市中壢區元化路二段口,晴,有照明且開啟,市區道路,50,交岔路,四岔路,交叉路口,交叉路口內,柏油,乾燥,無缺陷,無障礙物,無遮蔽物,良好,行車管制號誌,正常,無,無分向設施,未繪設車道線,未繪設快慢車道分隔線,無,車與車,側撞,駕駛者,有號誌路口，轉彎車未讓直行車先行,死亡1;受傷1,1,機車,普通重型,男,81,不明,不明,車的狀態,左轉彎,機車與自行車,前車頭,,,駕駛者,有號誌路口，轉彎車未讓直行車先行,否,121.217716,24.962400,其他(非共享經濟與外送平台)
2025,9,20250903,065100,A1,桃園市政府警察局,桃園市中壢區民權路口 / 桃園市中壢區元化路二段口,晴,有照明且開啟,市區道路,50,交岔路,四岔路,交叉路口,交叉路口內,柏油,乾燥,無缺陷,無障礙物,無遮蔽物,良好,行車管制號誌,正常,無,無分向設施,未繪設車道線,未繪設快慢車道分隔線,無,車與車,側撞,駕駛者,有號誌路口，轉彎車未讓直行車先行,死亡1;受傷1,2,機車,普通重型,男,28,不明,不明,車的狀態,向前直行中,機車與自行車,前車頭,,,駕駛者,恍神、緊張、心不在焉分心駕駛,否,121.217716,24.962400,其他(非共享經濟與外送平台)
2025,9,20250911,003700,A1,國道公路警察局,桃園市楊梅區國道1號 65公里800.0公尺處南側向外側,晴,有照明且開啟,國道,90,單路部分,直路,路段,一般車道(未劃分快慢車道),柏油,乾燥,無缺陷,無障礙物,無遮蔽物,良好,無號誌,無號誌,中央分向島,寬式(50公分以上),車道線(附標記),未繪設快慢車道分隔線,有,車與車,追撞,駕駛者,恍神、緊張、心不在焉分心駕駛,死亡1;受傷0,1,大貨車,營業用,男,52,不明,不明,車的狀態,向前直行中,汽車,左前車頭(身),,,駕駛者,恍神、緊張、心不在焉分心駕駛,否,121.185091,24.932632,其他(非共享經濟與外送平台)
2025,9,20250911,003700,A1,國道公路警察局,桃園市楊梅區國道1號 65公里800.0公尺處南側向外側,晴,有照明且開啟,國道,90,單路部分,直路,路段,一般車道(未劃分快慢車道),柏油,乾燥,無缺陷,無障礙物,無遮蔽物,良好,無號誌,無號誌,中央分向島,寬式(50公分以上),車道線(附標記),未繪設快慢車道分隔線,有,車與車,追撞,駕駛者,恍神、緊張、心不在焉分心駕駛,死亡1;受傷0,2,全聯結車,營業用,男,57,繫安全帶(使用幼童安全椅),未使用,車的狀態,向前直行中,汽車,右後車尾(身),,,裝載,載運貨物超重,否,121.185091,24.932632,其他(非共享經濟與外送平台)
2025,9,20250911,071120,A1,桃園市政府警察局,桃園市八德區介壽路二段口 / 桃園市八德區介壽路二段口,晴,有照明且開啟,市區道路,50,交岔路,三岔路,交叉路口,交叉路口內,柏油,乾燥,無缺陷,無障礙物,無遮蔽物,良好,無號誌,無號誌,無,無分向設施,未繪設車道線,未繪設快慢車道分隔線,無,車與車,側撞,駕駛者,無號誌路口，轉彎車未讓直行車先行,死亡1;受傷1,1,機車,普通輕型,女,78,戴半罩式安全帽,未使用,車的狀態,左轉彎,機車與自行車,右側車身,,,駕駛者,無號誌路口，轉彎車未讓直行車先行,否,121.297374,24.946813,其他(非共享經濟與外送平台)
2025,9,20250911,071120,A1,桃園市政府警察局,桃園市八德區介壽路二段口 / 桃園市八德區介壽路二段口,晴,有照明且開啟,市區道路,50,交岔路,三岔路,交叉路口,交叉路口內,柏油,乾燥,無缺陷,無障礙物,無遮蔽物,良好,無號誌,無號誌,無,無分向設施,未繪設車道線,未繪設快慢車道分隔線,無,車與車,側撞,駕駛者,無號誌路口，轉彎車未讓直行車先行,死亡1;受傷1,2,機車,普通重型,男,40,戴半罩式安全帽,未使用,車的狀態,向前直行中,機車與自行車,前車頭,,,駕駛者,超速駕駛,否,121.297374,24.946813,其他(非共享經濟與外送平台)
2025,9,20250911,101659,A1,桃園市政府警察局,桃園市蘆竹區南青路口 / 桃園市蘆竹區宏林街口,晴,無照明,市區道路,50,交岔路,四岔路,路段,快車道,柏油,乾燥,無缺陷,無障礙物,無遮蔽物,良好,行車管制號誌,正常,無,無分向設施,未繪設車道線,未繪設快慢車道分隔線,無,車與車,側撞,駕駛者,違反禁止左轉、右轉標誌,死亡2;受傷0,1,機車,普通重型,男,82,戴半罩式安全帽,未使用,車的狀態,左轉彎,機車與自行車,左側車身,,,駕駛者,違反禁止左轉、右轉標誌,否,121.251699,25.047913,其他(非共享經濟與外送平台)
2025,9,20250911,101659,A1,桃園市政府警察局,桃園市蘆竹區南青路口 / 桃園市蘆竹區宏林街口,晴,無照明,市區道路,50,交岔路,四岔路,路段,快車道,柏油,乾燥,無缺陷,無障礙物,無遮蔽物,良好,行車管制號誌,正常,無,無分向設施,未繪設車道線,未繪設快慢車道分隔線,無,車與車,側撞,駕駛者,違反禁止左轉、右轉標誌,死亡2;受傷0,2,曳引車,自用,男,29,繫安全帶(使用幼童安全椅),未使用,車的狀態,向前直行中,汽車,前車頭,,,駕駛者,超速駕駛,否,121.251699,25.047913,其他(非共享經濟與外送平台)
2025,9,20250911,101659,A1,桃園市政府警察局,桃園市蘆竹區南青路口 / 桃園市蘆竹區宏林街口,晴,無照明,市區道路,50,交岔路,四岔路,路段,快車道,柏油,乾燥,無缺陷,無障礙物,無遮蔽物,良好,行車管制號誌,正常,無,無分向設施,未繪設車道線,未繪設快慢車道分隔線,無,車與車,側撞,駕駛者,違反禁止左轉、右轉標誌,死亡2;受傷0,3,人,乘客,女,81,戴半罩式安全帽,非駕駛人,人的狀態,其他,其他,非汽、機及自行車,,,無(非車輛駕駛人因素),尚未發現肇事因素,否,121.251699,25.047913,非駕駛人
2025,9,20250913,084800,A1,桃園市政府警察局,桃園市桃園區桃鶯路口 / 桃園市桃園區大林路口,晴,有照明且開啟,市區道路,50,交岔路,四岔路,交叉路口,交叉路口內,柏油,乾燥,無缺陷,無障礙物,無遮蔽物,良好,無號誌,無號誌,無,無分向設施,未繪設車道線,未繪設快慢車道分隔線,無,車與車,側撞,駕駛者,違反禁止左轉、右轉標誌,死亡1;受傷0,1,大貨車,營業用,男,63,不明,未使用,車的狀態,左轉彎,汽車,右後車尾(身),,,駕駛者,違反禁止左轉、右轉標誌,否,121.317931,24.988621,其他(非共享經濟與外送平台)
2025,9,20250913,084800,A1,桃園市政府警察局,桃園市桃園區桃鶯路口 / 桃園市桃園區大林路口,晴,有照明且開啟,市區道路,50,交岔路,四岔路,交叉路口,交叉路口內,柏油,乾燥,無缺陷,無障礙物,無遮蔽物,良好,無號誌,無號誌,無,無分向設施,未繪設車道線,未繪設快慢車道分隔線,無,車與車,側撞,駕駛者,違反禁止左轉、右轉標誌,死亡1;受傷0,2,機車,普通重型,男,61,戴半罩式安全帽,未使用,車的狀態,向前直行中,機車與自行車,右側車身,,,無(車輛駕駛者因素),尚未發現肇事因素,否,121.317931,24.988621,其他(非共享經濟與外送平台)
2025,9,20250913,212800,A1,桃園市政府警察局,桃園市龍潭區文化路861號前0.0公尺,晴,有照明且開啟,市區道路,50,單路部分,直路,路段,路肩、路緣,柏油,乾燥,無缺陷,無障礙物,無遮蔽物,良好,無號誌,無號誌,雙向禁止超車線,無標記,車道線(附標記),未繪設快慢車道分隔線,有,車輛本身,撞電桿,駕駛者,恍神、緊張、心不在焉分心駕駛,死亡1;受傷0,1,機車,普通重型,男,41,戴半罩式安全帽,不明,車的狀態,向前直行中,機車與自行車,前車頭,,,駕駛者,恍神、緊張、心不在焉分心駕駛,否,121.250877,24.853689,其他(非共享經濟與外送平台)
2025,9,20250913,212800,A1,桃園市政府警察局,桃園市龍潭區文化路861號前0.0公尺,晴,有照明且開啟,市區道路,50,單路部分,直路,路段,路肩、路緣,柏油,乾燥,無缺陷,無障礙物,無遮蔽物,良好,無號誌,無號誌,雙向禁止超車線,無標記,車道線(附標記),未繪設快慢車道分隔線,有,車輛本身,撞電桿,駕駛者,恍神、緊張、心不在焉分心駕駛,死亡1;受傷0,2,,,無或物(動物、堆置物),-1,,,,,,,,,無(非車輛駕駛人因素),尚未發現肇事因素,否,121.250877,24.853689,
2025,9,20250917,111400,A1,桃園市政府警察局,桃園市龜山區萬壽路二段口 / 桃園市龜山區壽山路口,晴,有照明且開啟,其他,50,單路部分,直路,路段,一般車道(未劃分快慢車道),柏油,乾燥,無缺陷,無障礙物,無遮蔽物,良好,行車管制號誌(附設行人專用號誌),正常,無,無分向設施,未繪設車道線,未繪設快慢車道分隔線,無,車與車,側撞,駕駛者,違反禁止超車標誌(線),死亡1;受傷0,1,小貨車,自用,男,58,繫安全帶(使用幼童安全椅),未使用,車的狀態,向前直行中,汽車,前車頭,,,駕駛者,違反禁止超車標誌(線),否,121.329560,24.993130,其他(非共享經濟與外送平台)
2025,9,20250917,111400,A1,桃園市政府警察局,桃園市龜山區萬壽路二段口 / 桃園市龜山區壽山路口,晴,有照明且開啟,其他,50,單路部分,直路,路段,一般車道(未劃分快慢車道),柏油,乾燥,無缺陷,無障礙物,無遮蔽物,良好,行車管制號誌(附設行人專用號誌),正常,無,無分向設施,未繪設車道線,未繪設快慢車道分隔線,無,車與車,側撞,駕駛者,違反禁止超車標誌(線),死亡1;受傷0,2,機車,普通重型,男,70,戴半罩式安全帽,未使用,車的狀態,左轉彎,機車與自行車,前車頭,,,無(車輛駕駛者因素),尚未發現肇事因素,否,121.329560,24.993130,其他(非共享經濟與外送平台)
2025,9,20250917,111400,A1,桃園市政府警察局,桃園市龜山區萬壽路二段口 / 桃園市龜山區壽山路口,晴,有照明且開啟,其他,50,單路部分,直路,路段,一般車道(未劃分快慢車道),柏油,乾燥,無缺陷,無障礙物,無遮蔽物,良好,行車管制號誌(附設行人專用號誌),正常,無,無分向設施,未繪設車道線,未繪設快慢車道分隔線,無,車與車,側撞,駕駛者,違反禁止超車標誌(線),死亡1;受傷0,3,機車,普通重型,男,61,戴半罩式安全帽,未使用,車的狀態,左轉彎,機車與自行車,前車頭,,,無(車輛駕駛者因素),尚未發現肇事因素,否,121.329560,24.993130,其他(非共享經濟與外送平台)
2025,9,20250917,111400,A1,桃園市政府警察局,桃園市龜山區萬壽路二段口 / 桃園市龜山區壽山路口,晴,有照明且開啟,其他,50,單路部分,直路,路段,一般車道(未劃分快慢車道),柏油,乾燥,無缺陷,無障礙物,無遮蔽物,良好,行車管制號誌(附設行人專用號誌),正常,無,無分向設施,未繪設車道線,未繪設快慢車道分隔線,無,車與車,側撞,駕駛者,違反禁止超車標誌(線),死亡1;受傷0,4,大客車,公營客運,男,54,繫安全帶(使用幼童安全椅),未使用,車的狀態,靜止(引擎熄火),汽車,左前車頭(身),,,無(車輛駕駛者因素),尚未發現肇事因素,否,121.329560,24.993130,其他(非共享經濟與外送平台)
2025,9,20250919,171832,A1,桃園市政府警察局,桃園市桃園區文中路口 / 桃園市桃園區大興西路三段口,陰,有照明未開啟或故障,市區道路,50,交岔路,四岔路,交叉路口,交叉路口內,柏油,乾燥,無缺陷,無障礙物,無遮蔽物,良好,行車管制號誌(附設行人專用號誌),正常,無,無分向設施,未繪設車道線,未繪設快慢車道分隔線,無,車與車,側撞,駕駛者,右轉彎未依規定,死亡1;受傷0,1,大貨車,自用,男,50,不明,不明,車的狀態,右轉彎,汽車,前車頭,,,駕駛者,右轉彎未依規定,否,121.278241,24.993955,其他(非共享經濟與外送平台)
2025,9,20250919,171832,A1,桃園市政府警察局,桃園市桃園區文中路口 / 桃園市桃園區大興西路三段口,陰,有照明未開啟或故障,市區道路,50,交岔路,四岔路,交叉路口,交叉路口內,柏油,乾燥,無缺陷,無障礙物,無遮蔽物,良好,行車管制號誌(附設行人專用號誌),正常,無,無分向設施,未繪設車道線,未繪設快慢車道分隔線,無,車與車,側撞,駕駛者,右轉彎未依規定,死亡1;受傷0,2,慢車,腳踏自行車,男,40,不明,不明,車的狀態,向前直行中,機車與自行車,後車尾,,,其他,其他不當駕車行為,否,121.278241,24.993955,其他(非共享經濟與外送平台)
2025,9,20250924,132500,A1,桃園市政府警察局,桃園市八德區建德路口 / 桃園市八德區豐德路口,晴,無照明,市區道路,40,交岔路,三岔路,交叉路口,交叉路口內,柏油,乾燥,無缺陷,無障礙物,無遮蔽物,良好,行車管制號誌,正常,無,無分向設施,未繪設車道線,未繪設快慢車道分隔線,無,車與車,路口交岔撞,駕駛者,酒醉(後)駕駛,死亡1;受傷1,1,機車,普通重型,男,28,不明,不明,車的狀態,其他,機車與自行車,右側車身,,,駕駛者,酒醉(後)駕駛,否,121.280947,24.924969,其他(非共享經濟與外送平台)
2025,9,20250924,132500,A1,桃園市政府警察局,桃園市八德區建德路口 / 桃園市八德區豐德路口,晴,無照明,市區道路,40,交岔路,三岔路,交叉路口,交叉路口內,柏油,乾燥,無缺陷,無障礙物,無遮蔽物,良好,行車管制號誌,正常,無,無分向設施,未繪設車道線,未繪設快慢車道分隔線,無,車與車,路口交岔撞,駕駛者,酒醉(後)駕駛,死亡1;受傷1,2,小客車(含客、貨兩用),計程車,男,66,不明,不明,車的狀態,向前直行中,汽車,前車頭,,,無(車輛駕駛者因素),尚未發現肇事因素,否,121.280947,24.924969,其他(非共享經濟與外送平台)
2025,9,20250924,132500,A1,桃園市政府警察局,桃園市八德區建德路口 / 桃園市八德區豐德路口,晴,無照明,市區道路,40,交岔路,三岔路,交叉路口,交叉路口內,柏油,乾燥,無缺陷,無障礙物,無遮蔽物,良好,行車管制號誌,正常,無,無分向設施,未繪設車道線,未繪設快慢車道分隔線,無,車與車,路口交岔撞,駕駛者,酒醉(後)駕駛,死亡1;受傷1,3,人,乘客,男,43,不明,非駕駛人,人的狀態,其他,其他,非汽、機及自行車,,,無(非車輛駕駛人因素),尚未發現肇事因素,否,121.280947,24.924969,非駕駛人
2025,9,20250926,063800,A1,桃園市政府警察局,桃園市龍潭區龍源路大平段685號前0.0公尺附近,晴,有照明未開啟或故障,市區道路,50,交岔路,三岔路,交叉路口,交叉路口內,柏油,乾燥,無缺陷,無障礙物,無遮蔽物,良好,無號誌,無號誌,無,無分向設施,未繪設車道線,未繪設快慢車道分隔線,無,車與車,側撞,駕駛者,無號誌路口，支線道未讓幹線道先行,死亡1;受傷1,1,小客車(含客、貨兩用),自用,男,76,繫安全帶(使用幼童安全椅),未使用,車的狀態,向前直行中,汽車,左側車身,,,駕駛者,無號誌路口，支線道未讓幹線道先行,否,121.247745,24.825218,其他(非共享經濟與外送平台)
2025,9,20250926,063800,A1,桃園市政府警察局,桃園市龍潭區龍源路大平段685號前0.0公尺附近,晴,有照明未開啟或故障,市區道路,50,交岔路,三岔路,交叉路口,交叉路口內,柏油,乾燥,無缺陷,無障礙物,無遮蔽物,良好,無號誌,無號誌,無,無分向設施,未繪設車道線,未繪設快慢車道分隔線,無,車與車,側撞,駕駛者,無號誌路口，支線道未讓幹線道先行,死亡1;受傷1,2,小客車(含客、貨兩用),自用,男,47,未戴安全帽或未繫安全帶(未使用幼童安全椅),未使用,車的狀態,向前直行中,汽車,前車頭,,,駕駛者,未依規定減速,否,121.247745,24.825218,其他(非共享經濟與外送平台)
2025,9,20250926,191105,A1,桃園市政府警察局,桃園市觀音區海濱路保生段167號對面,晴,有照明且開啟,市區道路,70,單路部分,直路,路段,一般車道(未劃分快慢車道),柏油,乾燥,無缺陷,無障礙物,無遮蔽物,良好,無號誌,無號誌,中央分向島,寬式(50公分以上),車道線(無標記),未繪設快慢車道分隔線,有,人與車,穿越道路中,駕駛者,恍神、緊張、心不在焉分心駕駛,死亡1;受傷0,1,小貨車,自用,男,42,繫安全帶(使用幼童安全椅),未使用,車的狀態,向左變換車道,汽車,左前車頭(身),,,駕駛者,恍神、緊張、心不在焉分心駕駛,否,121.054156,25.018884,其他(非共享經濟與外送平台)
2025,9,20250926,191105,A1,桃園市政府警察局,桃園市觀音區海濱路保生段167號對面,晴,有照明且開啟,市區道路,70,單路部分,直路,路段,一般車道(未劃分快慢車道),柏油,乾燥,無缺陷,無障礙物,無遮蔽物,良好,無號誌,無號誌,中央分向島,寬式(50公分以上),車道線(無標記),未繪設快慢車道分隔線,有,人與車,穿越道路中,駕駛者,恍神、緊張、心不在焉分心駕駛,死亡1;受傷0,2,人,行人,女,84,其他(無需使用保護裝備之人),非駕駛人,人的狀態,步行,其他,非汽、機及自行車,,,非駕駛者,穿越道路未注意左右來車,否,121.054156,25.018884,非駕駛人
2025,9,20250927,210200,A1,桃園市政府警察局,桃園市大園區中正一街口 / 桃園市大園區和平二街口,晴,有照明未開啟或故障,市區道路,50,交岔路,四岔路,交叉路口,交叉路口內,柏油,乾燥,無缺陷,無障礙物,無遮蔽物,良好,行車管制號誌,正常,行車分向線,無標記,未繪設車道線,未繪設快慢車道分隔線,無,車與車,路口交岔撞,駕駛者,闖紅燈直行,死亡1;受傷0,1,機車,普通重型,男,18,戴非半罩式安全帽,未使用,車的狀態,向前直行中,機車與自行車,右側車身,,,駕駛者,闖紅燈直行,否,121.199440,25.062431,其他(非共享經濟與外送平台)
2025,9,20250927,210200,A1,桃園市政府警察局,桃園市大園區中正一街口 / 桃園市大園區和平二街口,晴,有照明未開啟或故障,市區道路,50,交岔路,四岔路,交叉路口,交叉路口內,柏油,乾燥,無缺陷,無障礙物,無遮蔽物,良好,行車管制號誌,正常,行車分向線,無標記,未繪設車道線,未繪設快慢車道分隔線,無,車與車,路口交岔撞,駕駛者,闖紅燈直行,死亡1;受傷0,2,小客車(含客、貨兩用),自用,男,54,繫安全帶(使用幼童安全椅),未使用,車的狀態,向前直行中,汽車,前車頭,,,其他,其他不當駕車行為,否,121.199440,25.062431,其他(非共享經濟與外送平台)
2025,9,20250927,210200,A1,桃園市政府警察局,桃園市大園區中正一街口 / 桃園市大園區和平二街口,晴,有照明未開啟或故障,市區道路,50,交岔路,四岔路,交叉路口,交叉路口內,柏油,乾燥,無缺陷,無障礙物,無遮蔽物,良好,行車管制號誌,正常,行車分向線,無標記,未繪設車道線,未繪設快慢車道分隔線,無,車與車,路口交岔撞,駕駛者,闖紅燈直行,死亡1;受傷0,3,,,無或物(動物、堆置物),-1,,,,,,,,,無(非車輛駕駛人因素),尚未發現肇事因素,否,121.199440,25.062431,
2025,9,20250929,001623,A1,桃園市政府警察局,桃園市觀音區濱海路廣興段口 / 桃園市觀音區文化路口,晴,有照明且開啟,市區道路,70,交岔路,四岔路,交叉路口,交叉口附近,柏油,乾燥,無缺陷,無障礙物,無遮蔽物,良好,行車管制號誌,正常,中央分向島,寬式(50公分以上),車道線(無標記),未繪設快慢車道分隔線,有,車輛本身,撞非固定設施,其他,其他不當駕車行為,死亡1;受傷0,1,小客車(含客、貨兩用),自用,男,38,不明,不明,車的狀態,其他,汽車,前車頭,,,其他,其他不當駕車行為,否,121.086634,25.025248,其他(非共享經濟與外送平台)
2025,9,20250929,001623,A1,桃園市政府警察局,桃園市觀音區濱海路廣興段口 / 桃園市觀音區文化路口,晴,有照明且開啟,市區道路,70,交岔路,四岔路,交叉路口,交叉口附近,柏油,乾燥,無缺陷,無障礙物,無遮蔽物,良好,行車管制號誌,正常,中央分向島,寬式(50公分以上),車道線(無標記),未繪設快慢車道分隔線,有,車輛本身,撞非固定設施,其他,其他不當駕車行為,死亡1;受傷0,2,,,無或物(動物、堆置物),-1,,,,,,,,,無(非車輛駕駛人因素),尚未發現肇事因素,否,121.086634,25.025248,
2025,9,20250930,040500,A1,國道公路警察局,桃園市八德區國道2號 18公里500.0公尺處西向中線,晴,有照明且開啟,國道,100,單路部分,直路,路段,快車道,柏油,乾燥,無缺陷,無障礙物,無遮蔽物,良好,無號誌,無號誌,中央分向島,寬式(50公分以上),車道線(附標記),未繪設快慢車道分隔線,有,車與車,追撞,駕駛者,恍神、緊張、心不在焉分心駕駛,死亡1;受傷3,1,小客車(含客、貨兩用),自用,男,29,繫安全帶(使用幼童安全椅),未使用,車的狀態,向右變換車道,汽車,左前車頭(身),汽車,左側車身,駕駛者,恍神、緊張、心不在焉分心駕駛,否,121.324968,24.959266,其他(非共享經濟與外送平台)
2025,9,20250930,040500,A1,國道公路警察局,桃園市八德區國道2號 18公里500.0公尺處西向中線,晴,有照明且開啟,國道,100,單路部分,直路,路段,快車道,柏油,乾燥,無缺陷,無障礙物,無遮蔽物,良好,無號誌,無號誌,中央分向島,寬式(50公分以上),車道線(附標記),未繪設快慢車道分隔線,有,車與車,追撞,駕駛者,恍神、緊張、心不在焉分心駕駛,死亡1;受傷3,2,小客車(含客、貨兩用),自用,男,42,繫安全帶(使用幼童安全椅),未使用,車的狀態,其他,汽車,右後車尾(身),汽車,右側車身,其他,發生事故後，未採取安全措施,否,121.324968,24.959266,其他(非共享經濟與外送平台)
2025,9,20250930,040500,A1,國道公路警察局,桃園市八德區國道2號 18公里500.0公尺處西向中線,晴,有照明且開啟,國道,100,單路部分,直路,路段,快車道,柏油,乾燥,無缺陷,無障礙物,無遮蔽物,良好,無號誌,無號誌,中央分向島,寬式(50公分以上),車道線(附標記),未繪設快慢車道分隔線,有,車與車,追撞,駕駛者,恍神、緊張、心不在焉分心駕駛,死亡1;受傷3,3,,,無或物(動物、堆置物),-1,,,,,,,,,無(非車輛駕駛人因素),尚未發現肇事因素,否,121.324968,24.959266,
2025,9,20250930,040500,A1,國道公路警察局,桃園市八德區國道2號 18公里500.0公尺處西向中線,晴,有照明且開啟,國道,100,單路部分,直路,路段,快車道,柏油,乾燥,無缺陷,無障礙物,無遮蔽物,良好,無號誌,無號誌,中央分向島,寬式(50公分以上),車道線(附標記),未繪設快慢車道分隔線,有,車與車,追撞,駕駛者,恍神、緊張、心不在焉分心駕駛,死亡1;受傷3,4,小客車(含客、貨兩用),計程車,男,51,繫安全帶(使用幼童安全椅),未使用,車的狀態,向前直行中,汽車,前車頭,,,駕駛者,恍神、緊張、心不在焉分心駕駛,否,121.324968,24.959266,其他(非共享經濟與外送平台)
2025,9,20250930,040500,A1,國道公路警察局,桃園市八德區國道2號 18公里500.0公尺處西向中線,晴,有照明且開啟,國道,100,單路部分,直路,路段,快車道,柏油,乾燥,無缺陷,無障礙物,無遮蔽物,良好,無號誌,無號誌,中央分向島,寬式(50公分以上),車道線(附標記),未繪設快慢車道分隔線,有,車與車,追撞,駕駛者,恍神、緊張、心不在焉分心駕駛,死亡1;受傷3,5,人,乘客,男,25,繫安全帶(使用幼童安全椅),非駕駛人,人的狀態,其他,其他,非汽、機及自行車,,,無(非車輛駕駛人因素),尚未發現肇事因素,否,121.324968,24.959266,非駕駛人
2025,9,20250930,040500,A1,國道公路警察局,桃園市八德區國道2號 18公里500.0公尺處西向中線,晴,有照明且開啟,國道,100,單路部分,直路,路段,快車道,柏油,乾燥,無缺陷,無障礙物,無遮蔽物,良好,無號誌,無號誌,中央分向島,寬式(50公分以上),車道線(附標記),未繪設快慢車道分隔線,有,車與車,追撞,駕駛者,恍神、緊張、心不在焉分心駕駛,死亡1;受傷3,6,小客車(含客、貨兩用),自用,男,62,繫安全帶(使用幼童安全椅),未使用,車的狀態,向前直行中,汽車,右前車頭(身),,,駕駛者,閃避不當(慎),是,121.324968,24.959266,其他(非共享經濟與外送平台)
2025,10,20251003,052000,A1,桃園市政府警察局,桃園市大園區三民路二段849號前0.0公尺,晴,有照明未開啟或故障,市區道路,30,單路部分,直路,路段,慢車道,柏油,乾燥,無缺陷,無障礙物,無遮蔽物,良好,無號誌,無號誌,中央分向島,寬式(50公分以上),車道線(無標記),快慢車道分隔線,無,車與車,追撞,駕駛者,恍神、緊張、心不在焉分心駕駛,死亡1;受傷0,1,機車,普通重型,男,49,戴半罩式安全帽,未使用,車的狀態,向前直行中,機車與自行車,前車頭,,,駕駛者,恍神、緊張、心不在焉分心駕駛,否,121.261404,25.069004,其他(非共享經濟與外送平台)
2025,10,20251003,052000,A1,桃園市政府警察局,桃園市大園區三民路二段849號前0.0公尺,晴,有照明未開啟或故障,市區道路,30,單路部分,直路,路段,慢車道,柏油,乾燥,無缺陷,無障礙物,無遮蔽物,良好,無號誌,無號誌,中央分向島,寬式(50公分以上),車道線(無標記),快慢車道分隔線,無,車與車,追撞,駕駛者,恍神、緊張、心不在焉分心駕駛,死亡1;受傷0,2,小貨車,自用,男,47,未戴安全帽或未繫安全帶(未使用幼童安全椅),未使用,車的狀態,等待(引擎未熄火),汽車,左後車尾(身),,,其他,違規(臨時)停車,否,121.261404,25.069004,其他(非共享經濟與外送平台)
2025,10,20251007,160900,A1,桃園市政府警察局,桃園市中壢區榮民南路口 / 桃園市中壢區晉元路口,晴,有照明未開啟或故障,市區道路,50,交岔路,多岔路,其他,行人穿越道,柏油,乾燥,無缺陷,無障礙物,無遮蔽物,良好,行車管制號誌,正常,無,無分向設施,未繪設車道線,未繪設快慢車道分隔線,無,人與車,穿越道路中,駕駛者,車輛未依規定暫停讓行人先行,死亡1;受傷0,1,大客車,民營客運,男,58,繫安全帶(使用幼童安全椅),未使用,車的狀態,左轉彎,汽車,前車頭,,,駕駛者,車輛未依規定暫停讓行人先行,否,121.256982,24.949220,其他(非共享經濟與外送平台)
2025,10,20251007,160900,A1,桃園市政府警察局,桃園市中壢區榮民南路口 / 桃園市中壢區晉元路口,晴,有照明未開啟或故障,市區道路,50,交岔路,多岔路,其他,行人穿越道,柏油,乾燥,無缺陷,無障礙物,無遮蔽物,良好,行車管制號誌,正常,無,無分向設施,未繪設車道線,未繪設快慢車道分隔線,無,人與車,穿越道路中,駕駛者,車輛未依規定暫停讓行人先行,死亡1;受傷0,2,人,行人,男,66,其他(無需使用保護裝備之人),非駕駛人,人的狀態,步行,其他,非汽、機及自行車,,,無(非車輛駕駛人因素),尚未發現肇事因素,否,121.256982,24.949220,非駕駛人
2025,10,20251008,201507,A1,桃園市政府警察局,桃園市平鎮區平東路2段52號前0.0公尺,晴,有照明未開啟或故障,市區道路,50,單路部分,直路,路段,一般車道(未劃分快慢車道),柏油,乾燥,無缺陷,無障礙物,無遮蔽物,良好,無號誌,無號誌,行車分向線,無標記,未繪設車道線,未繪設快慢車道分隔線,有,車與車,側撞,駕駛者,迴轉未依規定,死亡1;受傷1,1,小客車(含客、貨兩用),自用,男,29,繫安全帶(使用幼童安全椅),未使用,車的狀態,迴轉或橫越道路中,汽車,右側車身,,,駕駛者,迴轉未依規定,否,121.252556,24.917907,其他(非共享經濟與外送平台)
2025,10,20251008,201507,A1,桃園市政府警察局,桃園市平鎮區平東路2段52號前0.0公尺,晴,有照明未開啟或故障,市區道路,50,單路部分,直路,路段,一般車道(未劃分快慢車道),柏油,乾燥,無缺陷,無障礙物,無遮蔽物,良好,無號誌,無號誌,行車分向線,無標記,未繪設車道線,未繪設快慢車道分隔線,有,車與車,側撞,駕駛者,迴轉未依規定,死亡1;受傷1,2,機車,大型重型2(250-550C.C.),男,19,戴半罩式安全帽,未使用,車的狀態,向前直行中,機車與自行車,前車頭,,,其他,車輛或機械操作不當(慎),否,121.252556,24.917907,其他(非共享經濟與外送平台)
2025,10,20251009,011900,A1,桃園市政府警察局,桃園市新屋區中山西路二段口 / 桃園市新屋區田心南路口,晴,有照明且開啟,市區道路,60,交岔路,三岔路,交叉路口,交叉口附近,柏油,乾燥,無缺陷,無障礙物,無遮蔽物,良好,行車管制號誌,正常,雙向禁止超車線,無標記,車道線(無標記),未繪設快慢車道分隔線,有,車與車,追撞,駕駛者,超速駕駛,死亡1;受傷0,1,小客車(含客、貨兩用),自用,男,23,不明,不明,車的狀態,向前直行中,汽車,前車頭,,,駕駛者,超速駕駛,否,121.059160,24.983035,其他(非共享經濟與外送平台)
2025,10,20251009,011900,A1,桃園市政府警察局,桃園市新屋區中山西路二段口 / 桃園市新屋區田心南路口,晴,有照明且開啟,市區道路,60,交岔路,三岔路,交叉路口,交叉口附近,柏油,乾燥,無缺陷,無障礙物,無遮蔽物,良好,行車管制號誌,正常,雙向禁止超車線,無標記,車道線(無標記),未繪設快慢車道分隔線,有,車與車,追撞,駕駛者,超速駕駛,死亡1;受傷0,2,小貨車,自用,男,41,不明,不明,車的狀態,等待(引擎未熄火),汽車,後車尾,,,無(車輛駕駛者因素),尚未發現肇事因素,否,121.059160,24.983035,其他(非共享經濟與外送平台)
2025,10,20251009,183400,A1,桃園市政府警察局,桃園市平鎮區延平路三段411巷179號前0.0公尺,晴,有照明且開啟,村里道路,30,單路部分,直路,路段,一般車道(未劃分快慢車道),柏油,乾燥,無缺陷,無障礙物,有遮蔽物,路上停放車輛,無號誌,無號誌,無,無分向設施,未繪設車道線,未繪設快慢車道分隔線,無,人與車,同向通行中,駕駛者,使用手持行動電話,死亡1;受傷0,1,機車,普通重型,男,21,戴半罩式安全帽,使用手持或有礙駕駛安全,車的狀態,向前直行中,機車與自行車,右側車身,,,駕駛者,使用手持行動電話,否,121.195788,24.928610,其他(非共享經濟與外送平台)
2025,10,20251009,183400,A1,桃園市政府警察局,桃園市平鎮區延平路三段411巷179號前0.0公尺,晴,有照明且開啟,村里道路,30,單路部分,直路,路段,一般車道(未劃分快慢車道),柏油,乾燥,無缺陷,無障礙物,有遮蔽物,路上停放車輛,無號誌,無號誌,無,無分向設施,未繪設車道線,未繪設快慢車道分隔線,無,人與車,同向通行中,駕駛者,使用手持行動電話,死亡1;受傷0,2,人,行人,女,87,其他(無需使用保護裝備之人),非駕駛人,人的狀態,步行,其他,非汽、機及自行車,,,無(非車輛駕駛人因素),尚未發現肇事因素,否,121.195788,24.928610,非駕駛人
2025,10,20251013,210511,A1,桃園市政府警察局,桃園市大園區中正東路口 / 桃園市大園區埔心街口,晴,有照明且開啟,市區道路,50,交岔路,三岔路,交叉路口,交叉口附近,柏油,乾燥,無缺陷,無障礙物,無遮蔽物,良好,行車管制號誌,正常,雙向禁止超車線,無標記,禁止變換車道線(無標記),未繪設快慢車道分隔線,有,車與車,追撞,駕駛者,酒醉(後)駕駛,死亡1;受傷0,1,小客車(含客、貨兩用),自用,男,61,不明,不明,車的狀態,向前直行中,汽車,前車頭,,,駕駛者,酒醉(後)駕駛,否,121.222579,25.054768,其他(非共享經濟與外送平台)
2025,10,20251013,210511,A1,桃園市政府警察局,桃園市大園區中正東路口 / 桃園市大園區埔心街口,晴,有照明且開啟,市區道路,50,交岔路,三岔路,交叉路口,交叉口附近,柏油,乾燥,無缺陷,無障礙物,無遮蔽物,良好,行車管制號誌,正常,雙向禁止超車線,無標記,禁止變換車道線(無標記),未繪設快慢車道分隔線,有,車與車,追撞,駕駛者,酒醉(後)駕駛,死亡1;受傷0,2,慢車,腳踏自行車,男,48,不明,不明,車的狀態,向前直行中,機車與自行車,後車尾,,,無(車輛駕駛者因素),尚未發現肇事因素,否,121.222579,25.054768,其他(非共享經濟與外送平台)
2025,10,20251014,063900,A1,桃園市政府警察局,桃園市楊梅區秀才路44號前0.0公尺,晴,有照明未開啟或故障,市區道路,40,單路部分,直路,路段,一般車道(未劃分快慢車道),柏油,乾燥,無缺陷,無障礙物,無遮蔽物,良好,無號誌,無號誌,雙向禁止超車線,無標記,未繪設車道線,未繪設快慢車道分隔線,有,車與車,同向擦撞,駕駛者,未保持行車安全間隔,死亡1;受傷0,1,機車,普通重型,女,64,戴非半罩式安全帽,未使用,車的狀態,向前直行中,機車與自行車,左側車身,,,駕駛者,未保持行車安全間隔,否,121.143260,24.905576,其他(非共享經濟與外送平台)
2025,10,20251014,063900,A1,桃園市政府警察局,桃園市楊梅區秀才路44號前0.0公尺,晴,有照明未開啟或故障,市區道路,40,單路部分,直路,路段,一般車道(未劃分快慢車道),柏油,乾燥,無缺陷,無障礙物,無遮蔽物,良好,無號誌,無號誌,雙向禁止超車線,無標記,未繪設車道線,未繪設快慢車道分隔線,有,車與車,同向擦撞,駕駛者,未保持行車安全間隔,死亡1;受傷0,2,小貨車,自用,男,63,不明,未使用,車的狀態,靜止(引擎熄火),汽車,左側車身,,,其他,違規(臨時)停車,否,121.143260,24.905576,其他(非共享經濟與外送平台)
2025,10,20251014,063900,A1,桃園市政府警察局,桃園市楊梅區秀才路44號前0.0公尺,晴,有照明未開啟或故障,市區道路,40,單路部分,直路,路段,一般車道(未劃分快慢車道),柏油,乾燥,無缺陷,無障礙物,無遮蔽物,良好,無號誌,無號誌,雙向禁止超車線,無標記,未繪設車道線,未繪設快慢車道分隔線,有,車與車,同向擦撞,駕駛者,未保持行車安全間隔,死亡1;受傷0,3,大貨車,自用,男,50,繫安全帶(使用幼童安全椅),未使用,車的狀態,向前直行中,汽車,右側車身,,,無(車輛駕駛者因素),尚未發現肇事因素,否,121.143260,24.905576,其他(非共享經濟與外送平台)
2025,10,20251017,204000,A1,桃園市政府警察局,桃園市新屋區興福路115號,晴,有照明且開啟,村里道路,50,單路部分,直路,路段,一般車道(未劃分快慢車道),柏油,乾燥,無缺陷,無障礙物,無遮蔽物,良好,無號誌,無號誌,行車分向線,無標記,未繪設車道線,未繪設快慢車道分隔線,有,車輛本身,路上翻車、摔倒,其他,其他不當駕車行為,死亡1;受傷0,1,機車,普通重型,男,18,戴半罩式安全帽,未使用,車的狀態,向前直行中,機車與自行車,前車頭,機車與自行車,右側車身,其他,其他不當駕車行為,否,121.087224,24.958984,其他(非共享經濟與外送平台)
2025,10,20251017,204000,A1,桃園市政府警察局,桃園市新屋區興福路115號,晴,有照明且開啟,村里道路,50,單路部分,直路,路段,一般車道(未劃分快慢車道),柏油,乾燥,無缺陷,無障礙物,無遮蔽物,良好,無號誌,無號誌,行車分向線,無標記,未繪設車道線,未繪設快慢車道分隔線,有,車輛本身,路上翻車、摔倒,其他,其他不當駕車行為,死亡1;受傷0,2,,,無或物(動物、堆置物),-1,,,,,,,,,無(非車輛駕駛人因素),尚未發現肇事因素,否,121.087224,24.958984,
2025,10,20251020,005644,A1,桃園市政府警察局,桃園市大園區大觀路1083號前0.0公尺,雨,有照明且開啟,市區道路,50,單路部分,直路,路段,一般車道(未劃分快慢車道),柏油,濕潤,無缺陷,無障礙物,無遮蔽物,良好,無號誌,無號誌,中央分向島,寬式(50公分以上),車道線(無標記),快慢車道分隔線,有,車輛本身,撞路樹,其他,車輛或機械操作不當(慎),死亡1;受傷0,1,機車,普通重型,男,21,戴非半罩式安全帽,未使用,車的狀態,向前直行中,機車與自行車,前車頭,,,其他,車輛或機械操作不當(慎),否,121.165207,25.057725,其他(非共享經濟與外送平台)
2025,10,20251020,005644,A1,桃園市政府警察局,桃園市大園區大觀路1083號前0.0公尺,雨,有照明且開啟,市區道路,50,單路部分,直路,路段,一般車道(未劃分快慢車道),柏油,濕潤,無缺陷,無障礙物,無遮蔽物,良好,無號誌,無號誌,中央分向島,寬式(50公分以上),車道線(無標記),快慢車道分隔線,有,車輛本身,撞路樹,其他,車輛或機械操作不當(慎),死亡1;受傷0,2,,,無或物(動物、堆置物),-1,,,,,,,,,無(物或動物),道路設施(備)、植栽或其他裝置，倒塌或掉(斷)落,否,121.165207,25.057725,
2025,10,20251020,062300,A1,桃園市政府警察局,桃園市蘆竹區台61線 19公里200.0公尺處南,雨,無照明,快速(公)道,90,單路部分,直路,路段,快車道,柏油,濕潤,無缺陷,無障礙物,無遮蔽物,良好,無號誌,無號誌,中央分向島,寬式(50公分以上),車道線(無標記),未繪設快慢車道分隔線,有,車輛本身,撞護欄(樁),其他,其他不當駕車行為,死亡1;受傷0,1,曳引車,營業用,男,41,不明,不明,車的狀態,向前直行中,汽車,前車頭,,,其他,其他不當駕車行為,否,121.258908,25.118691,其他(非共享經濟與外送平台)
2025,10,20251020,062300,A1,桃園市政府警察局,桃園市蘆竹區台61線 19公里200.0公尺處南,雨,無照明,快速(公)道,90,單路部分,直路,路段,快車道,柏油,濕潤,無缺陷,無障礙物,無遮蔽物,良好,無號誌,無號誌,中央分向島,寬式(50公分以上),車道線(無標記),未繪設快慢車道分隔線,有,車輛本身,撞護欄(樁),其他,其他不當駕車行為,死亡1;受傷0,2,,,無或物(動物、堆置物),-1,,,,,,,,,無(非車輛駕駛人因素),尚未發現肇事因素,否,121.258908,25.118691,
2025,10,20251021,035100,A1,桃園市政府警察局,桃園市八德區興豐路1139號前0.0公尺附近,雨,有照明且開啟,市區道路,50,交岔路,四岔路,其他,行人穿越道,柏油,濕潤,無缺陷,無障礙物,無遮蔽物,良好,閃光號誌,正常,無,無分向設施,未繪設車道線,未繪設快慢車道分隔線,無,人與車,穿越道路中,駕駛者,車輛未依規定暫停讓行人先行,死亡1;受傷0,1,小貨車,營業用,男,32,未戴安全帽或未繫安全帶(未使用幼童安全椅),未使用,車的狀態,向前直行中,汽車,右前車頭(身),,,駕駛者,車輛未依規定暫停讓行人先行,否,121.304719,24.936116,其他(非共享經濟與外送平台)
2025,10,20251021,035100,A1,桃園市政府警察局,桃園市八德區興豐路1139號前0.0公尺附近,雨,有照明且開啟,市區道路,50,交岔路,四岔路,其他,行人穿越道,柏油,濕潤,無缺陷,無障礙物,無遮蔽物,良好,閃光號誌,正常,無,無分向設施,未繪設車道線,未繪設快慢車道分隔線,無,人與車,穿越道路中,駕駛者,車輛未依規定暫停讓行人先行,死亡1;受傷0,2,人,行人,男,69,其他(無需使用保護裝備之人),非駕駛人,人的狀態,步行,其他,非汽、機及自行車,,,非駕駛者,穿越道路未注意左右來車,否,121.304719,24.936116,非駕駛人
2025,10,20251022,060200,A1,桃園市政府警察局,桃園市觀音區玉林路一段623號前0.0公尺附近,雨,有照明未開啟或故障,市區道路,50,單路部分,直路,路段,一般車道(未劃分快慢車道),柏油,濕潤,無缺陷,無障礙物,無遮蔽物,良好,無號誌,無號誌,行車分向線,無標記,未繪設車道線,未繪設快慢車道分隔線,有,人與車,其他,駕駛者,恍神、緊張、心不在焉分心駕駛,死亡1;受傷1,1,機車,普通重型,男,55,戴非半罩式安全帽,未使用,車的狀態,向前直行中,機車與自行車,前車頭,,,駕駛者,恍神、緊張、心不在焉分心駕駛,否,121.092628,25.047703,其他(非共享經濟與外送平台)
2025,10,20251022,060200,A1,桃園市政府警察局,桃園市觀音區玉林路一段623號前0.0公尺附近,雨,有照明未開啟或故障,市區道路,50,單路部分,直路,路段,一般車道(未劃分快慢車道),柏油,濕潤,無缺陷,無障礙物,無遮蔽物,良好,無號誌,無號誌,行車分向線,無標記,未繪設車道線,未繪設快慢車道分隔線,有,人與車,其他,駕駛者,恍神、緊張、心不在焉分心駕駛,死亡1;受傷1,2,人,行人,男,75,其他(無需使用保護裝備之人),非駕駛人,人的狀態,其他,其他,非汽、機及自行車,,,非駕駛者,其他引起事故之疏失或行為,否,121.092628,25.047703,非駕駛人
2025,10,20251022,072400,A1,桃園市政府警察局,桃園市龜山區西勢湖路88巷口(路燈定位編碼0803286),雨,有照明未開啟或故障,鄉道,30,交岔路,三岔路,交叉路口,交叉路口內,柏油,濕潤,無缺陷,無障礙物,無遮蔽物,良好,無號誌,無號誌,無,無分向設施,未繪設車道線,未繪設快慢車道分隔線,無,車輛本身,其他,其他,車輛未停妥滑動致生事故,死亡1;受傷0,1,曳引車,營業用,男,32,不明,未使用,車的狀態,等待(引擎未熄火),汽車,車底,,,其他,車輛未停妥滑動致生事故,否,121.368386,25.030953,其他(非共享經濟與外送平台)
2025,10,20251022,072400,A1,桃園市政府警察局,桃園市龜山區西勢湖路88巷口(路燈定位編碼0803286),雨,有照明未開啟或故障,鄉道,30,交岔路,三岔路,交叉路口,交叉路口內,柏油,濕潤,無缺陷,無障礙物,無遮蔽物,良好,無號誌,無號誌,無,無分向設施,未繪設車道線,未繪設快慢車道分隔線,無,車輛本身,其他,其他,車輛未停妥滑動致生事故,死亡1;受傷0,2,,,無或物(動物、堆置物),-1,,,,,,,,,無(非車輛駕駛人因素),尚未發現肇事因素,否,121.368386,25.030953,
2025,10,20251024,053000,A1,桃園市政府警察局,桃園市新屋區望間路近電桿0501650,雨,無照明,市區道路,50,單路部分,彎曲路及附近,路段,一般車道(未劃分快慢車道),柏油,濕潤,無缺陷,無障礙物,無遮蔽物,良好,無號誌,無號誌,行車分向線,無標記,未繪設車道線,未繪設快慢車道分隔線,有,車輛本身,撞電桿,駕駛者,恍神、緊張、心不在焉分心駕駛,死亡1;受傷0,1,機車,普通重型,男,62,戴非半罩式安全帽,未使用,車的狀態,向前直行中,機車與自行車,前車頭,,,駕駛者,恍神、緊張、心不在焉分心駕駛,否,121.064198,24.942559,其他(非共享經濟與外送平台)
2025,10,20251024,053000,A1,桃園市政府警察局,桃園市新屋區望間路近電桿0501650,雨,無照明,市區道路,50,單路部分,彎曲路及附近,路段,一般車道(未劃分快慢車道),柏油,濕潤,無缺陷,無障礙物,無遮蔽物,良好,無號誌,無號誌,行車分向線,無標記,未繪設車道線,未繪設快慢車道分隔線,有,車輛本身,撞電桿,駕駛者,恍神、緊張、心不在焉分心駕駛,死亡1;受傷0,2,,,無或物(動物、堆置物),-1,,,,,,,,,無(非車輛駕駛人因素),尚未發現肇事因素,否,121.064198,24.942559,
2025,10,20251027,045600,A1,桃園市政府警察局,桃園市八德區興豐路0910986號燈桿前,陰,有照明且開啟,市區道路,50,單路部分,直路,路段,一般車道(未劃分快慢車道),柏油,乾燥,無缺陷,無障礙物,無遮蔽物,良好,無號誌,無號誌,中央分向島,寬式(50公分以上),車道線(無標記),未繪設快慢車道分隔線,有,車與車,追撞,駕駛者,恍神、緊張、心不在焉分心駕駛,死亡1;受傷0,1,小客車(含客、貨兩用),自用,男,26,繫安全帶(使用幼童安全椅),未使用,車的狀態,向前直行中,汽車,右前車頭(身),,,駕駛者,恍神、緊張、心不在焉分心駕駛,否,121.303692,24.935361,其他(非共享經濟與外送平台)
2025,10,20251027,045600,A1,桃園市政府警察局,桃園市八德區興豐路0910986號燈桿前,陰,有照明且開啟,市區道路,50,單路部分,直路,路段,一般車道(未劃分快慢車道),柏油,乾燥,無缺陷,無障礙物,無遮蔽物,良好,無號誌,無號誌,中央分向島,寬式(50公分以上),車道線(無標記),未繪設快慢車道分隔線,有,車與車,追撞,駕駛者,恍神、緊張、心不在焉分心駕駛,死亡1;受傷0,2,慢車,腳踏自行車,男,75,其他(無需使用保護裝備之人),未使用,車的狀態,向前直行中,機車與自行車,後車尾,,,無(車輛駕駛者因素),尚未發現肇事因素,否,121.303692,24.935361,其他(非共享經濟與外送平台)
2025,10,20251028,182100,A1,桃園市政府警察局,桃園市龜山區青山路二段路燈0809496,陰,有照明且開啟,市區道路,50,單路部分,彎曲路及附近,路段,一般車道(未劃分快慢車道),柏油,濕潤,無缺陷,無障礙物,無遮蔽物,良好,無號誌,無號誌,中央分向島,寬式(50公分以上),車道線(無標記),未繪設快慢車道分隔線,有,車輛本身,撞護欄(樁),其他,相關跡證不足且無具體影像紀錄，當事人各執一詞，經分析後無法釐清肇事原因,死亡1;受傷0,1,機車,普通重型,男,70,戴半罩式安全帽,未使用,車的狀態,向前直行中,機車與自行車,前車頭,,,其他,相關跡證不足且無具體影像紀錄，當事人各執一詞，經分析後無法釐清肇事原因,否,121.386482,25.036304,其他(非共享經濟與外送平台)
2025,10,20251028,182100,A1,桃園市政府警察局,桃園市龜山區青山路二段路燈0809496,陰,有照明且開啟,市區道路,50,單路部分,彎曲路及附近,路段,一般車道(未劃分快慢車道),柏油,濕潤,無缺陷,無障礙物,無遮蔽物,良好,無號誌,無號誌,中央分向島,寬式(50公分以上),車道線(無標記),未繪設快慢車道分隔線,有,車輛本身,撞護欄(樁),其他,相關跡證不足且無具體影像紀錄，當事人各執一詞，經分析後無法釐清肇事原因,死亡1;受傷0,2,,,無或物(動物、堆置物),-1,,,,,,,,,無(非車輛駕駛人因素),尚未發現肇事因素,否,121.386482,25.036304,
2025,10,20251030,083636,A1,桃園市政府警察局,桃園市楊梅區高鐵南路八段(燈桿0410449),晴,有照明未開啟或故障,市區道路,70,其他,其他,路段,一般車道(未劃分快慢車道),柏油,乾燥,無缺陷,無障礙物,無遮蔽物,良好,無號誌,無號誌,中央分向島,寬式(50公分以上),車道線(無標記),快慢車道分隔線,無,車與車,追撞,駕駛者,超速駕駛,死亡1;受傷0,1,小客車(含客、貨兩用),自用,男,67,不明,不明,車的狀態,向前直行中,汽車,前車頭,,,駕駛者,超速駕駛,否,121.107734,24.935022,其他(非共享經濟與外送平台)
2025,10,20251030,083636,A1,桃園市政府警察局,桃園市楊梅區高鐵南路八段(燈桿0410449),晴,有照明未開啟或故障,市區道路,70,其他,其他,路段,一般車道(未劃分快慢車道),柏油,乾燥,無缺陷,無障礙物,無遮蔽物,良好,無號誌,無號誌,中央分向島,寬式(50公分以上),車道線(無標記),快慢車道分隔線,無,車與車,追撞,駕駛者,超速駕駛,死亡1;受傷0,2,半聯結車,營業用,男,43,繫安全帶(使用幼童安全椅),未使用,車的狀態,迴轉或橫越道路中,汽車,後車尾,,,駕駛者,迴轉未依規定,否,121.107734,24.935022,其他(非共享經濟與外送平台)
2025,11,20251102,131652,A1,桃園市政府警察局,桃園市觀音區中山路二段90號前0.0公尺附近,陰,有照明未開啟或故障,市區道路,60,單路部分,直路,路段,一般車道(未劃分快慢車道),柏油,乾燥,無缺陷,無障礙物,無遮蔽物,良好,無號誌,無號誌,雙向禁止超車線,附標記,車道線(無標記),未繪設快慢車道分隔線,有,車輛本身,撞電桿,駕駛者,恍神、緊張、心不在焉分心駕駛,死亡1;受傷0,1,小客車(含客、貨兩用),自用,女,62,不明,不明,車的狀態,向前直行中,汽車,前車頭,,,駕駛者,恍神、緊張、心不在焉分心駕駛,否,121.124106,25.018348,其他(非共享經濟與外送平台)
2025,11,20251102,131652,A1,桃園市政府警察局,桃園市觀音區中山路二段90號前0.0公尺附近,陰,有照明未開啟或故障,市區道路,60,單路部分,直路,路段,一般車道(未劃分快慢車道),柏油,乾燥,無缺陷,無障礙物,無遮蔽物,良好,無號誌,無號誌,雙向禁止超車線,附標記,車道線(無標記),未繪設快慢車道分隔線,有,車輛本身,撞電桿,駕駛者,恍神、緊張、心不在焉分心駕駛,死亡1;受傷0,2,,,無或物(動物、堆置物),-1,,,,,,,,,無(非車輛駕駛人因素),尚未發現肇事因素,否,121.124106,25.018348,
2025,11,20251102,194300,A1,桃園市政府警察局,桃園市蘆竹區八股路322號前0.0公尺,陰,有照明且開啟,市區道路,50,單路部分,彎曲路及附近,路段,一般車道(未劃分快慢車道),柏油,乾燥,無缺陷,無障礙物,無遮蔽物,良好,無號誌,無號誌,雙向禁止超車線,無標記,未繪設車道線,未繪設快慢車道分隔線,有,車輛本身,路上翻車、摔倒,駕駛者,未依規定減速,死亡1;受傷0,1,機車,大型重型2(250-550C.C.),男,28,戴半罩式安全帽,未使用,車的狀態,向前直行中,機車與自行車,前車頭,,,駕駛者,未依規定減速,否,121.254361,25.055752,其他(非共享經濟與外送平台)
2025,11,20251102,194300,A1,桃園市政府警察局,桃園市蘆竹區八股路322號前0.0公尺,陰,有照明且開啟,市區道路,50,單路部分,彎曲路及附近,路段,一般車道(未劃分快慢車道),柏油,乾燥,無缺陷,無障礙物,無遮蔽物,良好,無號誌,無號誌,雙向禁止超車線,無標記,未繪設車道線,未繪設快慢車道分隔線,有,車輛本身,路上翻車、摔倒,駕駛者,未依規定減速,死亡1;受傷0,2,,,無或物(動物、堆置物),-1,,,,,,,,,無(非車輛駕駛人因素),尚未發現肇事因素,否,121.254361,25.055752,
2025,11,20251103,164500,A1,桃園市政府警察局,桃園市大溪區永昌路口 / 桃園市大溪區仁和路二段附近,雨,有照明未開啟或故障,市區道路,50,交岔路,四岔路,交叉路口,交叉口附近,柏油,濕潤,無缺陷,無障礙物,無遮蔽物,良好,行車管制號誌(附設行人專用號誌),正常,雙向禁止超車線,無標記,車道線(無標記),未繪設快慢車道分隔線,有,車與車,側撞,駕駛者,爭(搶)道行駛,死亡1;受傷0,1,小客車(含客、貨兩用),自用,女,32,不明,不明,車的狀態,右轉彎,汽車,左前車頭(身),,,駕駛者,爭(搶)道行駛,否,121.265373,24.903559,其他(非共享經濟與外送平台)
2025,11,20251103,164500,A1,桃園市政府警察局,桃園市大溪區永昌路口 / 桃園市大溪區仁和路二段附近,雨,有照明未開啟或故障,市區道路,50,交岔路,四岔路,交叉路口,交叉口附近,柏油,濕潤,無缺陷,無障礙物,無遮蔽物,良好,行車管制號誌(附設行人專用號誌),正常,雙向禁止超車線,無標記,車道線(無標記),未繪設快慢車道分隔線,有,車與車,側撞,駕駛者,爭(搶)道行駛,死亡1;受傷0,2,機車,普通重型,女,73,不明,不明,車的狀態,左轉彎,機車與自行車,右側車身,,,無(車輛駕駛者因素),尚未發現肇事因素,否,121.265373,24.903559,其他(非共享經濟與外送平台)
2025,11,20251103,184900,A1,國道公路警察局,桃園市蘆竹區國道1號 45公里400.0公尺處南,雨,有照明且開啟,國道,100,單路部分,高架道路,路段,快車道,柏油,濕潤,無缺陷,無障礙物,無遮蔽物,良好,無號誌,無號誌,無,無分向設施,車道線(附標記),未繪設快慢車道分隔線,有,車與車,追撞,駕駛者,未保持行車安全距離,死亡1;受傷3,1,小客車(含客、貨兩用),自用,男,33,繫安全帶(使用幼童安全椅),未使用,車的狀態,向前直行中,汽車,前車頭,汽車,後車尾,駕駛者,未保持行車安全距離,否,121.300179,25.038910,其他(非共享經濟與外送平台)
2025,11,20251103,184900,A1,國道公路警察局,桃園市蘆竹區國道1號 45公里400.0公尺處南,雨,有照明且開啟,國道,100,單路部分,高架道路,路段,快車道,柏油,濕潤,無缺陷,無障礙物,無遮蔽物,良好,無號誌,無號誌,無,無分向設施,車道線(附標記),未繪設快慢車道分隔線,有,車與車,追撞,駕駛者,未保持行車安全距離,死亡1;受傷3,2,小客車(含客、貨兩用),自用,男,33,繫安全帶(使用幼童安全椅),未使用,車的狀態,急減速或急停止,汽車,後車尾,,,無(車輛駕駛者因素),尚未發現肇事因素,否,121.300179,25.038910,其他(非共享經濟與外送平台)
2025,11,20251103,184900,A1,國道公路警察局,桃園市蘆竹區國道1號 45公里400.0公尺處南,雨,有照明且開啟,國道,100,單路部分,高架道路,路段,快車道,柏油,濕潤,無缺陷,無障礙物,無遮蔽物,良好,無號誌,無號誌,無,無分向設施,車道線(附標記),未繪設快慢車道分隔線,有,車與車,追撞,駕駛者,未保持行車安全距離,死亡1;受傷3,3,小客車(含客、貨兩用),自用,女,29,繫安全帶(使用幼童安全椅),未使用,車的狀態,向前直行中,汽車,前車頭,汽車,後車尾,駕駛者,未保持行車安全距離,否,121.300179,25.038910,其他(非共享經濟與外送平台)
2025,11,20251103,184900,A1,國道公路警察局,桃園市蘆竹區國道1號 45公里400.0公尺處南,雨,有照明且開啟,國道,100,單路部分,高架道路,路段,快車道,柏油,濕潤,無缺陷,無障礙物,無遮蔽物,良好,無號誌,無號誌,無,無分向設施,車道線(附標記),未繪設快慢車道分隔線,有,車與車,追撞,駕駛者,未保持行車安全距離,死亡1;受傷3,4,小客車(含客、貨兩用),自用,男,42,繫安全帶(使用幼童安全椅),未使用,車的狀態,急減速或急停止,汽車,後車尾,汽車,前車頭,無(車輛駕駛者因素),尚未發現肇事因素,否,121.300179,25.038910,其他(非共享經濟與外送平台)
2025,11,20251103,184900,A1,國道公路警察局,桃園市蘆竹區國道1號 45公里400.0公尺處南,雨,有照明且開啟,國道,100,單路部分,高架道路,路段,快車道,柏油,濕潤,無缺陷,無障礙物,無遮蔽物,良好,無號誌,無號誌,無,無分向設施,車道線(附標記),未繪設快慢車道分隔線,有,車與車,追撞,駕駛者,未保持行車安全距離,死亡1;受傷3,5,大客車,民營公車,男,57,繫安全帶(使用幼童安全椅),未使用,車的狀態,向前直行中,汽車,前車頭,,,駕駛者,恍神、緊張、心不在焉分心駕駛,否,121.300179,25.038910,其他(非共享經濟與外送平台)
2025,11,20251103,184900,A1,國道公路警察局,桃園市蘆竹區國道1號 45公里400.0公尺處南,雨,有照明且開啟,國道,100,單路部分,高架道路,路段,快車道,柏油,濕潤,無缺陷,無障礙物,無遮蔽物,良好,無號誌,無號誌,無,無分向設施,車道線(附標記),未繪設快慢車道分隔線,有,車與車,追撞,駕駛者,未保持行車安全距離,死亡1;受傷3,6,人,乘客,男,29,繫安全帶(使用幼童安全椅),非駕駛人,人的狀態,其他,其他,非汽、機及自行車,,,無(非車輛駕駛人因素),尚未發現肇事因素,否,121.300179,25.038910,非駕駛人
2025,11,20251103,184900,A1,國道公路警察局,桃園市蘆竹區國道1號 45公里400.0公尺處南,雨,有照明且開啟,國道,100,單路部分,高架道路,路段,快車道,柏油,濕潤,無缺陷,無障礙物,無遮蔽物,良好,無號誌,無號誌,無,無分向設施,車道線(附標記),未繪設快慢車道分隔線,有,車與車,追撞,駕駛者,未保持行車安全距離,死亡1;受傷3,7,人,乘客,男,35,繫安全帶(使用幼童安全椅),非駕駛人,人的狀態,其他,其他,非汽、機及自行車,,,無(非車輛駕駛人因素),尚未發現肇事因素,否,121.300179,25.038910,非駕駛人
2025,11,20251103,184900,A1,國道公路警察局,桃園市蘆竹區國道1號 45公里400.0公尺處南,雨,有照明且開啟,國道,100,單路部分,高架道路,路段,快車道,柏油,濕潤,無缺陷,無障礙物,無遮蔽物,良好,無號誌,無號誌,無,無分向設施,車道線(附標記),未繪設快慢車道分隔線,有,車與車,追撞,駕駛者,未保持行車安全距離,死亡1;受傷3,8,,,無或物(動物、堆置物),-1,,,,,,,,,無(非車輛駕駛人因素),尚未發現肇事因素,否,121.300179,25.038910,
2025,11,20251103,215200,A1,桃園市政府警察局,桃園市龜山區忠義路一段口 / 桃園市龜山區光峰路口,陰,有照明且開啟,市區道路,60,交岔路,四岔路,交叉路口,交叉路口內,柏油,乾燥,無缺陷,無障礙物,無遮蔽物,良好,行車管制號誌,正常,無,無分向設施,未繪設車道線,未繪設快慢車道分隔線,無,車與車,同向擦撞,駕駛者,恍神、緊張、心不在焉分心駕駛,死亡1;受傷1,1,小客車(含客、貨兩用),租賃車,男,33,繫安全帶(使用幼童安全椅),未使用,車的狀態,向前直行中,汽車,右前車頭(身),,,駕駛者,恍神、緊張、心不在焉分心駕駛,否,121.344478,25.006869,其他(非共享經濟與外送平台)
2025,11,20251103,215200,A1,桃園市政府警察局,桃園市龜山區忠義路一段口 / 桃園市龜山區光峰路口,陰,有照明且開啟,市區道路,60,交岔路,四岔路,交叉路口,交叉路口內,柏油,乾燥,無缺陷,無障礙物,無遮蔽物,良好,行車管制號誌,正常,無,無分向設施,未繪設車道線,未繪設快慢車道分隔線,無,車與車,同向擦撞,駕駛者,恍神、緊張、心不在焉分心駕駛,死亡1;受傷1,2,小貨車,自用,男,66,繫安全帶(使用幼童安全椅),未使用,車的狀態,向前直行中,汽車,左側車身,,,無(車輛駕駛者因素),尚未發現肇事因素,否,121.344478,25.006869,其他(非共享經濟與外送平台)
2025,11,20251103,215200,A1,桃園市政府警察局,桃園市龜山區忠義路一段口 / 桃園市龜山區光峰路口,陰,有照明且開啟,市區道路,60,交岔路,四岔路,交叉路口,交叉路口內,柏油,乾燥,無缺陷,無障礙物,無遮蔽物,良好,行車管制號誌,正常,無,無分向設施,未繪設車道線,未繪設快慢車道分隔線,無,車與車,同向擦撞,駕駛者,恍神、緊張、心不在焉分心駕駛,死亡1;受傷1,3,,,無或物(動物、堆置物),-1,,,,,,,,,無(非車輛駕駛人因素),尚未發現肇事因素,否,121.344478,25.006869,
2025,11,20251103,215200,A1,桃園市政府警察局,桃園市龜山區忠義路一段口 / 桃園市龜山區光峰路口,陰,有照明且開啟,市區道路,60,交岔路,四岔路,交叉路口,交叉路口內,柏油,乾燥,無缺陷,無障礙物,無遮蔽物,良好,行車管制號誌,正常,無,無分向設施,未繪設車道線,未繪設快慢車道分隔線,無,車與車,同向擦撞,駕駛者,恍神、緊張、心不在焉分心駕駛,死亡1;受傷1,4,,,無或物(動物、堆置物),-1,,,,,,,,,無(非車輛駕駛人因素),尚未發現肇事因素,否,121.344478,25.006869,
2025,11,20251103,215200,A1,桃園市政府警察局,桃園市龜山區忠義路一段口 / 桃園市龜山區光峰路口,陰,有照明且開啟,市區道路,60,交岔路,四岔路,交叉路口,交叉路口內,柏油,乾燥,無缺陷,無障礙物,無遮蔽物,良好,行車管制號誌,正常,無,無分向設施,未繪設車道線,未繪設快慢車道分隔線,無,車與車,同向擦撞,駕駛者,恍神、緊張、心不在焉分心駕駛,死亡1;受傷1,5,,,無或物(動物、堆置物),-1,,,,,,,,,無(非車輛駕駛人因素),尚未發現肇事因素,否,121.344478,25.006869,
2025,11,20251107,174200,A1,桃園市政府警察局,桃園市龜山區忠義路二段口 / 桃園市龜山區復興一路,晴,有照明且開啟,市區道路,50,交岔路,四岔路,其他,行人穿越道,柏油,乾燥,無缺陷,無障礙物,無遮蔽物,良好,行車管制號誌(附設行人專用號誌),正常,無,無分向設施,未繪設車道線,未繪設快慢車道分隔線,無,人與車,穿越道路中,非駕駛者,未依號誌或手勢指揮(示)穿越道路,死亡1;受傷1,1,人,行人,女,91,其他(無需使用保護裝備之人),非駕駛人,人的狀態,步行,其他,非汽、機及自行車,,,非駕駛者,未依號誌或手勢指揮(示)穿越道路,否,121.358605,25.053597,非駕駛人
2025,11,20251107,174200,A1,桃園市政府警察局,桃園市龜山區忠義路二段口 / 桃園市龜山區復興一路,晴,有照明且開啟,市區道路,50,交岔路,四岔路,其他,行人穿越道,柏油,乾燥,無缺陷,無障礙物,無遮蔽物,良好,行車管制號誌(附設行人專用號誌),正常,無,無分向設施,未繪設車道線,未繪設快慢車道分隔線,無,人與車,穿越道路中,非駕駛者,未依號誌或手勢指揮(示)穿越道路,死亡1;受傷1,2,機車,普通重型,男,19,戴非半罩式安全帽,未使用,車的狀態,向前直行中,機車與自行車,前車頭,,,駕駛者,車輛未依規定暫停讓行人先行,否,121.358605,25.053597,其他(非共享經濟與外送平台)
2025,11,20251112,044100,A1,國道公路警察局,桃園市中壢區國道1號 59公里400.0公尺處北向外側,陰,有照明且開啟,國道,100,單路部分,高架道路,路段,一般車道(未劃分快慢車道),柏油,濕潤,無缺陷,無障礙物,無遮蔽物,良好,無號誌,無號誌,中央分向島,寬式(50公分以上),車道線(附標記),未繪設快慢車道分隔線,有,車與車,追撞,駕駛者,恍神、緊張、心不在焉分心駕駛,死亡1;受傷3,1,小客車(含客、貨兩用),自用,男,29,繫安全帶(使用幼童安全椅),未使用,車的狀態,向右變換車道,汽車,右前車頭(身),汽車,右後車尾(身),駕駛者,恍神、緊張、心不在焉分心駕駛,否,121.227504,24.979664,其他(非共享經濟與外送平台)
2025,11,20251112,044100,A1,國道公路警察局,桃園市中壢區國道1號 59公里400.0公尺處北向外側,陰,有照明且開啟,國道,100,單路部分,高架道路,路段,一般車道(未劃分快慢車道),柏油,濕潤,無缺陷,無障礙物,無遮蔽物,良好,無號誌,無號誌,中央分向島,寬式(50公分以上),車道線(附標記),未繪設快慢車道分隔線,有,車與車,追撞,駕駛者,恍神、緊張、心不在焉分心駕駛,死亡1;受傷3,2,小客車(含客、貨兩用),自用,女,49,繫安全帶(使用幼童安全椅),未使用,車的狀態,向前直行中,汽車,左後車尾(身),汽車,後車尾,無(車輛駕駛者因素),尚未發現肇事因素,否,121.227504,24.979664,其他(非共享經濟與外送平台)
2025,11,20251112,044100,A1,國道公路警察局,桃園市中壢區國道1號 59公里400.0公尺處北向外側,陰,有照明且開啟,國道,100,單路部分,高架道路,路段,一般車道(未劃分快慢車道),柏油,濕潤,無缺陷,無障礙物,無遮蔽物,良好,無號誌,無號誌,中央分向島,寬式(50公分以上),車道線(附標記),未繪設快慢車道分隔線,有,車與車,追撞,駕駛者,恍神、緊張、心不在焉分心駕駛,死亡1;受傷3,3,,,無或物(動物、堆置物),-1,,,,,,,,,無(非車輛駕駛人因素),尚未發現肇事因素,否,121.227504,24.979664,
2025,11,20251112,044100,A1,國道公路警察局,桃園市中壢區國道1號 59公里400.0公尺處北向外側,陰,有照明且開啟,國道,100,單路部分,高架道路,路段,一般車道(未劃分快慢車道),柏油,濕潤,無缺陷,無障礙物,無遮蔽物,良好,無號誌,無號誌,中央分向島,寬式(50公分以上),車道線(附標記),未繪設快慢車道分隔線,有,車與車,追撞,駕駛者,恍神、緊張、心不在焉分心駕駛,死亡1;受傷3,4,小客車(含客、貨兩用),租賃車,男,26,繫安全帶(使用幼童安全椅),未使用,車的狀態,向前直行中,汽車,前車頭,,,駕駛者,恍神、緊張、心不在焉分心駕駛,否,121.227504,24.979664,其他(非共享經濟與外送平台)
2025,11,20251112,044100,A1,國道公路警察局,桃園市中壢區國道1號 59公里400.0公尺處北向外側,陰,有照明且開啟,國道,100,單路部分,高架道路,路段,一般車道(未劃分快慢車道),柏油,濕潤,無缺陷,無障礙物,無遮蔽物,良好,無號誌,無號誌,中央分向島,寬式(50公分以上),車道線(附標記),未繪設快慢車道分隔線,有,車與車,追撞,駕駛者,恍神、緊張、心不在焉分心駕駛,死亡1;受傷3,5,,,無或物(動物、堆置物),-1,,,,,,,,,無(非車輛駕駛人因素),尚未發現肇事因素,否,121.227504,24.979664,
2025,11,20251112,044100,A1,國道公路警察局,桃園市中壢區國道1號 59公里400.0公尺處北向外側,陰,有照明且開啟,國道,100,單路部分,高架道路,路段,一般車道(未劃分快慢車道),柏油,濕潤,無缺陷,無障礙物,無遮蔽物,良好,無號誌,無號誌,中央分向島,寬式(50公分以上),車道線(附標記),未繪設快慢車道分隔線,有,車與車,追撞,駕駛者,恍神、緊張、心不在焉分心駕駛,死亡1;受傷3,6,人,乘客,女,34,繫安全帶(使用幼童安全椅),非駕駛人,人的狀態,其他,其他,無撞擊,,,無(非車輛駕駛人因素),尚未發現肇事因素,否,121.227504,24.979664,非駕駛人
2025,11,20251112,044100,A1,國道公路警察局,桃園市中壢區國道1號 59公里400.0公尺處北向外側,陰,有照明且開啟,國道,100,單路部分,高架道路,路段,一般車道(未劃分快慢車道),柏油,濕潤,無缺陷,無障礙物,無遮蔽物,良好,無號誌,無號誌,中央分向島,寬式(50公分以上),車道線(附標記),未繪設快慢車道分隔線,有,車與車,追撞,駕駛者,恍神、緊張、心不在焉分心駕駛,死亡1;受傷3,7,人,乘客,女,33,繫安全帶(使用幼童安全椅),非駕駛人,人的狀態,其他,其他,無撞擊,,,無(非車輛駕駛人因素),尚未發現肇事因素,否,121.227504,24.979664,非駕駛人
2025,11,20251112,044100,A1,國道公路警察局,桃園市中壢區國道1號 59公里400.0公尺處北向外側,陰,有照明且開啟,國道,100,單路部分,高架道路,路段,一般車道(未劃分快慢車道),柏油,濕潤,無缺陷,無障礙物,無遮蔽物,良好,無號誌,無號誌,中央分向島,寬式(50公分以上),車道線(附標記),未繪設快慢車道分隔線,有,車與車,追撞,駕駛者,恍神、緊張、心不在焉分心駕駛,死亡1;受傷3,8,人,乘客,女,45,繫安全帶(使用幼童安全椅),非駕駛人,人的狀態,其他,其他,無撞擊,,,無(非車輛駕駛人因素),尚未發現肇事因素,否,121.227504,24.979664,非駕駛人
2025,11,20251112,114100,A1,桃園市政府警察局,桃園市蘆竹區海山路499號前0.0公尺附近,雨,有照明未開啟或故障,市區道路,50,單路部分,直路,路段,一般車道(未劃分快慢車道),柏油,濕潤,無缺陷,無障礙物,無遮蔽物,良好,行車管制號誌(附設行人專用號誌),正常,雙向禁止超車線,無標記,未繪設車道線,未繪設快慢車道分隔線,有,車與車,同向擦撞,駕駛者,未保持行車安全間隔,死亡1;受傷0,1,小貨車,自用,男,77,繫安全帶(使用幼童安全椅),未使用,車的狀態,超車(含超越),汽車,右前車頭(身),,,駕駛者,未保持行車安全間隔,否,121.274475,25.090656,其他(非共享經濟與外送平台)
2025,11,20251112,114100,A1,桃園市政府警察局,桃園市蘆竹區海山路499號前0.0公尺附近,雨,有照明未開啟或故障,市區道路,50,單路部分,直路,路段,一般車道(未劃分快慢車道),柏油,濕潤,無缺陷,無障礙物,無遮蔽物,良好,行車管制號誌(附設行人專用號誌),正常,雙向禁止超車線,無標記,未繪設車道線,未繪設快慢車道分隔線,有,車與車,同向擦撞,駕駛者,未保持行車安全間隔,死亡1;受傷0,2,機車,普通重型,女,79,戴半罩式安全帽,未使用,車的狀態,向前直行中,機車與自行車,左側車身,,,無(車輛駕駛者因素),尚未發現肇事因素,否,121.274475,25.090656,其他(非共享經濟與外送平台)
2025,11,20251115,112100,A1,桃園市政府警察局,桃園市楊梅區中興路口 / 桃園市楊梅區五守街口,晴,有照明未開啟或故障,市區道路,50,交岔路,三岔路,交叉路口,交叉路口內,無鋪裝,乾燥,無缺陷,無障礙物,無遮蔽物,良好,行車管制號誌,正常,無,無分向設施,未繪設車道線,未繪設快慢車道分隔線,無,車與車,側撞,駕駛者,有號誌路口，轉彎車未讓直行車先行,死亡1;受傷1,1,小客車(含客、貨兩用),自用,男,29,繫安全帶(使用幼童安全椅),未使用,車的狀態,左轉彎,汽車,右後車尾(身),,,駕駛者,有號誌路口，轉彎車未讓直行車先行,否,121.188072,24.911943,其他(非共享經濟與外送平台)
2025,11,20251115,112100,A1,桃園市政府警察局,桃園市楊梅區中興路口 / 桃園市楊梅區五守街口,晴,有照明未開啟或故障,市區道路,50,交岔路,三岔路,交叉路口,交叉路口內,無鋪裝,乾燥,無缺陷,無障礙物,無遮蔽物,良好,行車管制號誌,正常,無,無分向設施,未繪設車道線,未繪設快慢車道分隔線,無,車與車,側撞,駕駛者,有號誌路口，轉彎車未讓直行車先行,死亡1;受傷1,2,機車,普通重型,男,29,戴半罩式安全帽,未使用,車的狀態,向前直行中,機車與自行車,後車尾,,,其他,車輛或機械操作不當(慎),否,121.188072,24.911943,其他(非共享經濟與外送平台)
2025,11,20251115,112100,A1,桃園市政府警察局,桃園市楊梅區中興路口 / 桃園市楊梅區五守街口,晴,有照明未開啟或故障,市區道路,50,交岔路,三岔路,交叉路口,交叉路口內,無鋪裝,乾燥,無缺陷,無障礙物,無遮蔽物,良好,行車管制號誌,正常,無,無分向設施,未繪設車道線,未繪設快慢車道分隔線,無,車與車,側撞,駕駛者,有號誌路口，轉彎車未讓直行車先行,死亡1;受傷1,3,人,乘客,女,5,繫安全帶(使用幼童安全椅),非駕駛人,人的狀態,其他,其他,非汽、機及自行車,,,無(非車輛駕駛人因素),尚未發現肇事因素,否,121.188072,24.911943,非駕駛人
2025,11,20251120,061805,A1,桃園市政府警察局,桃園市大園區中正東路三段口 / 桃園市大園區中正東路三段口,晴,有照明未開啟或故障,市區道路,50,交岔路,四岔路,交叉路口,交叉路口內,柏油,乾燥,無缺陷,無障礙物,無遮蔽物,良好,行車管制號誌,正常,無,無分向設施,未繪設車道線,未繪設快慢車道分隔線,無,車與車,側撞,駕駛者,有號誌路口，轉彎車未讓直行車先行,死亡1;受傷0,1,小客車(含客、貨兩用),自用,男,66,不明,不明,車的狀態,左轉彎,汽車,右前車頭(身),,,駕駛者,有號誌路口，轉彎車未讓直行車先行,否,121.228151,25.006750,其他(非共享經濟與外送平台)
2025,11,20251120,061805,A1,桃園市政府警察局,桃園市大園區中正東路三段口 / 桃園市大園區中正東路三段口,晴,有照明未開啟或故障,市區道路,50,交岔路,四岔路,交叉路口,交叉路口內,柏油,乾燥,無缺陷,無障礙物,無遮蔽物,良好,行車管制號誌,正常,無,無分向設施,未繪設車道線,未繪設快慢車道分隔線,無,車與車,側撞,駕駛者,有號誌路口，轉彎車未讓直行車先行,死亡1;受傷0,2,機車,普通重型,男,22,不明,不明,車的狀態,向前直行中,機車與自行車,前車頭,,,駕駛者,恍神、緊張、心不在焉分心駕駛,否,121.228151,25.006750,其他(非共享經濟與外送平台)
2025,11,20251121,175000,A1,桃園市政府警察局,桃園市楊梅區中山南路口 / 桃園市楊梅區中山南路口,晴,有照明且開啟,市區道路,60,交岔路,四岔路,交叉路口,交叉路口內,柏油,乾燥,無缺陷,無障礙物,無遮蔽物,良好,行車管制號誌(附設行人專用號誌),正常,無,無分向設施,未繪設車道線,未繪設快慢車道分隔線,無,車與車,側撞,駕駛者,有號誌路口，轉彎車未讓直行車先行,死亡1;受傷0,1,小客車(含客、貨兩用),自用,男,56,繫安全帶(使用幼童安全椅),未使用,車的狀態,左轉彎,汽車,右前車頭(身),,,駕駛者,有號誌路口，轉彎車未讓直行車先行,否,121.127362,24.903690,其他(非共享經濟與外送平台)
2025,11,20251121,175000,A1,桃園市政府警察局,桃園市楊梅區中山南路口 / 桃園市楊梅區中山南路口,晴,有照明且開啟,市區道路,60,交岔路,四岔路,交叉路口,交叉路口內,柏油,乾燥,無缺陷,無障礙物,無遮蔽物,良好,行車管制號誌(附設行人專用號誌),正常,無,無分向設施,未繪設車道線,未繪設快慢車道分隔線,無,車與車,側撞,駕駛者,有號誌路口，轉彎車未讓直行車先行,死亡1;受傷0,2,機車,普通重型,女,23,戴半罩式安全帽,未使用,車的狀態,向前直行中,機車與自行車,前車頭,,,駕駛者,恍神、緊張、心不在焉分心駕駛,否,121.127362,24.903690,其他(非共享經濟與外送平台)
2025,11,20251121,180606,A1,桃園市政府警察局,桃園市楊梅區楊湖路3段679-1號前0.0公尺南,晴,有照明且開啟,市區道路,50,單路部分,直路,路段,一般車道(未劃分快慢車道),柏油,乾燥,無缺陷,無障礙物,無遮蔽物,良好,無號誌,無號誌,行車分向線,無標記,未繪設車道線,未繪設快慢車道分隔線,有,車與車,追撞,駕駛者,恍神、緊張、心不在焉分心駕駛,死亡1;受傷2,1,機車,普通重型,男,18,戴非半罩式安全帽,未使用,車的狀態,向前直行中,機車與自行車,前車頭,,,駕駛者,恍神、緊張、心不在焉分心駕駛,否,121.081947,24.912359,其他(非共享經濟與外送平台)
2025,11,20251121,180606,A1,桃園市政府警察局,桃園市楊梅區楊湖路3段679-1號前0.0公尺南,晴,有照明且開啟,市區道路,50,單路部分,直路,路段,一般車道(未劃分快慢車道),柏油,乾燥,無缺陷,無障礙物,無遮蔽物,良好,無號誌,無號誌,行車分向線,無標記,未繪設車道線,未繪設快慢車道分隔線,有,車與車,追撞,駕駛者,恍神、緊張、心不在焉分心駕駛,死亡1;受傷2,2,機車,普通重型,女,73,戴半罩式安全帽,未使用,車的狀態,向前直行中,機車與自行車,後車尾,,,無(車輛駕駛者因素),尚未發現肇事因素,否,121.081947,24.912359,其他(非共享經濟與外送平台)
2025,11,20251121,180606,A1,桃園市政府警察局,桃園市楊梅區楊湖路3段679-1號前0.0公尺南,晴,有照明且開啟,市區道路,50,單路部分,直路,路段,一般車道(未劃分快慢車道),柏油,乾燥,無缺陷,無障礙物,無遮蔽物,良好,無號誌,無號誌,行車分向線,無標記,未繪設車道線,未繪設快慢車道分隔線,有,車與車,追撞,駕駛者,恍神、緊張、心不在焉分心駕駛,死亡1;受傷2,3,人,乘客,女,18,戴非半罩式安全帽,非駕駛人,人的狀態,其他,其他,非汽、機及自行車,,,無(非車輛駕駛人因素),尚未發現肇事因素,否,121.081947,24.912359,非駕駛人
2025,11,20251122,094848,A1,桃園市政府警察局,桃園市中壢區龍昌路口 / 桃園市中壢區龍昌路口,晴,有照明未開啟或故障,市區道路,50,交岔路,三岔路,交叉路口,交叉路口內,柏油,乾燥,無缺陷,無障礙物,無遮蔽物,良好,無號誌,無號誌,無,無分向設施,未繪設車道線,未繪設快慢車道分隔線,無,車與車,追撞,駕駛者,恍神、緊張、心不在焉分心駕駛,死亡1;受傷0,1,小客車(含客、貨兩用),自用,女,43,繫安全帶(使用幼童安全椅),未使用,車的狀態,向前直行中,汽車,前車頭,,,駕駛者,恍神、緊張、心不在焉分心駕駛,否,121.248915,24.929732,其他(非共享經濟與外送平台)
2025,11,20251122,094848,A1,桃園市政府警察局,桃園市中壢區龍昌路口 / 桃園市中壢區龍昌路口,晴,有照明未開啟或故障,市區道路,50,交岔路,三岔路,交叉路口,交叉路口內,柏油,乾燥,無缺陷,無障礙物,無遮蔽物,良好,無號誌,無號誌,無,無分向設施,未繪設車道線,未繪設快慢車道分隔線,無,車與車,追撞,駕駛者,恍神、緊張、心不在焉分心駕駛,死亡1;受傷0,2,機車,普通重型,女,79,戴非半罩式安全帽,未使用,車的狀態,向前直行中,機車與自行車,後車尾,,,無(車輛駕駛者因素),尚未發現肇事因素,否,121.248915,24.929732,其他(非共享經濟與外送平台)
2025,11,20251123,122134,A1,桃園市政府警察局,桃園市龜山區萬壽路二段179號前0.0公尺,晴,有照明未開啟或故障,市區道路,50,單路部分,直路,路段,機車優先道,其他鋪裝,乾燥,路面鬆軟,無障礙物,無遮蔽物,良好,無號誌,無號誌,中央分向島,寬式(50公分以上),車道線(無標記),快慢車道分隔線,有,車與車,追撞,駕駛者,未保持行車安全間隔,死亡1;受傷1,1,機車,普通重型,女,65,戴非半罩式安全帽,未使用,車的狀態,向前直行中,機車與自行車,前車頭,,,駕駛者,未保持行車安全間隔,否,121.359082,25.001494,其他(非共享經濟與外送平台)
2025,11,20251123,122134,A1,桃園市政府警察局,桃園市龜山區萬壽路二段179號前0.0公尺,晴,有照明未開啟或故障,市區道路,50,單路部分,直路,路段,機車優先道,其他鋪裝,乾燥,路面鬆軟,無障礙物,無遮蔽物,良好,無號誌,無號誌,中央分向島,寬式(50公分以上),車道線(無標記),快慢車道分隔線,有,車與車,追撞,駕駛者,未保持行車安全間隔,死亡1;受傷1,2,機車,普通重型,女,55,戴非半罩式安全帽,未使用,車的狀態,向前直行中,機車與自行車,後車尾,,,無(車輛駕駛者因素),尚未發現肇事因素,否,121.359082,25.001494,其他(非共享經濟與外送平台)
2025,11,20251123,122134,A1,桃園市政府警察局,桃園市龜山區萬壽路二段179號前0.0公尺,晴,有照明未開啟或故障,市區道路,50,單路部分,直路,路段,機車優先道,其他鋪裝,乾燥,路面鬆軟,無障礙物,無遮蔽物,良好,無號誌,無號誌,中央分向島,寬式(50公分以上),車道線(無標記),快慢車道分隔線,有,車與車,追撞,駕駛者,未保持行車安全間隔,死亡1;受傷1,3,小貨車,自用,男,43,繫安全帶(使用幼童安全椅),未使用,車的狀態,向前直行中,汽車,右側車身,,,無(車輛駕駛者因素),尚未發現肇事因素,否,121.359082,25.001494,其他(非共享經濟與外送平台)
2025,11,20251123,122134,A1,桃園市政府警察局,桃園市龜山區萬壽路二段179號前0.0公尺,晴,有照明未開啟或故障,市區道路,50,單路部分,直路,路段,機車優先道,其他鋪裝,乾燥,路面鬆軟,無障礙物,無遮蔽物,良好,無號誌,無號誌,中央分向島,寬式(50公分以上),車道線(無標記),快慢車道分隔線,有,車與車,追撞,駕駛者,未保持行車安全間隔,死亡1;受傷1,4,小客車(含客、貨兩用),自用,男,52,繫安全帶(使用幼童安全椅),未使用,車的狀態,等待(引擎未熄火),其他,無撞擊,,,其他,違規(臨時)停車,否,121.359082,25.001494,其他(非共享經濟與外送平台)
2025,11,20251126,100028,A1,桃園市政府警察局,桃園市平鎮區中豐路山頂段口 / 桃園市平鎮區坤慶路口,晴,有照明未開啟或故障,市區道路,50,交岔路,三岔路,交叉路口,交叉路口內,柏油,乾燥,無缺陷,無障礙物,無遮蔽物,良好,行車管制號誌(附設行人專用號誌),正常,無,無分向設施,未繪設車道線,未繪設快慢車道分隔線,無,車與車,同向擦撞,駕駛者,其他未依規定讓車,死亡1;受傷2,1,機車,普通重型,男,66,戴半罩式安全帽,未使用,車的狀態,右轉彎,機車與自行車,後車尾,,,駕駛者,其他未依規定讓車,否,121.211663,24.902456,其他(非共享經濟與外送平台)
2025,11,20251126,100028,A1,桃園市政府警察局,桃園市平鎮區中豐路山頂段口 / 桃園市平鎮區坤慶路口,晴,有照明未開啟或故障,市區道路,50,交岔路,三岔路,交叉路口,交叉路口內,柏油,乾燥,無缺陷,無障礙物,無遮蔽物,良好,行車管制號誌(附設行人專用號誌),正常,無,無分向設施,未繪設車道線,未繪設快慢車道分隔線,無,車與車,同向擦撞,駕駛者,其他未依規定讓車,死亡1;受傷2,2,機車,普通重型,男,68,戴半罩式安全帽,未使用,車的狀態,向前直行中,機車與自行車,前車頭,,,駕駛者,恍神、緊張、心不在焉分心駕駛,否,121.211663,24.902456,其他(非共享經濟與外送平台)
2025,11,20251126,100028,A1,桃園市政府警察局,桃園市平鎮區中豐路山頂段口 / 桃園市平鎮區坤慶路口,晴,有照明未開啟或故障,市區道路,50,交岔路,三岔路,交叉路口,交叉路口內,柏油,乾燥,無缺陷,無障礙物,無遮蔽物,良好,行車管制號誌(附設行人專用號誌),正常,無,無分向設施,未繪設車道線,未繪設快慢車道分隔線,無,車與車,同向擦撞,駕駛者,其他未依規定讓車,死亡1;受傷2,3,人,乘客,女,62,戴半罩式安全帽,非駕駛人,人的狀態,其他,其他,非汽、機及自行車,,,無(非車輛駕駛人因素),尚未發現肇事因素,否,121.211663,24.902456,非駕駛人
2025,11,20251126,170515,A1,桃園市政府警察局,桃園市大溪區介壽路口 / 桃園市大溪區僑愛一街口,晴,有照明且開啟,市區道路,50,交岔路,三岔路,交叉路口,交叉路口內,柏油,乾燥,無缺陷,無障礙物,無遮蔽物,良好,行車管制號誌(附設行人專用號誌),正常,無,無分向設施,未繪設車道線,未繪設快慢車道分隔線,無,車與車,側撞,駕駛者,有號誌路口，轉彎車未讓直行車先行,死亡1;受傷0,1,小客車(含客、貨兩用),自用,男,27,不明,不明,車的狀態,左轉彎,汽車,右側車身,,,駕駛者,有號誌路口，轉彎車未讓直行車先行,否,121.294556,24.922121,其他(非共享經濟與外送平台)
2025,11,20251126,170515,A1,桃園市政府警察局,桃園市大溪區介壽路口 / 桃園市大溪區僑愛一街口,晴,有照明且開啟,市區道路,50,交岔路,三岔路,交叉路口,交叉路口內,柏油,乾燥,無缺陷,無障礙物,無遮蔽物,良好,行車管制號誌(附設行人專用號誌),正常,無,無分向設施,未繪設車道線,未繪設快慢車道分隔線,無,車與車,側撞,駕駛者,有號誌路口，轉彎車未讓直行車先行,死亡1;受傷0,2,機車,普通重型,男,49,不明,不明,車的狀態,向前直行中,機車與自行車,前車頭,,,駕駛者,恍神、緊張、心不在焉分心駕駛,否,121.294556,24.922121,其他(非共享經濟與外送平台)
2025,11,20251127,020700,A1,桃園市政府警察局,桃園市中壢區領航南路三段慢車道路燈1212927號旁,晴,有照明且開啟,市區道路,40,單路部分,直路,路段,慢車道,柏油,乾燥,無缺陷,無障礙物,無遮蔽物,良好,無號誌,無號誌,中央分向島,寬式(50公分以上),車道線(無標記),寬式快慢車道分隔島(50公分以上),無,車輛本身,路上翻車、摔倒,駕駛者,恍神、緊張、心不在焉分心駕駛,死亡1;受傷0,1,機車,普通重型,男,20,戴非半罩式安全帽,未使用,車的狀態,向前直行中,機車與自行車,右側車身,,,駕駛者,恍神、緊張、心不在焉分心駕駛,否,121.213181,25.003414,其他(非共享經濟與外送平台)
2025,11,20251127,020700,A1,桃園市政府警察局,桃園市中壢區領航南路三段慢車道路燈1212927號旁,晴,有照明且開啟,市區道路,40,單路部分,直路,路段,慢車道,柏油,乾燥,無缺陷,無障礙物,無遮蔽物,良好,無號誌,無號誌,中央分向島,寬式(50公分以上),車道線(無標記),寬式快慢車道分隔島(50公分以上),無,車輛本身,路上翻車、摔倒,駕駛者,恍神、緊張、心不在焉分心駕駛,死亡1;受傷0,2,,,無或物(動物、堆置物),-1,,,,,,,,,無(非車輛駕駛人因素),尚未發現肇事因素,否,121.213181,25.003414,
2025,11,20251129,093200,A1,桃園市政府警察局,桃園市平鎮區陸橋南路口 / 桃園市平鎮區幼獅路一段口,晴,有照明未開啟或故障,市區道路,50,交岔路,四岔路,交叉路口,交叉路口內,柏油,乾燥,無缺陷,無障礙物,無遮蔽物,良好,行車管制號誌,正常,無,無分向設施,未繪設車道線,未繪設快慢車道分隔線,無,車與車,側撞,駕駛者,恍神、緊張、心不在焉分心駕駛,死亡2;受傷0,1,大貨車,自用,男,28,繫安全帶(使用幼童安全椅),未使用,車的狀態,右轉彎,汽車,右前車頭(身),,,駕駛者,恍神、緊張、心不在焉分心駕駛,否,121.187738,24.923737,其他(非共享經濟與外送平台)
2025,11,20251129,093200,A1,桃園市政府警察局,桃園市平鎮區陸橋南路口 / 桃園市平鎮區幼獅路一段口,晴,有照明未開啟或故障,市區道路,50,交岔路,四岔路,交叉路口,交叉路口內,柏油,乾燥,無缺陷,無障礙物,無遮蔽物,良好,行車管制號誌,正常,無,無分向設施,未繪設車道線,未繪設快慢車道分隔線,無,車與車,側撞,駕駛者,恍神、緊張、心不在焉分心駕駛,死亡2;受傷0,2,機車,普通重型,女,49,戴半罩式安全帽,未使用,車的狀態,向前直行中,機車與自行車,左側車身,,,其他,其他不當駕車行為,否,121.187738,24.923737,其他(非共享經濟與外送平台)
2025,11,20251129,093200,A1,桃園市政府警察局,桃園市平鎮區陸橋南路口 / 桃園市平鎮區幼獅路一段口,晴,有照明未開啟或故障,市區道路,50,交岔路,四岔路,交叉路口,交叉路口內,柏油,乾燥,無缺陷,無障礙物,無遮蔽物,良好,行車管制號誌,正常,無,無分向設施,未繪設車道線,未繪設快慢車道分隔線,無,車與車,側撞,駕駛者,恍神、緊張、心不在焉分心駕駛,死亡2;受傷0,3,人,乘客,男,77,戴半罩式安全帽,非駕駛人,人的狀態,其他,其他,非汽、機及自行車,,,無(非車輛駕駛人因素),尚未發現肇事因素,否,121.187738,24.923737,非駕駛人
2025,12,20251203,112700,A1,國道公路警察局,桃園市龍潭區國道3號 65公里400.0公尺處南向中線,雨,無照明,國道,110,單路部分,直路,路段,快車道,柏油,濕潤,無缺陷,無障礙物,無遮蔽物,良好,無號誌,無號誌,中央分向島,寬式(50公分以上),車道線(附標記),未繪設快慢車道分隔線,有,車與車,同向擦撞,其他,車輛或機械操作不當(慎),死亡1;受傷1,1,小客車(含客、貨兩用),自用,男,46,不明,不明,車的狀態,其他,汽車,右前車頭(身),汽車,右側車身,其他,車輛或機械操作不當(慎),否,121.249943,24.878479,其他(非共享經濟與外送平台)
2025,12,20251203,112700,A1,國道公路警察局,桃園市龍潭區國道3號 65公里400.0公尺處南向中線,雨,無照明,國道,110,單路部分,直路,路段,快車道,柏油,濕潤,無缺陷,無障礙物,無遮蔽物,良好,無號誌,無號誌,中央分向島,寬式(50公分以上),車道線(附標記),未繪設快慢車道分隔線,有,車與車,同向擦撞,其他,車輛或機械操作不當(慎),死亡1;受傷1,2,半聯結車,營業用,男,66,繫安全帶(使用幼童安全椅),未使用,車的狀態,向前直行中,汽車,左前車頭(身),,,無(車輛駕駛者因素),尚未發現肇事因素,否,121.249943,24.878479,其他(非共享經濟與外送平台)
2025,12,20251203,112700,A1,國道公路警察局,桃園市龍潭區國道3號 65公里400.0公尺處南向中線,雨,無照明,國道,110,單路部分,直路,路段,快車道,柏油,濕潤,無缺陷,無障礙物,無遮蔽物,良好,無號誌,無號誌,中央分向島,寬式(50公分以上),車道線(附標記),未繪設快慢車道分隔線,有,車與車,同向擦撞,其他,車輛或機械操作不當(慎),死亡1;受傷1,3,,,無或物(動物、堆置物),-1,,,,,,,,,無(非車輛駕駛人因素),尚未發現肇事因素,否,121.249943,24.878479,
2025,12,20251203,112700,A1,國道公路警察局,桃園市龍潭區國道3號 65公里400.0公尺處南向中線,雨,無照明,國道,110,單路部分,直路,路段,快車道,柏油,濕潤,無缺陷,無障礙物,無遮蔽物,良好,無號誌,無號誌,中央分向島,寬式(50公分以上),車道線(附標記),未繪設快慢車道分隔線,有,車與車,同向擦撞,其他,車輛或機械操作不當(慎),死亡1;受傷1,4,人,乘客,男,62,繫安全帶(使用幼童安全椅),非駕駛人,人的狀態,其他,其他,非汽、機及自行車,,,無(非車輛駕駛人因素),尚未發現肇事因素,否,121.249943,24.878479,非駕駛人
2025,12,20251209,105400,A1,桃園市政府警察局,桃園市龜山區興富路口 / 桃園市龜山區興達路口,陰,有照明未開啟或故障,市區道路,30,交岔路,四岔路,交叉路口,交叉路口內,柏油,濕潤,無缺陷,無障礙物,無遮蔽物,良好,閃光號誌,正常,無,無分向設施,未繪設車道線,未繪設快慢車道分隔線,無,人與車,其他,駕駛者,倒車未依規定,死亡1;受傷0,1,曳引車,營業用,男,30,繫安全帶(使用幼童安全椅),未使用,車的狀態,倒車,汽車,右前車頭(身),,,駕駛者,倒車未依規定,否,121.332702,24.991171,其他(非共享經濟與外送平台)
2025,12,20251209,105400,A1,桃園市政府警察局,桃園市龜山區興富路口 / 桃園市龜山區興達路口,陰,有照明未開啟或故障,市區道路,30,交岔路,四岔路,交叉路口,交叉路口內,柏油,濕潤,無缺陷,無障礙物,無遮蔽物,良好,閃光號誌,正常,無,無分向設施,未繪設車道線,未繪設快慢車道分隔線,無,人與車,其他,駕駛者,倒車未依規定,死亡1;受傷0,2,人,其他人,男,67,其他(無需使用保護裝備之人),非駕駛人,人的狀態,靜立(止),其他,非汽、機及自行車,,,無(非車輛駕駛人因素),尚未發現肇事因素,否,121.332702,24.991171,非駕駛人
2025,12,20251209,163110,A1,桃園市政府警察局,桃園市平鎮區金陵路四段477號前0.0公尺附近,晴,有照明未開啟或故障,市區道路,50,交岔路,三岔路,交叉路口,交叉路口內,柏油,乾燥,無缺陷,無障礙物,無遮蔽物,良好,無號誌,無號誌,無,無分向設施,未繪設車道線,未繪設快慢車道分隔線,無,車與車,側撞,駕駛者,無號誌路口，支線道未讓幹線道先行,死亡1;受傷0,1,小客車(含客、貨兩用),自用,女,44,繫安全帶(使用幼童安全椅),未使用,車的狀態,左轉彎,汽車,左前車頭(身),,,駕駛者,無號誌路口，支線道未讓幹線道先行,否,121.231156,24.912685,其他(非共享經濟與外送平台)
2025,12,20251209,163110,A1,桃園市政府警察局,桃園市平鎮區金陵路四段477號前0.0公尺附近,晴,有照明未開啟或故障,市區道路,50,交岔路,三岔路,交叉路口,交叉路口內,柏油,乾燥,無缺陷,無障礙物,無遮蔽物,良好,無號誌,無號誌,無,無分向設施,未繪設車道線,未繪設快慢車道分隔線,無,車與車,側撞,駕駛者,無號誌路口，支線道未讓幹線道先行,死亡1;受傷0,2,機車,普通重型,女,55,戴半罩式安全帽,未使用,車的狀態,向前直行中,機車與自行車,前車頭,,,駕駛者,違反其他標誌(線)禁制,否,121.231156,24.912685,其他(非共享經濟與外送平台)
2025,12,20251209,232500,A1,桃園市政府警察局,桃園市龜山區文桃路口 / 桃園市龜山區南林路口,晴,有照明且開啟,市區道路,50,交岔路,四岔路,交叉路口,交叉路口內,柏油,乾燥,無缺陷,無障礙物,無遮蔽物,良好,行車管制號誌(附設行人專用號誌),正常,無,無分向設施,未繪設車道線,未繪設快慢車道分隔線,無,車與車,側撞,駕駛者,闖紅燈直行,死亡1;受傷0,1,小客車(含客、貨兩用),自用,男,23,繫安全帶(使用幼童安全椅),未使用,車的狀態,向前直行中,汽車,前車頭,,,駕駛者,闖紅燈直行,否,121.396798,25.045101,其他(非共享經濟與外送平台)
2025,12,20251209,232500,A1,桃園市政府警察局,桃園市龜山區文桃路口 / 桃園市龜山區南林路口,晴,有照明且開啟,市區道路,50,交岔路,四岔路,交叉路口,交叉路口內,柏油,乾燥,無缺陷,無障礙物,無遮蔽物,良好,行車管制號誌(附設行人專用號誌),正常,無,無分向設施,未繪設車道線,未繪設快慢車道分隔線,無,車與車,側撞,駕駛者,闖紅燈直行,死亡1;受傷0,2,機車,普通重型,男,43,戴半罩式安全帽,未使用,車的狀態,左轉彎,機車與自行車,右側車身,,,駕駛者,違反二段式左(右)轉標誌(線),否,121.396798,25.045101,其他(非共享經濟與外送平台)
2025,12,20251211,074700,A1,桃園市政府警察局,桃園市龜山區忠義路2段330號前0.0公尺,晴,無照明,村里道路,50,單路部分,直路,路段,一般車道(未劃分快慢車道),柏油,乾燥,無缺陷,無障礙物,無遮蔽物,良好,無號誌,無號誌,中央分向島,寬式(50公分以上),車道線(無標記),未繪設快慢車道分隔線,有,車與車,同向擦撞,其他,其他不當駕車行為,死亡1;受傷0,1,機車,普通重型,女,52,戴非半罩式安全帽,未使用,車的狀態,向前直行中,機車與自行車,左側車身,,,其他,其他不當駕車行為,否,121.359021,25.047322,其他(非共享經濟與外送平台)
2025,12,20251211,074700,A1,桃園市政府警察局,桃園市龜山區忠義路2段330號前0.0公尺,晴,無照明,村里道路,50,單路部分,直路,路段,一般車道(未劃分快慢車道),柏油,乾燥,無缺陷,無障礙物,無遮蔽物,良好,無號誌,無號誌,中央分向島,寬式(50公分以上),車道線(無標記),未繪設快慢車道分隔線,有,車與車,同向擦撞,其他,其他不當駕車行為,死亡1;受傷0,2,曳引車,營業用,男,59,繫安全帶(使用幼童安全椅),未使用,車的狀態,向前直行中,汽車,右側車身,,,無(車輛駕駛者因素),尚未發現肇事因素,否,121.359021,25.047322,其他(非共享經濟與外送平台)
2025,12,20251212,055124,A1,桃園市政府警察局,桃園市中壢區榮安一街口 / 桃園市中壢區環中東路口,晴,有照明且開啟,市區道路,50,交岔路,四岔路,其他,行人穿越道,柏油,乾燥,無缺陷,無障礙物,無遮蔽物,良好,行車管制號誌,正常,無,無分向設施,未繪設車道線,未繪設快慢車道分隔線,無,人與車,穿越道路中,駕駛者,車輛未依規定暫停讓行人先行,死亡1;受傷0,1,小客車(含客、貨兩用),自用,男,62,不明,不明,車的狀態,向前直行中,汽車,前車頭,,,駕駛者,車輛未依規定暫停讓行人先行,是,121.257375,24.963694,其他(非共享經濟與外送平台)
2025,12,20251212,055124,A1,桃園市政府警察局,桃園市中壢區榮安一街口 / 桃園市中壢區環中東路口,晴,有照明且開啟,市區道路,50,交岔路,四岔路,其他,行人穿越道,柏油,乾燥,無缺陷,無障礙物,無遮蔽物,良好,行車管制號誌,正常,無,無分向設施,未繪設車道線,未繪設快慢車道分隔線,無,人與車,穿越道路中,駕駛者,車輛未依規定暫停讓行人先行,死亡1;受傷0,2,人,行人,女,81,其他(無需使用保護裝備之人),非駕駛人,人的狀態,步行,其他,非汽、機及自行車,,,非駕駛者,未依號誌或手勢指揮(示)穿越道路,否,121.257375,24.963694,非駕駛人
2025,12,20251216,172300,A1,桃園市政府警察局,桃園市楊梅區楊新路一段口 / 桃園市楊梅區新梅一街口,晴,有照明未開啟或故障,市區道路,50,交岔路,三岔路,交叉路口,交叉口附近,柏油,乾燥,無缺陷,無障礙物,無遮蔽物,良好,無號誌,無號誌,雙向禁止超車線,無標記,未繪設車道線,未繪設快慢車道分隔線,無,車與車,追撞,駕駛者,違反其他標誌(線)禁制,死亡1;受傷0,1,機車,普通重型,女,66,戴半罩式安全帽,不明,車的狀態,左轉彎,機車與自行車,後車尾,,,駕駛者,違反其他標誌(線)禁制,否,121.141767,24.915603,其他(非共享經濟與外送平台)
2025,12,20251216,172300,A1,桃園市政府警察局,桃園市楊梅區楊新路一段口 / 桃園市楊梅區新梅一街口,晴,有照明未開啟或故障,市區道路,50,交岔路,三岔路,交叉路口,交叉口附近,柏油,乾燥,無缺陷,無障礙物,無遮蔽物,良好,無號誌,無號誌,雙向禁止超車線,無標記,未繪設車道線,未繪設快慢車道分隔線,無,車與車,追撞,駕駛者,違反其他標誌(線)禁制,死亡1;受傷0,2,曳引車,營業用,男,65,繫安全帶(使用幼童安全椅),未使用,車的狀態,向前直行中,汽車,前車頭,,,駕駛者,恍神、緊張、心不在焉分心駕駛,否,121.141767,24.915603,其他(非共享經濟與外送平台)
2025,12,20251216,234900,A1,桃園市政府警察局,桃園市大園區拔子林一路口 / 桃園市大園區拔子林五路口,陰,有照明且開啟,其他,50,交岔路,四岔路,交叉路口,交叉路口內,柏油,乾燥,無缺陷,無障礙物,無遮蔽物,良好,無號誌,無號誌,無,無分向設施,未繪設車道線,未繪設快慢車道分隔線,無,車與車,路口交岔撞,駕駛者,無號誌路口，支線道未讓幹線道先行,死亡1;受傷0,1,小客車(含客、貨兩用),自用,男,29,繫安全帶(使用幼童安全椅),未使用,車的狀態,向前直行中,汽車,右側車身,汽車,左側車身,駕駛者,無號誌路口，支線道未讓幹線道先行,否,121.261612,25.080435,其他(非共享經濟與外送平台)
2025,12,20251216,234900,A1,桃園市政府警察局,桃園市大園區拔子林一路口 / 桃園市大園區拔子林五路口,陰,有照明且開啟,其他,50,交岔路,四岔路,交叉路口,交叉路口內,柏油,乾燥,無缺陷,無障礙物,無遮蔽物,良好,無號誌,無號誌,無,無分向設施,未繪設車道線,未繪設快慢車道分隔線,無,車與車,路口交岔撞,駕駛者,無號誌路口，支線道未讓幹線道先行,死亡1;受傷0,2,小客車(含客、貨兩用),計程車,男,53,繫安全帶(使用幼童安全椅),未使用,車的狀態,向前直行中,汽車,前車頭,,,駕駛者,未依規定減速,否,121.261612,25.080435,其他(非共享經濟與外送平台)
2025,12,20251216,234900,A1,桃園市政府警察局,桃園市大園區拔子林一路口 / 桃園市大園區拔子林五路口,陰,有照明且開啟,其他,50,交岔路,四岔路,交叉路口,交叉路口內,柏油,乾燥,無缺陷,無障礙物,無遮蔽物,良好,無號誌,無號誌,無,無分向設施,未繪設車道線,未繪設快慢車道分隔線,無,車與車,路口交岔撞,駕駛者,無號誌路口，支線道未讓幹線道先行,死亡1;受傷0,3,機車,普通重型,男,52,戴半罩式安全帽,不明,車的狀態,向前直行中,機車與自行車,前車頭,,,無(車輛駕駛者因素),尚未發現肇事因素,否,121.261612,25.080435,外送平台服務
2025,12,20251218,000500,A1,桃園市政府警察局,桃園市大園區台61高架南下30.1K,陰,有照明且開啟,市區道路,90,單路部分,直路,路段,一般車道(未劃分快慢車道),柏油,乾燥,無缺陷,無障礙物,無遮蔽物,良好,無號誌,無號誌,中央分向島,寬式(50公分以上),車道線(無標記),未繪設快慢車道分隔線,有,車與車,追撞,駕駛者,恍神、緊張、心不在焉分心駕駛,死亡1;受傷0,1,小貨車,自用,男,27,不明,不明,車的狀態,向前直行中,汽車,前車頭,,,駕駛者,恍神、緊張、心不在焉分心駕駛,否,121.161029,25.077118,其他(非共享經濟與外送平台)
2025,12,20251218,000500,A1,桃園市政府警察局,桃園市大園區台61高架南下30.1K,陰,有照明且開啟,市區道路,90,單路部分,直路,路段,一般車道(未劃分快慢車道),柏油,乾燥,無缺陷,無障礙物,無遮蔽物,良好,無號誌,無號誌,中央分向島,寬式(50公分以上),車道線(無標記),未繪設快慢車道分隔線,有,車與車,追撞,駕駛者,恍神、緊張、心不在焉分心駕駛,死亡1;受傷0,2,曳引車,營業用,男,27,不明,未使用,車的狀態,等待(引擎未熄火),汽車,左後車尾(身),,,其他,車輛拋錨未採安全措施,否,121.161029,25.077118,其他(非共享經濟與外送平台)
2025,12,20251220,022400,A1,桃園市政府警察局,桃園市中壢區環中東路口 / 桃園市中壢區普忠路口,晴,無照明,市區道路,50,交岔路,四岔路,交叉路口,交叉路口內,柏油,乾燥,無缺陷,無障礙物,無遮蔽物,良好,行車管制號誌(附設行人專用號誌),正常,無,無分向設施,未繪設車道線,未繪設快慢車道分隔線,無,車與車,側撞,駕駛者,有號誌路口，轉彎車未讓直行車先行,死亡1;受傷0,1,小客車(含客、貨兩用),自用,男,28,不明,不明,車的狀態,左轉彎,汽車,右側車身,,,駕駛者,有號誌路口，轉彎車未讓直行車先行,否,121.249077,24.957788,其他(非共享經濟與外送平台)
2025,12,20251220,022400,A1,桃園市政府警察局,桃園市中壢區環中東路口 / 桃園市中壢區普忠路口,晴,無照明,市區道路,50,交岔路,四岔路,交叉路口,交叉路口內,柏油,乾燥,無缺陷,無障礙物,無遮蔽物,良好,行車管制號誌(附設行人專用號誌),正常,無,無分向設施,未繪設車道線,未繪設快慢車道分隔線,無,車與車,側撞,駕駛者,有號誌路口，轉彎車未讓直行車先行,死亡1;受傷0,2,機車,普通重型,女,25,不明,不明,車的狀態,向前直行中,機車與自行車,前車頭,,,無(車輛駕駛者因素),尚未發現肇事因素,否,121.249077,24.957788,其他(非共享經濟與外送平台)
2026,1,20260101,064155,A1,桃園市政府警察局,桃園市中壢區新生路四段口 / 桃園市中壢區致遠一路口,雨,有照明且開啟,市區道路,50,交岔路,四岔路,其他,行人穿越道,柏油,濕潤,無缺陷,無障礙物,無遮蔽物,良好,行車管制號誌(附設行人專用號誌),正常,無,無分向設施,未繪設車道線,未繪設快慢車道分隔線,無,人與車,穿越道路中,非駕駛者,未依號誌或手勢指揮(示)穿越道路,死亡1;受傷1,1,人,行人,女,74,其他(無需使用保護裝備之人),非駕駛人,人的狀態,步行,其他,非汽、機及自行車,,,非駕駛者,未依號誌或手勢指揮(示)穿越道路,否,121.213602,25.006438
2026,1,20260101,064155,A1,桃園市政府警察局,桃園市中壢區新生路四段口 / 桃園市中壢區致遠一路口,雨,有照明且開啟,市區道路,50,交岔路,四岔路,其他,行人穿越道,柏油,濕潤,無缺陷,無障礙物,無遮蔽物,良好,行車管制號誌(附設行人專用號誌),正常,無,無分向設施,未繪設車道線,未繪設快慢車道分隔線,無,人與車,穿越道路中,非駕駛者,未依號誌或手勢指揮(示)穿越道路,死亡1;受傷1,2,機車,普通重型,男,70,戴非半罩式安全帽,未使用,車的狀態,向前直行中,機車與自行車,前車頭,機車與自行車,左側車身,駕駛者,車輛未依規定暫停讓行人先行,否,121.213602,25.006438
2026,1,20260104,113800,A1,桃園市政府警察局,桃園市龍潭區中原路二段362號前0.0公尺,晴,有照明且開啟,其他,40,單路部分,直路,路段,一般車道(未劃分快慢車道),柏油,乾燥,無缺陷,無障礙物,無遮蔽物,良好,無號誌,無號誌,雙向禁止超車線,無標記,未繪設車道線,未繪設快慢車道分隔線,有,人與車,其他,裝載,其他裝載不當,死亡1;受傷0,1,小貨車,自用,男,70,不明,不明,車的狀態,向前直行中,其他,不明,,,裝載,其他裝載不當,否,121.195039,24.838098
2026,1,20260104,113800,A1,桃園市政府警察局,桃園市龍潭區中原路二段362號前0.0公尺,晴,有照明且開啟,其他,40,單路部分,直路,路段,一般車道(未劃分快慢車道),柏油,乾燥,無缺陷,無障礙物,無遮蔽物,良好,無號誌,無號誌,雙向禁止超車線,無標記,未繪設車道線,未繪設快慢車道分隔線,有,人與車,其他,裝載,其他裝載不當,死亡1;受傷0,2,人,乘客,男,60,不明,非駕駛人,人的狀態,上、下車,其他,非汽、機及自行車,,,非駕駛者,其他引起事故之疏失或行為,否,121.195039,24.838098
2026,1,20260105,054429,A1,桃園市政府警察局,桃園市桃園區中山路口 / 桃園市桃園區中山北路口,陰,有照明且開啟,市區道路,50,交岔路,四岔路,其他,行人穿越道附近,柏油,乾燥,無缺陷,無障礙物,無遮蔽物,良好,行車管制號誌,正常,無,無分向設施,未繪設車道線,未繪設快慢車道分隔線,無,人與車,穿越道路中,非駕駛者,未依號誌或手勢指揮(示)穿越道路,死亡1;受傷0,1,人,行人,女,54,其他(無需使用保護裝備之人),非駕駛人,人的狀態,步行,其他,非汽、機及自行車,,,非駕駛者,未依號誌或手勢指揮(示)穿越道路,否,121.303463,24.992002
2026,1,20260105,054429,A1,桃園市政府警察局,桃園市桃園區中山路口 / 桃園市桃園區中山北路口,陰,有照明且開啟,市區道路,50,交岔路,四岔路,其他,行人穿越道附近,柏油,乾燥,無缺陷,無障礙物,無遮蔽物,良好,行車管制號誌,正常,無,無分向設施,未繪設車道線,未繪設快慢車道分隔線,無,人與車,穿越道路中,非駕駛者,未依號誌或手勢指揮(示)穿越道路,死亡1;受傷0,2,小客車(含客、貨兩用),自用,男,66,繫安全帶(使用幼童安全椅),未使用,車的狀態,向前直行中,汽車,前車頭,,,駕駛者,恍神、緊張、心不在焉分心駕駛,否,121.303463,24.992002
2026,1,20260105,084657,A1,桃園市政府警察局,桃園市觀音區台66線口 / 桃園市觀音區保興路二段口,陰,有照明未開啟或故障,省道,80,交岔路,四岔路,交叉路口,交叉路口內,柏油,乾燥,無缺陷,無障礙物,無遮蔽物,良好,行車管制號誌,正常,中央分向島,寬式(50公分以上),車道線(無標記),快慢車道分隔線,有,車與車,追撞,駕駛者,閃避不當(慎),死亡1;受傷0,1,小貨車,自用,男,30,未戴安全帽或未繫安全帶(未使用幼童安全椅),未使用,車的狀態,向前直行中,汽車,前車頭,汽車,右側車身,駕駛者,閃避不當(慎),否,121.074542,25.017893
2026,1,20260105,084657,A1,桃園市政府警察局,桃園市觀音區台66線口 / 桃園市觀音區保興路二段口,陰,有照明未開啟或故障,省道,80,交岔路,四岔路,交叉路口,交叉路口內,柏油,乾燥,無缺陷,無障礙物,無遮蔽物,良好,行車管制號誌,正常,中央分向島,寬式(50公分以上),車道線(無標記),快慢車道分隔線,有,車與車,追撞,駕駛者,閃避不當(慎),死亡1;受傷0,2,小客車(含客、貨兩用),自用,男,50,繫安全帶(使用幼童安全椅),未使用,車的狀態,等待(引擎未熄火),汽車,右後車尾(身),,,無(車輛駕駛者因素),尚未發現肇事因素,否,121.074542,25.017893
2026,1,20260105,084657,A1,桃園市政府警察局,桃園市觀音區台66線口 / 桃園市觀音區保興路二段口,陰,有照明未開啟或故障,省道,80,交岔路,四岔路,交叉路口,交叉路口內,柏油,乾燥,無缺陷,無障礙物,無遮蔽物,良好,行車管制號誌,正常,中央分向島,寬式(50公分以上),車道線(無標記),快慢車道分隔線,有,車與車,追撞,駕駛者,閃避不當(慎),死亡1;受傷0,3,,,無或物(動物、堆置物),-1,,,,,,,,,無(非車輛駕駛人因素),尚未發現肇事因素,否,121.074542,25.017893
2026,1,20260107,050700,A1,國道公路警察局,桃園市楊梅區國道1號 70公里700.0公尺處南,陰,有照明且開啟,國道,40,單路部分,直路,路段,交通島(含槽化線),柏油,乾燥,無缺陷,無障礙物,無遮蔽物,良好,無號誌,無號誌,中央分向島,寬式(50公分以上),車道線(附標記),未繪設快慢車道分隔線,有,車輛本身,撞交通島,駕駛者,超速駕駛,死亡1;受傷0,1,小客車(含客、貨兩用),自用,男,30,不明,不明,車的狀態,向前直行中,汽車,前車頭,,,駕駛者,超速駕駛,否,121.153059,24.900977
2026,1,20260107,050700,A1,國道公路警察局,桃園市楊梅區國道1號 70公里700.0公尺處南,陰,有照明且開啟,國道,40,單路部分,直路,路段,交通島(含槽化線),柏油,乾燥,無缺陷,無障礙物,無遮蔽物,良好,無號誌,無號誌,中央分向島,寬式(50公分以上),車道線(附標記),未繪設快慢車道分隔線,有,車輛本身,撞交通島,駕駛者,超速駕駛,死亡1;受傷0,2,,,無或物(動物、堆置物),-1,,,,,,,,,無(非車輛駕駛人因素),尚未發現肇事因素,否,121.153059,24.900977
2026,1,20260110,115900,A1,桃園市政府警察局,桃園市楊梅區中山路口 / 桃園市楊梅區新成路口,晴,有照明且開啟,市區道路,50,交岔路,三岔路,交叉路口,交叉路口內,柏油,乾燥,無缺陷,無障礙物,無遮蔽物,良好,行車管制號誌,正常,無,無分向設施,未繪設車道線,未繪設快慢車道分隔線,無,車與車,側撞,駕駛者,有號誌路口，轉彎車未讓直行車先行,死亡1;受傷0,1,小客車(含客、貨兩用),自用,男,64,繫安全帶(使用幼童安全椅),未使用,車的狀態,左轉彎,汽車,後車尾,,,駕駛者,有號誌路口，轉彎車未讓直行車先行,否,121.147423,24.907326
2026,1,20260110,115900,A1,桃園市政府警察局,桃園市楊梅區中山路口 / 桃園市楊梅區新成路口,晴,有照明且開啟,市區道路,50,交岔路,三岔路,交叉路口,交叉路口內,柏油,乾燥,無缺陷,無障礙物,無遮蔽物,良好,行車管制號誌,正常,無,無分向設施,未繪設車道線,未繪設快慢車道分隔線,無,車與車,側撞,駕駛者,有號誌路口，轉彎車未讓直行車先行,死亡1;受傷0,2,機車,普通重型,男,51,戴半罩式安全帽,未使用,車的狀態,向前直行中,機車與自行車,前車頭,,,其他,其他不當駕車行為,否,121.147423,24.907326
2026,1,20260116,104500,A1,桃園市政府警察局,桃園市八德區崁頂路附近 / 桃園市八德區崁頂路附近,陰,有照明未開啟或故障,市區道路,50,單路部分,直路,路段,一般車道(未劃分快慢車道),柏油,濕潤,無缺陷,其他障礙物,無遮蔽物,良好,無號誌,無號誌,雙向禁止超車線,無標記,車道線(無標記),未繪設快慢車道分隔線,無,車與車,追撞,駕駛者,酒醉(後)駕駛,死亡1;受傷0,1,機車,普通重型,男,65,戴非半罩式安全帽,未使用,車的狀態,向前直行中,機車與自行車,前車頭,,,駕駛者,酒醉(後)駕駛,否,121.266425,24.954027
2026,1,20260116,104500,A1,桃園市政府警察局,桃園市八德區崁頂路附近 / 桃園市八德區崁頂路附近,陰,有照明未開啟或故障,市區道路,50,單路部分,直路,路段,一般車道(未劃分快慢車道),柏油,濕潤,無缺陷,其他障礙物,無遮蔽物,良好,無號誌,無號誌,雙向禁止超車線,無標記,車道線(無標記),未繪設快慢車道分隔線,無,車與車,追撞,駕駛者,酒醉(後)駕駛,死亡1;受傷0,2,曳引車,營業用,男,31,繫安全帶(使用幼童安全椅),未使用,車的狀態,靜止(引擎熄火),汽車,後車尾,,,其他,違規(臨時)停車,否,121.266425,24.954027
2026,1,20260116,104500,A1,桃園市政府警察局,桃園市八德區崁頂路附近 / 桃園市八德區崁頂路附近,陰,有照明未開啟或故障,市區道路,50,單路部分,直路,路段,一般車道(未劃分快慢車道),柏油,濕潤,無缺陷,其他障礙物,無遮蔽物,良好,無號誌,無號誌,雙向禁止超車線,無標記,車道線(無標記),未繪設快慢車道分隔線,無,車與車,追撞,駕駛者,酒醉(後)駕駛,死亡1;受傷0,3,小客車(含客、貨兩用),自用,女,55,不明,不明,車的狀態,靜止(引擎熄火),其他,無撞擊,,,其他,違規(臨時)停車,否,121.266425,24.954027
2026,1,20260118,105000,A1,桃園市政府警察局,桃園市新屋區中興路口 / 桃園市新屋區興福路口,晴,有照明且開啟,市區道路,50,交岔路,三岔路,交叉路口,交叉路口內,柏油,乾燥,無缺陷,無障礙物,無遮蔽物,良好,行車管制號誌,正常,無,無分向設施,未繪設車道線,未繪設快慢車道分隔線,無,車與車,側撞,駕駛者,違反禁止超車標誌(線),死亡1;受傷0,1,機車,普通重型,男,22,戴半罩式安全帽,未使用,車的狀態,向前直行中,機車與自行車,左側車身,,,駕駛者,違反禁止超車標誌(線),否,121.089805,24.957406
2026,1,20260118,105000,A1,桃園市政府警察局,桃園市新屋區中興路口 / 桃園市新屋區興福路口,晴,有照明且開啟,市區道路,50,交岔路,三岔路,交叉路口,交叉路口內,柏油,乾燥,無缺陷,無障礙物,無遮蔽物,良好,行車管制號誌,正常,無,無分向設施,未繪設車道線,未繪設快慢車道分隔線,無,車與車,側撞,駕駛者,違反禁止超車標誌(線),死亡1;受傷0,2,小客車(含客、貨兩用),自用,男,19,繫安全帶(使用幼童安全椅),未使用,車的狀態,右轉彎,汽車,右前車頭(身),,,駕駛者,右轉彎未依規定,否,121.089805,24.957406
2026,1,20260121,224900,A1,桃園市政府警察局,桃園市桃園區大興西路三段168號前0.0公尺,雨,有照明且開啟,市區道路,50,單路部分,直路,路段,一般車道(未劃分快慢車道),柏油,濕潤,無缺陷,道路工事(程)中,無遮蔽物,良好,無號誌,無號誌,中央分向島,寬式(50公分以上),車道線(無標記),未繪設快慢車道分隔線,有,車輛本身,撞工程施工,駕駛者,酒醉(後)駕駛,死亡1;受傷0,1,機車,普通重型,男,33,戴半罩式安全帽,未使用,車的狀態,向前直行中,機車與自行車,前車頭,,,駕駛者,酒醉(後)駕駛,否,121.289408,25.004660
2026,1,20260121,224900,A1,桃園市政府警察局,桃園市桃園區大興西路三段168號前0.0公尺,雨,有照明且開啟,市區道路,50,單路部分,直路,路段,一般車道(未劃分快慢車道),柏油,濕潤,無缺陷,道路工事(程)中,無遮蔽物,良好,無號誌,無號誌,中央分向島,寬式(50公分以上),車道線(無標記),未繪設快慢車道分隔線,有,車輛本身,撞工程施工,駕駛者,酒醉(後)駕駛,死亡1;受傷0,2,,,無或物(動物、堆置物),-1,,,,,,,,,無(非車輛駕駛人因素),尚未發現肇事因素,否,121.289408,25.004660
2026,1,20260123,180300,A1,桃園市政府警察局,桃園市龜山區中興路169號前0.0公尺,晴,有照明且開啟,市區道路,30,單路部分,直路,路段,一般車道(未劃分快慢車道),柏油,乾燥,無缺陷,無障礙物,無遮蔽物,良好,行車管制號誌,正常,行車分向線,無標記,車道線(無標記),未繪設快慢車道分隔線,有,車與車,追撞,駕駛者,患病或服用藥物(疲勞)駕駛,死亡1;受傷7,1,大貨車,自用,男,51,繫安全帶(使用幼童安全椅),未使用,車的狀態,向前直行中,汽車,前車頭,,,駕駛者,患病或服用藥物(疲勞)駕駛,否,121.332516,24.989560
2026,1,20260123,180300,A1,桃園市政府警察局,桃園市龜山區中興路169號前0.0公尺,晴,有照明且開啟,市區道路,30,單路部分,直路,路段,一般車道(未劃分快慢車道),柏油,乾燥,無缺陷,無障礙物,無遮蔽物,良好,行車管制號誌,正常,行車分向線,無標記,車道線(無標記),未繪設快慢車道分隔線,有,車與車,追撞,駕駛者,患病或服用藥物(疲勞)駕駛,死亡1;受傷7,2,大貨車,自用,男,31,繫安全帶(使用幼童安全椅),未使用,車的狀態,等待(引擎未熄火),汽車,後車尾,,,無(車輛駕駛者因素),尚未發現肇事因素,否,121.332516,24.989560
2026,1,20260123,180300,A1,桃園市政府警察局,桃園市龜山區中興路169號前0.0公尺,晴,有照明且開啟,市區道路,30,單路部分,直路,路段,一般車道(未劃分快慢車道),柏油,乾燥,無缺陷,無障礙物,無遮蔽物,良好,行車管制號誌,正常,行車分向線,無標記,車道線(無標記),未繪設快慢車道分隔線,有,車與車,追撞,駕駛者,患病或服用藥物(疲勞)駕駛,死亡1;受傷7,3,人,其他人,女,77,其他(無需使用保護裝備之人),非駕駛人,人的狀態,其他,其他,非汽、機及自行車,,,無(非車輛駕駛人因素),尚未發現肇事因素,否,121.332516,24.989560
2026,1,20260123,180300,A1,桃園市政府警察局,桃園市龜山區中興路169號前0.0公尺,晴,有照明且開啟,市區道路,30,單路部分,直路,路段,一般車道(未劃分快慢車道),柏油,乾燥,無缺陷,無障礙物,無遮蔽物,良好,行車管制號誌,正常,行車分向線,無標記,車道線(無標記),未繪設快慢車道分隔線,有,車與車,追撞,駕駛者,患病或服用藥物(疲勞)駕駛,死亡1;受傷7,4,人,其他人,男,30,其他(無需使用保護裝備之人),非駕駛人,人的狀態,其他,其他,非汽、機及自行車,,,無(非車輛駕駛人因素),尚未發現肇事因素,否,121.332516,24.989560
2026,1,20260123,180300,A1,桃園市政府警察局,桃園市龜山區中興路169號前0.0公尺,晴,有照明且開啟,市區道路,30,單路部分,直路,路段,一般車道(未劃分快慢車道),柏油,乾燥,無缺陷,無障礙物,無遮蔽物,良好,行車管制號誌,正常,行車分向線,無標記,車道線(無標記),未繪設快慢車道分隔線,有,車與車,追撞,駕駛者,患病或服用藥物(疲勞)駕駛,死亡1;受傷7,5,人,其他人,女,60,其他(無需使用保護裝備之人),非駕駛人,人的狀態,其他,其他,非汽、機及自行車,,,無(非車輛駕駛人因素),尚未發現肇事因素,否,121.332516,24.989560
2026,1,20260123,180300,A1,桃園市政府警察局,桃園市龜山區中興路169號前0.0公尺,晴,有照明且開啟,市區道路,30,單路部分,直路,路段,一般車道(未劃分快慢車道),柏油,乾燥,無缺陷,無障礙物,無遮蔽物,良好,行車管制號誌,正常,行車分向線,無標記,車道線(無標記),未繪設快慢車道分隔線,有,車與車,追撞,駕駛者,患病或服用藥物(疲勞)駕駛,死亡1;受傷7,6,人,其他人,女,82,其他(無需使用保護裝備之人),非駕駛人,人的狀態,其他,其他,非汽、機及自行車,,,無(非車輛駕駛人因素),尚未發現肇事因素,否,121.332516,24.989560
2026,1,20260123,180300,A1,桃園市政府警察局,桃園市龜山區中興路169號前0.0公尺,晴,有照明且開啟,市區道路,30,單路部分,直路,路段,一般車道(未劃分快慢車道),柏油,乾燥,無缺陷,無障礙物,無遮蔽物,良好,行車管制號誌,正常,行車分向線,無標記,車道線(無標記),未繪設快慢車道分隔線,有,車與車,追撞,駕駛者,患病或服用藥物(疲勞)駕駛,死亡1;受傷7,7,人,其他人,男,38,其他(無需使用保護裝備之人),非駕駛人,人的狀態,其他,其他,非汽、機及自行車,,,無(非車輛駕駛人因素),尚未發現肇事因素,否,121.332516,24.989560
2026,1,20260123,180300,A1,桃園市政府警察局,桃園市龜山區中興路169號前0.0公尺,晴,有照明且開啟,市區道路,30,單路部分,直路,路段,一般車道(未劃分快慢車道),柏油,乾燥,無缺陷,無障礙物,無遮蔽物,良好,行車管制號誌,正常,行車分向線,無標記,車道線(無標記),未繪設快慢車道分隔線,有,車與車,追撞,駕駛者,患病或服用藥物(疲勞)駕駛,死亡1;受傷7,8,人,其他人,女,71,其他(無需使用保護裝備之人),非駕駛人,人的狀態,其他,其他,非汽、機及自行車,,,無(非車輛駕駛人因素),尚未發現肇事因素,否,121.332516,24.989560
2026,1,20260123,180300,A1,桃園市政府警察局,桃園市龜山區中興路169號前0.0公尺,晴,有照明且開啟,市區道路,30,單路部分,直路,路段,一般車道(未劃分快慢車道),柏油,乾燥,無缺陷,無障礙物,無遮蔽物,良好,行車管制號誌,正常,行車分向線,無標記,車道線(無標記),未繪設快慢車道分隔線,有,車與車,追撞,駕駛者,患病或服用藥物(疲勞)駕駛,死亡1;受傷7,9,人,其他人,女,51,其他(無需使用保護裝備之人),非駕駛人,人的狀態,其他,其他,非汽、機及自行車,,,無(非車輛駕駛人因素),尚未發現肇事因素,否,121.332516,24.989560
2026,1,20260125,111200,A1,桃園市政府警察局,桃園市新屋區新華路一段128號前0.0公尺,晴,有照明未開啟或故障,市區道路,50,單路部分,直路,路段,一般車道(未劃分快慢車道),柏油,乾燥,無缺陷,無障礙物,無遮蔽物,良好,無號誌,無號誌,行車分向線,無標記,未繪設車道線,未繪設快慢車道分隔線,有,車輛本身,撞非固定設施,駕駛者,恍神、緊張、心不在焉分心駕駛,死亡1;受傷0,1,機車,普通重型,男,67,戴半罩式安全帽,未使用,車的狀態,向前直行中,機車與自行車,前車頭,,,駕駛者,恍神、緊張、心不在焉分心駕駛,否,121.107134,24.987328
2026,1,20260125,111200,A1,桃園市政府警察局,桃園市新屋區新華路一段128號前0.0公尺,晴,有照明未開啟或故障,市區道路,50,單路部分,直路,路段,一般車道(未劃分快慢車道),柏油,乾燥,無缺陷,無障礙物,無遮蔽物,良好,無號誌,無號誌,行車分向線,無標記,未繪設車道線,未繪設快慢車道分隔線,有,車輛本身,撞非固定設施,駕駛者,恍神、緊張、心不在焉分心駕駛,死亡1;受傷0,2,,,無或物(動物、堆置物),-1,,,,,,,,,無(非車輛駕駛人因素),尚未發現肇事因素,否,121.107134,24.987328
2026,1,20260125,184600,A1,桃園市政府警察局,桃園市新屋區社子里中興路口 / 桃園市新屋區社子里中興路口,晴,有照明且開啟,市區道路,50,交岔路,四岔路,交叉路口,交叉路口內,柏油,乾燥,無缺陷,無障礙物,無遮蔽物,良好,行車管制號誌,正常,無,無分向設施,未繪設車道線,未繪設快慢車道分隔線,無,車與車,側撞,駕駛者,左轉彎未依規定,死亡1;受傷0,1,小貨車,自用,男,39,繫安全帶(使用幼童安全椅),未使用,車的狀態,左轉彎,汽車,右後車尾(身),,,駕駛者,左轉彎未依規定,否,121.089166,24.956581
2026,1,20260125,184600,A1,桃園市政府警察局,桃園市新屋區社子里中興路口 / 桃園市新屋區社子里中興路口,晴,有照明且開啟,市區道路,50,交岔路,四岔路,交叉路口,交叉路口內,柏油,乾燥,無缺陷,無障礙物,無遮蔽物,良好,行車管制號誌,正常,無,無分向設施,未繪設車道線,未繪設快慢車道分隔線,無,車與車,側撞,駕駛者,左轉彎未依規定,死亡1;受傷0,2,機車,普通重型,男,43,戴非半罩式安全帽,未使用,車的狀態,向前直行中,機車與自行車,前車頭,,,駕駛者,未依規定減速,否,121.089166,24.956581
2026,1,20260131,064400,A1,桃園市政府警察局,桃園市八德區大興路口 / 桃園市八德區大興路口,雨,有照明未開啟或故障,市區道路,50,交岔路,三岔路,交叉路口,交叉路口內,柏油,濕潤,無缺陷,無障礙物,無遮蔽物,良好,無號誌,無號誌,無,無分向設施,未繪設車道線,未繪設快慢車道分隔線,無,人與車,穿越道路中,駕駛者,恍神、緊張、心不在焉分心駕駛,死亡1;受傷1,1,機車,普通重型,男,48,戴半罩式安全帽,未使用,車的狀態,向前直行中,機車與自行車,前車頭,,,駕駛者,恍神、緊張、心不在焉分心駕駛,否,121.305428,24.953032
2026,1,20260131,064400,A1,桃園市政府警察局,桃園市八德區大興路口 / 桃園市八德區大興路口,雨,有照明未開啟或故障,市區道路,50,交岔路,三岔路,交叉路口,交叉路口內,柏油,濕潤,無缺陷,無障礙物,無遮蔽物,良好,無號誌,無號誌,無,無分向設施,未繪設車道線,未繪設快慢車道分隔線,無,人與車,穿越道路中,駕駛者,恍神、緊張、心不在焉分心駕駛,死亡1;受傷1,2,人,行人,女,73,其他(無需使用保護裝備之人),非駕駛人,人的狀態,步行,其他,非汽、機及自行車,,,非駕駛者,穿越道路未注意左右來車,否,121.305428,24.953032
2026,2,20260202,182525,A1,桃園市政府警察局,桃園市大溪區員林路一段口 / 桃園市大溪區新興街口,雨,有照明且開啟,市區道路,50,交岔路,多岔路,交叉路口,交叉路口內,柏油,濕潤,無缺陷,無障礙物,無遮蔽物,良好,行車管制號誌,正常,無,無分向設施,未繪設車道線,未繪設快慢車道分隔線,無,車與車,追撞,駕駛者,變換車道不當,死亡1;受傷0,1,機車,普通重型,女,46,戴半罩式安全帽,未使用,車的狀態,向左變換車道,機車與自行車,後車尾,,,駕駛者,變換車道不當,否,121.283036,24.898633
2026,2,20260202,182525,A1,桃園市政府警察局,桃園市大溪區員林路一段口 / 桃園市大溪區新興街口,雨,有照明且開啟,市區道路,50,交岔路,多岔路,交叉路口,交叉路口內,柏油,濕潤,無缺陷,無障礙物,無遮蔽物,良好,行車管制號誌,正常,無,無分向設施,未繪設車道線,未繪設快慢車道分隔線,無,車與車,追撞,駕駛者,變換車道不當,死亡1;受傷0,2,大貨車,營業用,男,59,繫安全帶(使用幼童安全椅),未使用,車的狀態,向前直行中,汽車,右前車頭(身),,,無(車輛駕駛者因素),尚未發現肇事因素,否,121.283036,24.898633
2026,2,20260204,151818,A1,桃園市政府警察局,桃園市龜山區忠義路二段口 / 桃園市龜山區忠義路二段口,晴,有照明未開啟或故障,市區道路,40,交岔路,三岔路,交叉路口,交叉路口內,柏油,乾燥,無缺陷,無障礙物,無遮蔽物,良好,無號誌,無號誌,無,無分向設施,未繪設車道線,未繪設快慢車道分隔線,無,車與車,側撞,駕駛者,違規超車,死亡1;受傷0,1,機車,普通重型,男,55,戴半罩式安全帽,未使用,車的狀態,向前直行中,機車與自行車,左側車身,,,駕駛者,違規超車,否,121.354987,25.042160
2026,2,20260204,151818,A1,桃園市政府警察局,桃園市龜山區忠義路二段口 / 桃園市龜山區忠義路二段口,晴,有照明未開啟或故障,市區道路,40,交岔路,三岔路,交叉路口,交叉路口內,柏油,乾燥,無缺陷,無障礙物,無遮蔽物,良好,無號誌,無號誌,無,無分向設施,未繪設車道線,未繪設快慢車道分隔線,無,車與車,側撞,駕駛者,違規超車,死亡1;受傷0,2,大客車,遊覽車,男,55,繫安全帶(使用幼童安全椅),未使用,車的狀態,右轉彎,汽車,右側車身,,,其他,其他不當駕車行為,否,121.354987,25.042160
2026,2,20260213,035000,A1,桃園市政府警察局,桃園市八德區介壽路一段971號前0.0公尺附近,晴,有照明且開啟,市區道路,50,單路部分,直路,路段,一般車道(未劃分快慢車道),柏油,乾燥,無缺陷,無障礙物,無遮蔽物,良好,無號誌,無號誌,雙向禁止超車線,無標記,車道線(無標記),未繪設快慢車道分隔線,有,車與車,對撞,駕駛者,酒醉(後)駕駛,死亡1;受傷2,1,機車,普通重型,男,24,未戴安全帽或未繫安全帶(未使用幼童安全椅),未使用,車的狀態,向前直行中,機車與自行車,前車頭,,,駕駛者,酒醉(後)駕駛,否,121.299450,24.959082
2026,2,20260213,035000,A1,桃園市政府警察局,桃園市八德區介壽路一段971號前0.0公尺附近,晴,有照明且開啟,市區道路,50,單路部分,直路,路段,一般車道(未劃分快慢車道),柏油,乾燥,無缺陷,無障礙物,無遮蔽物,良好,無號誌,無號誌,雙向禁止超車線,無標記,車道線(無標記),未繪設快慢車道分隔線,有,車與車,對撞,駕駛者,酒醉(後)駕駛,死亡1;受傷2,2,小貨車,自用,女,50,繫安全帶(使用幼童安全椅),未使用,車的狀態,向前直行中,汽車,前車頭,,,無(車輛駕駛者因素),尚未發現肇事因素,否,121.299450,24.959082
2026,2,20260213,035000,A1,桃園市政府警察局,桃園市八德區介壽路一段971號前0.0公尺附近,晴,有照明且開啟,市區道路,50,單路部分,直路,路段,一般車道(未劃分快慢車道),柏油,乾燥,無缺陷,無障礙物,無遮蔽物,良好,無號誌,無號誌,雙向禁止超車線,無標記,車道線(無標記),未繪設快慢車道分隔線,有,車與車,對撞,駕駛者,酒醉(後)駕駛,死亡1;受傷2,3,人,乘客,男,52,繫安全帶(使用幼童安全椅),非駕駛人,人的狀態,其他,其他,非汽、機及自行車,,,無(非車輛駕駛人因素),尚未發現肇事因素,否,121.299450,24.959082
2026,2,20260213,060600,A1,桃園市政府警察局,桃園市蘆竹區油管路一段口 / 桃園市蘆竹區內溪路口,晴,無照明,縣道,40,交岔路,四岔路,交叉路口,交叉口附近,柏油,乾燥,無缺陷,無障礙物,無遮蔽物,良好,行車管制號誌,正常,無,無分向設施,未繪設車道線,未繪設快慢車道分隔線,有,車與車,側撞,駕駛者,其他未依規定讓車,死亡1;受傷0,1,小貨車,營業用,男,30,繫安全帶(使用幼童安全椅),未使用,車的狀態,左轉彎,汽車,前車頭,,,駕駛者,其他未依規定讓車,否,121.283952,25.070864
2026,2,20260213,060600,A1,桃園市政府警察局,桃園市蘆竹區油管路一段口 / 桃園市蘆竹區內溪路口,晴,無照明,縣道,40,交岔路,四岔路,交叉路口,交叉口附近,柏油,乾燥,無缺陷,無障礙物,無遮蔽物,良好,行車管制號誌,正常,無,無分向設施,未繪設車道線,未繪設快慢車道分隔線,有,車與車,側撞,駕駛者,其他未依規定讓車,死亡1;受傷0,2,慢車,腳踏自行車,男,85,未戴安全帽或未繫安全帶(未使用幼童安全椅),未使用,車的狀態,向前直行中,機車與自行車,右側車身,,,無(車輛駕駛者因素),尚未發現肇事因素,否,121.283952,25.070864
2026,2,20260213,234800,A1,桃園市政府警察局,桃園市觀音區中山路一段口 / 桃園市觀音區中山路一段口,霧或煙,有照明且開啟,市區道路,60,交岔路,三岔路,交叉路口,交叉路口內,柏油,乾燥,無缺陷,無障礙物,無遮蔽物,良好,閃光號誌,正常,無,無分向設施,未繪設車道線,未繪設快慢車道分隔線,無,車輛本身,其他,駕駛者,恍神、緊張、心不在焉分心駕駛,死亡1;受傷0,1,機車,普通重型,男,57,戴非半罩式安全帽,未使用,車的狀態,向前直行中,機車與自行車,前車頭,,,駕駛者,恍神、緊張、心不在焉分心駕駛,否,121.105732,25.029719
2026,2,20260213,234800,A1,桃園市政府警察局,桃園市觀音區中山路一段口 / 桃園市觀音區中山路一段口,霧或煙,有照明且開啟,市區道路,60,交岔路,三岔路,交叉路口,交叉路口內,柏油,乾燥,無缺陷,無障礙物,無遮蔽物,良好,閃光號誌,正常,無,無分向設施,未繪設車道線,未繪設快慢車道分隔線,無,車輛本身,其他,駕駛者,恍神、緊張、心不在焉分心駕駛,死亡1;受傷0,2,,,無或物(動物、堆置物),-1,,,,,,,,,無(非車輛駕駛人因素),尚未發現肇事因素,否,121.105732,25.029719
2026,2,20260214,000229,A1,桃園市政府警察局,桃園市蘆竹區南竹路二段口 / 桃園市蘆竹區南竹路二段口,晴,有照明且開啟,市區道路,50,交岔路,三岔路,交叉路口,交叉路口內,柏油,乾燥,無缺陷,無障礙物,無遮蔽物,良好,閃光號誌,正常,無,無分向設施,未繪設車道線,未繪設快慢車道分隔線,無,車與車,側撞,駕駛者,無號誌路口，轉彎車未讓直行車先行,死亡1;受傷1,1,機車,普通重型,男,53,戴半罩式安全帽,未使用,車的狀態,左轉彎,機車與自行車,右側車身,,,駕駛者,無號誌路口，轉彎車未讓直行車先行,否,121.283751,25.040313
2026,2,20260214,000229,A1,桃園市政府警察局,桃園市蘆竹區南竹路二段口 / 桃園市蘆竹區南竹路二段口,晴,有照明且開啟,市區道路,50,交岔路,三岔路,交叉路口,交叉路口內,柏油,乾燥,無缺陷,無障礙物,無遮蔽物,良好,閃光號誌,正常,無,無分向設施,未繪設車道線,未繪設快慢車道分隔線,無,車與車,側撞,駕駛者,無號誌路口，轉彎車未讓直行車先行,死亡1;受傷1,2,機車,普通重型,男,22,戴半罩式安全帽,未使用,車的狀態,向前直行中,機車與自行車,前車頭,,,駕駛者,未依規定減速,否,121.283751,25.040313
2026,2,20260225,191300,A1,桃園市政府警察局,桃園市觀音區台61南下側車道(草漯入口前),陰,無照明,市區道路,50,單路部分,坡路,路段,一般車道(未劃分快慢車道),柏油,乾燥,無缺陷,無障礙物,無遮蔽物,良好,無號誌,無號誌,中央分向島,寬式(50公分以上),車道線(無標記),未繪設快慢車道分隔線,有,車與車,其他,其他,相關跡證不足且無具體影像紀錄，當事人各執一詞，經分析後無法釐清肇事原因,死亡1;受傷0,1,慢車,腳踏自行車,男,82,不明,不明,不明,不明,其他,不明,,,其他,相關跡證不足且無具體影像紀錄，當事人各執一詞，經分析後無法釐清肇事原因,否,121.130523,25.070013
2026,2,20260225,191300,A1,桃園市政府警察局,桃園市觀音區台61南下側車道(草漯入口前),陰,無照明,市區道路,50,單路部分,坡路,路段,一般車道(未劃分快慢車道),柏油,乾燥,無缺陷,無障礙物,無遮蔽物,良好,無號誌,無號誌,中央分向島,寬式(50公分以上),車道線(無標記),未繪設快慢車道分隔線,有,車與車,其他,其他,相關跡證不足且無具體影像紀錄，當事人各執一詞，經分析後無法釐清肇事原因,死亡1;受傷0,2,小客車(含客、貨兩用),自用,女,45,繫安全帶(使用幼童安全椅),未使用,車的狀態,向前直行中,汽車,前車頭,,,其他,相關跡證不足且無具體影像紀錄，當事人各執一詞，經分析後無法釐清肇事原因,否,121.130523,25.070013
2026,2,20260226,235200,A1,國道公路警察局,桃園市中壢區國道1號 57公里南向交流道,雨,有照明且開啟,國道,50,單路部分,直路,交流道,直線匝道,柏油,濕潤,無缺陷,無障礙物,無遮蔽物,良好,無號誌,無號誌,中央分向島,寬式(50公分以上),未繪設車道線,未繪設快慢車道分隔線,有,車輛本身,撞電桿,駕駛者,恍神、緊張、心不在焉分心駕駛,死亡1;受傷0,1,小客車(含客、貨兩用),自用,男,49,不明,不明,車的狀態,向前直行中,汽車,前車頭,,,駕駛者,恍神、緊張、心不在焉分心駕駛,否,121.227504,24.979664
2026,2,20260226,235200,A1,國道公路警察局,桃園市中壢區國道1號 57公里南向交流道,雨,有照明且開啟,國道,50,單路部分,直路,交流道,直線匝道,柏油,濕潤,無缺陷,無障礙物,無遮蔽物,良好,無號誌,無號誌,中央分向島,寬式(50公分以上),未繪設車道線,未繪設快慢車道分隔線,有,車輛本身,撞電桿,駕駛者,恍神、緊張、心不在焉分心駕駛,死亡1;受傷0,2,,,無或物(動物、堆置物),-1,,,,,,,,,無(非車輛駕駛人因素),尚未發現肇事因素,否,121.227504,24.979664
2026,3,20260301,082510,A1,桃園市政府警察局,桃園市楊梅區高鐵南路七段口 / 桃園市楊梅區楊新路四段口,雨,有照明未開啟或故障,市區道路,70,交岔路,四岔路,交叉路口,交叉路口內,柏油,濕潤,無缺陷,無障礙物,無遮蔽物,良好,行車管制號誌,正常,無,無分向設施,未繪設車道線,未繪設快慢車道分隔線,無,車與車,側撞,駕駛者,違反其他號誌,死亡2;受傷1,1,小客車(含客、貨兩用),自用,男,63,繫安全帶(使用幼童安全椅),未使用,車的狀態,左轉彎,汽車,右側車身,,,駕駛者,違反其他號誌,否,121.121173,24.943001
2026,3,20260301,082510,A1,桃園市政府警察局,桃園市楊梅區高鐵南路七段口 / 桃園市楊梅區楊新路四段口,雨,有照明未開啟或故障,市區道路,70,交岔路,四岔路,交叉路口,交叉路口內,柏油,濕潤,無缺陷,無障礙物,無遮蔽物,良好,行車管制號誌,正常,無,無分向設施,未繪設車道線,未繪設快慢車道分隔線,無,車與車,側撞,駕駛者,違反其他號誌,死亡2;受傷1,2,大貨車,自用,男,38,繫安全帶(使用幼童安全椅),未使用,車的狀態,向前直行中,汽車,前車頭,,,駕駛者,違反其他標誌(線)禁制,否,121.121173,24.943001
2026,3,20260301,082510,A1,桃園市政府警察局,桃園市楊梅區高鐵南路七段口 / 桃園市楊梅區楊新路四段口,雨,有照明未開啟或故障,市區道路,70,交岔路,四岔路,交叉路口,交叉路口內,柏油,濕潤,無缺陷,無障礙物,無遮蔽物,良好,行車管制號誌,正常,無,無分向設施,未繪設車道線,未繪設快慢車道分隔線,無,車與車,側撞,駕駛者,違反其他號誌,死亡2;受傷1,3,人,乘客,女,56,繫安全帶(使用幼童安全椅),非駕駛人,人的狀態,其他,其他,非汽、機及自行車,,,無(非車輛駕駛人因素),尚未發現肇事因素,否,121.121173,24.943001
2026,3,20260301,082510,A1,桃園市政府警察局,桃園市楊梅區高鐵南路七段口 / 桃園市楊梅區楊新路四段口,雨,有照明未開啟或故障,市區道路,70,交岔路,四岔路,交叉路口,交叉路口內,柏油,濕潤,無缺陷,無障礙物,無遮蔽物,良好,行車管制號誌,正常,無,無分向設施,未繪設車道線,未繪設快慢車道分隔線,無,車與車,側撞,駕駛者,違反其他號誌,死亡2;受傷1,4,人,乘客,女,28,繫安全帶(使用幼童安全椅),非駕駛人,人的狀態,其他,其他,非汽、機及自行車,,,無(非車輛駕駛人因素),尚未發現肇事因素,否,121.121173,24.943001
2026,3,20260301,082510,A1,桃園市政府警察局,桃園市楊梅區高鐵南路七段口 / 桃園市楊梅區楊新路四段口,雨,有照明未開啟或故障,市區道路,70,交岔路,四岔路,交叉路口,交叉路口內,柏油,濕潤,無缺陷,無障礙物,無遮蔽物,良好,行車管制號誌,正常,無,無分向設施,未繪設車道線,未繪設快慢車道分隔線,無,車與車,側撞,駕駛者,違反其他號誌,死亡2;受傷1,5,人,乘客,男,34,繫安全帶(使用幼童安全椅),非駕駛人,人的狀態,其他,其他,非汽、機及自行車,,,無(非車輛駕駛人因素),尚未發現肇事因素,否,121.121173,24.943001
2026,3,20260301,082510,A1,桃園市政府警察局,桃園市楊梅區高鐵南路七段口 / 桃園市楊梅區楊新路四段口,雨,有照明未開啟或故障,市區道路,70,交岔路,四岔路,交叉路口,交叉路口內,柏油,濕潤,無缺陷,無障礙物,無遮蔽物,良好,行車管制號誌,正常,無,無分向設施,未繪設車道線,未繪設快慢車道分隔線,無,車與車,側撞,駕駛者,違反其他號誌,死亡2;受傷1,6,人,乘客,男,44,繫安全帶(使用幼童安全椅),非駕駛人,人的狀態,其他,其他,非汽、機及自行車,,,無(非車輛駕駛人因素),尚未發現肇事因素,否,121.121173,24.943001
2026,3,20260307,004233,A1,桃園市政府警察局,桃園市中壢區松江南路口 / 桃園市中壢區合江路口,晴,有照明未開啟或故障,市區道路,50,交岔路,四岔路,交叉路口,交叉路口內,柏油,乾燥,無缺陷,無障礙物,無遮蔽物,良好,行車管制號誌(附設行人專用號誌),無動作,無,無分向設施,未繪設車道線,未繪設快慢車道分隔線,無,車與車,路口交岔撞,駕駛者,無號誌路口，少線道未讓多線道先行,死亡1;受傷0,1,機車,普通重型,男,33,戴半罩式安全帽,未使用,車的狀態,向前直行中,機車與自行車,前車頭,,,駕駛者,無號誌路口，少線道未讓多線道先行,否,121.247114,24.983432
2026,3,20260307,004233,A1,桃園市政府警察局,桃園市中壢區松江南路口 / 桃園市中壢區合江路口,晴,有照明未開啟或故障,市區道路,50,交岔路,四岔路,交叉路口,交叉路口內,柏油,乾燥,無缺陷,無障礙物,無遮蔽物,良好,行車管制號誌(附設行人專用號誌),無動作,無,無分向設施,未繪設車道線,未繪設快慢車道分隔線,無,車與車,路口交岔撞,駕駛者,無號誌路口，少線道未讓多線道先行,死亡1;受傷0,2,小客車(含客、貨兩用),自用,女,49,繫安全帶(使用幼童安全椅),未使用,車的狀態,向前直行中,汽車,左側車身,,,駕駛者,未依規定減速,否,121.247114,24.983432
2026,3,20260309,060054,A1,桃園市政府警察局,桃園市觀音區台61北上43.7K,陰,有照明未開啟或故障,其他,90,單路部分,直路,路段,一般車道(未劃分快慢車道),柏油,乾燥,無缺陷,路上有停車,無遮蔽物,良好,無號誌,無號誌,中央分向島,寬式(50公分以上),車道線(無標記),快慢車道分隔線,有,車與車,其他,其他,相關跡證不足且無具體影像紀錄，當事人各執一詞，經分析後無法釐清肇事原因,死亡2;受傷0,1,小客車(含客、貨兩用),自用,男,50,繫安全帶(使用幼童安全椅),未使用,車的狀態,其他,其他,不明,,,其他,相關跡證不足且無具體影像紀錄，當事人各執一詞，經分析後無法釐清肇事原因,否,121.045267,25.021880
2026,3,20260309,060054,A1,桃園市政府警察局,桃園市觀音區台61北上43.7K,陰,有照明未開啟或故障,其他,90,單路部分,直路,路段,一般車道(未劃分快慢車道),柏油,乾燥,無缺陷,路上有停車,無遮蔽物,良好,無號誌,無號誌,中央分向島,寬式(50公分以上),車道線(無標記),快慢車道分隔線,有,車與車,其他,其他,相關跡證不足且無具體影像紀錄，當事人各執一詞，經分析後無法釐清肇事原因,死亡2;受傷0,2,小客車(含客、貨兩用),自用,男,73,繫安全帶(使用幼童安全椅),未使用,車的狀態,其他,其他,不明,,,其他,相關跡證不足且無具體影像紀錄，當事人各執一詞，經分析後無法釐清肇事原因,否,121.045267,25.021880
2026,3,20260309,060054,A1,桃園市政府警察局,桃園市觀音區台61北上43.7K,陰,有照明未開啟或故障,其他,90,單路部分,直路,路段,一般車道(未劃分快慢車道),柏油,乾燥,無缺陷,路上有停車,無遮蔽物,良好,無號誌,無號誌,中央分向島,寬式(50公分以上),車道線(無標記),快慢車道分隔線,有,車與車,其他,其他,相關跡證不足且無具體影像紀錄，當事人各執一詞，經分析後無法釐清肇事原因,死亡2;受傷0,3,曳引車,營業用,男,38,繫安全帶(使用幼童安全椅),未使用,車的狀態,急減速或急停止,其他,無撞擊,,,無(車輛駕駛者因素),尚未發現肇事因素,否,121.045267,25.021880
2026,3,20260309,060054,A1,桃園市政府警察局,桃園市觀音區台61北上43.7K,陰,有照明未開啟或故障,其他,90,單路部分,直路,路段,一般車道(未劃分快慢車道),柏油,乾燥,無缺陷,路上有停車,無遮蔽物,良好,無號誌,無號誌,中央分向島,寬式(50公分以上),車道線(無標記),快慢車道分隔線,有,車與車,其他,其他,相關跡證不足且無具體影像紀錄，當事人各執一詞，經分析後無法釐清肇事原因,死亡2;受傷0,4,曳引車,營業用,男,56,繫安全帶(使用幼童安全椅),未使用,車的狀態,向前直行中,汽車,前車頭,,,駕駛者,恍神、緊張、心不在焉分心駕駛,否,121.045267,25.021880
2026,3,20260309,060054,A1,桃園市政府警察局,桃園市觀音區台61北上43.7K,陰,有照明未開啟或故障,其他,90,單路部分,直路,路段,一般車道(未劃分快慢車道),柏油,乾燥,無缺陷,路上有停車,無遮蔽物,良好,無號誌,無號誌,中央分向島,寬式(50公分以上),車道線(無標記),快慢車道分隔線,有,車與車,其他,其他,相關跡證不足且無具體影像紀錄，當事人各執一詞，經分析後無法釐清肇事原因,死亡2;受傷0,5,小客車(含客、貨兩用),自用,男,53,繫安全帶(使用幼童安全椅),未使用,車的狀態,向前直行中,汽車,前車頭,,,駕駛者,恍神、緊張、心不在焉分心駕駛,否,121.045267,25.021880
2026,3,20260309,060054,A1,桃園市政府警察局,桃園市觀音區台61北上43.7K,陰,有照明未開啟或故障,其他,90,單路部分,直路,路段,一般車道(未劃分快慢車道),柏油,乾燥,無缺陷,路上有停車,無遮蔽物,良好,無號誌,無號誌,中央分向島,寬式(50公分以上),車道線(無標記),快慢車道分隔線,有,車與車,其他,其他,相關跡證不足且無具體影像紀錄，當事人各執一詞，經分析後無法釐清肇事原因,死亡2;受傷0,6,人,乘客,女,29,不明,非駕駛人,人的狀態,其他,其他,非汽、機及自行車,,,無(非車輛駕駛人因素),尚未發現肇事因素,否,121.045267,25.021880
2026,3,20260310,181900,A1,桃園市政府警察局,桃園市平鎮區民族路雙連二段232號前0.0公尺,晴,有照明且開啟,市區道路,50,單路部分,直路,路段,一般車道(未劃分快慢車道),柏油,乾燥,無缺陷,無障礙物,無遮蔽物,良好,無號誌,無號誌,雙向禁止超車線,無標記,未繪設車道線,未繪設快慢車道分隔線,有,人與車,穿越道路中,非駕駛者,未依標誌或標線穿越道路,死亡1;受傷1,1,人,行人,男,94,其他(無需使用保護裝備之人),非駕駛人,人的狀態,步行,其他,非汽、機及自行車,,,非駕駛者,未依標誌或標線穿越道路,否,121.179843,24.958753
2026,3,20260310,181900,A1,桃園市政府警察局,桃園市平鎮區民族路雙連二段232號前0.0公尺,晴,有照明且開啟,市區道路,50,單路部分,直路,路段,一般車道(未劃分快慢車道),柏油,乾燥,無缺陷,無障礙物,無遮蔽物,良好,無號誌,無號誌,雙向禁止超車線,無標記,未繪設車道線,未繪設快慢車道分隔線,有,人與車,穿越道路中,非駕駛者,未依標誌或標線穿越道路,死亡1;受傷1,2,機車,普通重型,女,25,戴半罩式安全帽,未使用,車的狀態,向前直行中,機車與自行車,前車頭,,,駕駛者,恍神、緊張、心不在焉分心駕駛,否,121.179843,24.958753
2026,3,20260311,171500,A1,桃園市政府警察局,桃園市觀音區新林路西 / 桃園市觀音區文林路南,晴,無照明,其他,30,交岔路,三岔路,交叉路口,交叉路口內,柏油,乾燥,無缺陷,無障礙物,無遮蔽物,良好,無號誌,無號誌,無,無分向設施,未繪設車道線,未繪設快慢車道分隔線,無,車與車,側撞,駕駛者,無號誌路口，支線道未讓幹線道先行,死亡1;受傷0,1,小客車(含客、貨兩用),自用,男,64,繫安全帶(使用幼童安全椅),未使用,車的狀態,左轉彎,汽車,左後車尾(身),,,駕駛者,無號誌路口，支線道未讓幹線道先行,否,121.127864,25.026531
2026,3,20260311,171500,A1,桃園市政府警察局,桃園市觀音區新林路西 / 桃園市觀音區文林路南,晴,無照明,其他,30,交岔路,三岔路,交叉路口,交叉路口內,柏油,乾燥,無缺陷,無障礙物,無遮蔽物,良好,無號誌,無號誌,無,無分向設施,未繪設車道線,未繪設快慢車道分隔線,無,車與車,側撞,駕駛者,無號誌路口，支線道未讓幹線道先行,死亡1;受傷0,2,機車,普通重型,男,56,戴半罩式安全帽,不明,車的狀態,向前直行中,機車與自行車,前車頭,,,駕駛者,恍神、緊張、心不在焉分心駕駛,否,121.127864,25.026531
2026,3,20260314,163110,A1,桃園市政府警察局,桃園市楊梅區楊湖路一段752號前0.0公尺,晴,有照明且開啟,市區道路,50,單路部分,直路,路段,一般車道(未劃分快慢車道),柏油,乾燥,無缺陷,無障礙物,無遮蔽物,良好,無號誌,無號誌,行車分向線,無標記,車道線(附標記),未繪設快慢車道分隔線,有,車與車,同向擦撞,駕駛者,違反其他標誌(線)禁制,死亡1;受傷0,1,機車,普通重型,男,65,戴半罩式安全帽,未使用,車的狀態,向前直行中,機車與自行車,前車頭,,,駕駛者,違反其他標誌(線)禁制,否,121.124326,24.912707
2026,3,20260314,163110,A1,桃園市政府警察局,桃園市楊梅區楊湖路一段752號前0.0公尺,晴,有照明且開啟,市區道路,50,單路部分,直路,路段,一般車道(未劃分快慢車道),柏油,乾燥,無缺陷,無障礙物,無遮蔽物,良好,無號誌,無號誌,行車分向線,無標記,車道線(附標記),未繪設快慢車道分隔線,有,車與車,同向擦撞,駕駛者,違反其他標誌(線)禁制,死亡1;受傷0,2,小客車(含客、貨兩用),自用,女,48,繫安全帶(使用幼童安全椅),不明,車的狀態,向右變換車道,汽車,右側車身,,,其他,其他不當駕車行為,否,121.124326,24.912707
2026,3,20260316,081133,A1,桃園市政府警察局,桃園市新屋區快速路七段口 / 桃園市新屋區快速路七段口,晴,有照明未開啟或故障,市區道路,50,交岔路,三岔路,路段,一般車道(未劃分快慢車道),柏油,乾燥,無缺陷,無障礙物,無遮蔽物,良好,無號誌,無號誌,中央分向島,寬式(50公分以上),車道線(附標記),未繪設快慢車道分隔線,有,人與車,衝進路中,非駕駛者,其他引起事故之疏失或行為,死亡1;受傷0,1,人,行人,女,65,其他(無需使用保護裝備之人),非駕駛人,人的狀態,其他,其他,非汽、機及自行車,,,非駕駛者,其他引起事故之疏失或行為,否,121.118062,24.990318
2026,3,20260316,081133,A1,桃園市政府警察局,桃園市新屋區快速路七段口 / 桃園市新屋區快速路七段口,晴,有照明未開啟或故障,市區道路,50,交岔路,三岔路,路段,一般車道(未劃分快慢車道),柏油,乾燥,無缺陷,無障礙物,無遮蔽物,良好,無號誌,無號誌,中央分向島,寬式(50公分以上),車道線(附標記),未繪設快慢車道分隔線,有,人與車,衝進路中,非駕駛者,其他引起事故之疏失或行為,死亡1;受傷0,2,曳引車,營業用,男,34,繫安全帶(使用幼童安全椅),未使用,車的狀態,向前直行中,汽車,右前車頭(身),,,其他,相關跡證不足且無具體影像紀錄，當事人各執一詞，經分析後無法釐清肇事原因,否,121.118062,24.990318
2026,3,20260317,165358,A1,桃園市政府警察局,桃園市八德區中華路347號前0.0公尺,晴,有照明未開啟或故障,市區道路,50,單路部分,直路,路段,一般車道(未劃分快慢車道),柏油,乾燥,無缺陷,無障礙物,無遮蔽物,良好,無號誌,無號誌,中央分向島,寬式(50公分以上),未繪設車道線,未繪設快慢車道分隔線,有,車與車,同向擦撞,駕駛者,變換車道不當,死亡2;受傷0,1,機車,普通重型,女,31,戴半罩式安全帽,未使用,車的狀態,向左變換車道,機車與自行車,左側車身,,,駕駛者,變換車道不當,否,121.275716,24.981153
2026,3,20260317,165358,A1,桃園市政府警察局,桃園市八德區中華路347號前0.0公尺,晴,有照明未開啟或故障,市區道路,50,單路部分,直路,路段,一般車道(未劃分快慢車道),柏油,乾燥,無缺陷,無障礙物,無遮蔽物,良好,無號誌,無號誌,中央分向島,寬式(50公分以上),未繪設車道線,未繪設快慢車道分隔線,有,車與車,同向擦撞,駕駛者,變換車道不當,死亡2;受傷0,2,曳引車,營業用,男,50,不明,不明,車的狀態,向前直行中,汽車,右前車頭(身),,,無(車輛駕駛者因素),尚未發現肇事因素,否,121.275716,24.981153
2026,3,20260317,165358,A1,桃園市政府警察局,桃園市八德區中華路347號前0.0公尺,晴,有照明未開啟或故障,市區道路,50,單路部分,直路,路段,一般車道(未劃分快慢車道),柏油,乾燥,無缺陷,無障礙物,無遮蔽物,良好,無號誌,無號誌,中央分向島,寬式(50公分以上),未繪設車道線,未繪設快慢車道分隔線,有,車與車,同向擦撞,駕駛者,變換車道不當,死亡2;受傷0,3,大貨車,自用,男,50,不明,不明,車的狀態,向前直行中,汽車,左側車身,,,無(車輛駕駛者因素),尚未發現肇事因素,否,121.275716,24.981153
2026,3,20260317,165358,A1,桃園市政府警察局,桃園市八德區中華路347號前0.0公尺,晴,有照明未開啟或故障,市區道路,50,單路部分,直路,路段,一般車道(未劃分快慢車道),柏油,乾燥,無缺陷,無障礙物,無遮蔽物,良好,無號誌,無號誌,中央分向島,寬式(50公分以上),未繪設車道線,未繪設快慢車道分隔線,有,車與車,同向擦撞,駕駛者,變換車道不當,死亡2;受傷0,4,人,乘客,女,0,不明,非駕駛人,人的狀態,其他,其他,非汽、機及自行車,,,無(非車輛駕駛人因素),尚未發現肇事因素,否,121.275716,24.981153
2026,3,20260318,103617,A1,桃園市政府警察局,桃園市觀音區台66線口 / 桃園市觀音區保興路二段口,晴,有照明未開啟或故障,市區道路,30,交岔路,四岔路,交叉路口,交叉路口內,柏油,乾燥,無缺陷,無障礙物,無遮蔽物,良好,行車管制號誌,正常,無,無分向設施,未繪設車道線,未繪設快慢車道分隔線,無,車與車,路口交岔撞,駕駛者,闖紅燈直行,死亡1;受傷0,1,小貨車,營業用,男,49,繫安全帶(使用幼童安全椅),未使用,車的狀態,向前直行中,汽車,前車頭,,,駕駛者,闖紅燈直行,否,121.074453,25.017862
2026,3,20260318,103617,A1,桃園市政府警察局,桃園市觀音區台66線口 / 桃園市觀音區保興路二段口,晴,有照明未開啟或故障,市區道路,30,交岔路,四岔路,交叉路口,交叉路口內,柏油,乾燥,無缺陷,無障礙物,無遮蔽物,良好,行車管制號誌,正常,無,無分向設施,未繪設車道線,未繪設快慢車道分隔線,無,車與車,路口交岔撞,駕駛者,闖紅燈直行,死亡1;受傷0,2,機車,大型重型2(250-550C.C.),男,65,戴半罩式安全帽,未使用,車的狀態,向前直行中,機車與自行車,左側車身,,,無(車輛駕駛者因素),尚未發現肇事因素,否,121.074453,25.017862
2026,3,20260319,082000,A1,桃園市政府警察局,桃園市觀音區福山路二段403巷前0.0公尺附近,陰,無照明,市區道路,50,交岔路,三岔路,交叉路口,交叉口附近,柏油,乾燥,無缺陷,無障礙物,無遮蔽物,良好,無號誌,無號誌,行車分向線,無標記,車道線(無標記),未繪設快慢車道分隔線,有,車與車,同向擦撞,駕駛者,未保持行車安全間隔,死亡1;受傷0,1,小客車(含客、貨兩用),自用,男,67,繫安全帶(使用幼童安全椅),未使用,車的狀態,向前直行中,汽車,右側車身,,,駕駛者,未保持行車安全間隔,是,121.154155,25.018792
2026,3,20260319,082000,A1,桃園市政府警察局,桃園市觀音區福山路二段403巷前0.0公尺附近,陰,無照明,市區道路,50,交岔路,三岔路,交叉路口,交叉口附近,柏油,乾燥,無缺陷,無障礙物,無遮蔽物,良好,無號誌,無號誌,行車分向線,無標記,車道線(無標記),未繪設快慢車道分隔線,有,車與車,同向擦撞,駕駛者,未保持行車安全間隔,死亡1;受傷0,2,機車,普通重型,女,80,戴非半罩式安全帽,未使用,車的狀態,向前直行中,機車與自行車,左側車身,,,駕駛者,未保持行車安全間隔,否,121.154155,25.018792
2026,3,20260319,103400,A1,桃園市政府警察局,桃園市觀音區台61線 34公里南向路肩,晴,無照明,市區道路,90,單路部分,高架道路,路段,路肩、路緣,柏油,乾燥,無缺陷,無障礙物,無遮蔽物,良好,無號誌,無號誌,中央分向島,寬式(50公分以上),車道線(無標記),未繪設快慢車道分隔線,有,車與車,追撞,駕駛者,恍神、緊張、心不在焉分心駕駛,死亡1;受傷0,1,曳引車,自用,男,55,繫安全帶(使用幼童安全椅),未使用,車的狀態,向前直行中,汽車,前車頭,,,駕駛者,恍神、緊張、心不在焉分心駕駛,否,121.122305,25.069623
2026,3,20260319,103400,A1,桃園市政府警察局,桃園市觀音區台61線 34公里南向路肩,晴,無照明,市區道路,90,單路部分,高架道路,路段,路肩、路緣,柏油,乾燥,無缺陷,無障礙物,無遮蔽物,良好,無號誌,無號誌,中央分向島,寬式(50公分以上),車道線(無標記),未繪設快慢車道分隔線,有,車與車,追撞,駕駛者,恍神、緊張、心不在焉分心駕駛,死亡1;受傷0,2,小客車(含客、貨兩用),自用,女,51,繫安全帶(使用幼童安全椅),未使用,車的狀態,等待(引擎未熄火),汽車,後車尾,汽車,右側車身,其他,違規(臨時)停車,否,121.122305,25.069623
2026,3,20260320,064603,A1,桃園市政府警察局,桃園市大園區聖德北路口 / 桃園市大園區田溪路口,陰,有照明未開啟或故障,村里道路,30,交岔路,四岔路,交叉路口,交叉路口內,柏油,乾燥,無缺陷,無障礙物,無遮蔽物,良好,行車管制號誌,正常,無,無分向設施,未繪設車道線,未繪設快慢車道分隔線,無,車與車,側撞,駕駛者,闖紅燈左轉(或迴轉),死亡1;受傷0,1,小客車(含客、貨兩用),自用,男,26,繫安全帶(使用幼童安全椅),未使用,車的狀態,左轉彎,汽車,右前車頭(身),,,駕駛者,闖紅燈左轉(或迴轉),否,121.195591,25.033430
2026,3,20260320,064603,A1,桃園市政府警察局,桃園市大園區聖德北路口 / 桃園市大園區田溪路口,陰,有照明未開啟或故障,村里道路,30,交岔路,四岔路,交叉路口,交叉路口內,柏油,乾燥,無缺陷,無障礙物,無遮蔽物,良好,行車管制號誌,正常,無,無分向設施,未繪設車道線,未繪設快慢車道分隔線,無,車與車,側撞,駕駛者,闖紅燈左轉(或迴轉),死亡1;受傷0,2,機車,普通重型,男,18,戴非半罩式安全帽,未使用,車的狀態,向前直行中,機車與自行車,前車頭,,,駕駛者,闖紅燈直行,否,121.195591,25.033430
2026,3,20260322,013755,A1,國道公路警察局,桃園市楊梅區國道1號 67公里南向內側,雨,有照明且開啟,國道,50,單路部分,直路,交流道,直線匝道,柏油,濕潤,無缺陷,無障礙物,無遮蔽物,良好,無號誌,無號誌,無,無分向設施,車道線(附標記),未繪設快慢車道分隔線,有,車輛本身,撞交通島,駕駛者,超速駕駛,死亡2;受傷0,1,小貨車,營業用,男,30,未戴安全帽或未繫安全帶(未使用幼童安全椅),不明,車的狀態,向前直行中,汽車,前車頭,,,駕駛者,超速駕駛,否,121.153059,24.900977
2026,3,20260322,013755,A1,國道公路警察局,桃園市楊梅區國道1號 67公里南向內側,雨,有照明且開啟,國道,50,單路部分,直路,交流道,直線匝道,柏油,濕潤,無缺陷,無障礙物,無遮蔽物,良好,無號誌,無號誌,無,無分向設施,車道線(附標記),未繪設快慢車道分隔線,有,車輛本身,撞交通島,駕駛者,超速駕駛,死亡2;受傷0,2,,,無或物(動物、堆置物),-1,,,,,,,,,無(非車輛駕駛人因素),尚未發現肇事因素,否,121.153059,24.900977
2026,3,20260322,013755,A1,國道公路警察局,桃園市楊梅區國道1號 67公里南向內側,雨,有照明且開啟,國道,50,單路部分,直路,交流道,直線匝道,柏油,濕潤,無缺陷,無障礙物,無遮蔽物,良好,無號誌,無號誌,無,無分向設施,車道線(附標記),未繪設快慢車道分隔線,有,車輛本身,撞交通島,駕駛者,超速駕駛,死亡2;受傷0,3,,,無或物(動物、堆置物),-1,,,,,,,,,無(非車輛駕駛人因素),尚未發現肇事因素,否,121.153059,24.900977
2026,3,20260322,013755,A1,國道公路警察局,桃園市楊梅區國道1號 67公里南向內側,雨,有照明且開啟,國道,50,單路部分,直路,交流道,直線匝道,柏油,濕潤,無缺陷,無障礙物,無遮蔽物,良好,無號誌,無號誌,無,無分向設施,車道線(附標記),未繪設快慢車道分隔線,有,車輛本身,撞交通島,駕駛者,超速駕駛,死亡2;受傷0,4,,,無或物(動物、堆置物),-1,,,,,,,,,無(非車輛駕駛人因素),尚未發現肇事因素,否,121.153059,24.900977
2026,3,20260322,013755,A1,國道公路警察局,桃園市楊梅區國道1號 67公里南向內側,雨,有照明且開啟,國道,50,單路部分,直路,交流道,直線匝道,柏油,濕潤,無缺陷,無障礙物,無遮蔽物,良好,無號誌,無號誌,無,無分向設施,車道線(附標記),未繪設快慢車道分隔線,有,車輛本身,撞交通島,駕駛者,超速駕駛,死亡2;受傷0,5,人,乘客,男,37,未戴安全帽或未繫安全帶(未使用幼童安全椅),非駕駛人,人的狀態,其他,其他,非汽、機及自行車,,,無(非車輛駕駛人因素),尚未發現肇事因素,否,121.153059,24.900977
2026,3,20260322,053400,A1,桃園市政府警察局,桃園市龜山區萬壽路二段1085號前0.0公尺,雨,有照明且開啟,市區道路,50,單路部分,直路,路段,一般車道(未劃分快慢車道),柏油,濕潤,無缺陷,無障礙物,無遮蔽物,良好,無號誌,無號誌,雙向禁止超車線,無標記,車道線(無標記),未繪設快慢車道分隔線,有,人與車,穿越道路中,非駕駛者,未依標誌或標線穿越道路,死亡1;受傷2,1,人,行人,男,86,其他(無需使用保護裝備之人),非駕駛人,人的狀態,步行,其他,非汽、機及自行車,,,非駕駛者,未依標誌或標線穿越道路,否,121.334424,24.994017
2026,3,20260322,053400,A1,桃園市政府警察局,桃園市龜山區萬壽路二段1085號前0.0公尺,雨,有照明且開啟,市區道路,50,單路部分,直路,路段,一般車道(未劃分快慢車道),柏油,濕潤,無缺陷,無障礙物,無遮蔽物,良好,無號誌,無號誌,雙向禁止超車線,無標記,車道線(無標記),未繪設快慢車道分隔線,有,人與車,穿越道路中,非駕駛者,未依標誌或標線穿越道路,死亡1;受傷2,2,機車,普通重型,男,64,戴半罩式安全帽,未使用,車的狀態,向前直行中,機車與自行車,前車頭,,,駕駛者,恍神、緊張、心不在焉分心駕駛,否,121.334424,24.994017
2026,3,20260322,053400,A1,桃園市政府警察局,桃園市龜山區萬壽路二段1085號前0.0公尺,雨,有照明且開啟,市區道路,50,單路部分,直路,路段,一般車道(未劃分快慢車道),柏油,濕潤,無缺陷,無障礙物,無遮蔽物,良好,無號誌,無號誌,雙向禁止超車線,無標記,車道線(無標記),未繪設快慢車道分隔線,有,人與車,穿越道路中,非駕駛者,未依標誌或標線穿越道路,死亡1;受傷2,3,機車,普通重型,男,20,戴半罩式安全帽,未使用,車的狀態,向前直行中,機車與自行車,前車頭,,,駕駛者,恍神、緊張、心不在焉分心駕駛,否,121.334424,24.994017
2026,3,20260323,224800,A1,國道公路警察局,桃園市蘆竹區國道1號 45公里100.0公尺處北向中線,晴,有照明且開啟,國道,100,單路部分,直路,路段,快車道,柏油,乾燥,無缺陷,無障礙物,無遮蔽物,良好,無號誌,無號誌,中央分向島,寬式(50公分以上),車道線(附標記),未繪設快慢車道分隔線,有,車與車,其他,其他,車輛未停妥滑動致生事故,死亡1;受傷2,1,小客車(含客、貨兩用),租賃車,女,26,繫安全帶(使用幼童安全椅),未使用,車的狀態,等待(引擎未熄火),汽車,後車尾,,,其他,車輛未停妥滑動致生事故,否,121.300249,25.038800
2026,3,20260323,224800,A1,國道公路警察局,桃園市蘆竹區國道1號 45公里100.0公尺處北向中線,晴,有照明且開啟,國道,100,單路部分,直路,路段,快車道,柏油,乾燥,無缺陷,無障礙物,無遮蔽物,良好,無號誌,無號誌,中央分向島,寬式(50公分以上),車道線(附標記),未繪設快慢車道分隔線,有,車與車,其他,其他,車輛未停妥滑動致生事故,死亡1;受傷2,2,大貨車,營業用,男,35,繫安全帶(使用幼童安全椅),未使用,車的狀態,等待(引擎未熄火),汽車,前車頭,汽車,後車尾,無(車輛駕駛者因素),尚未發現肇事因素,否,121.300249,25.038800
2026,3,20260323,224800,A1,國道公路警察局,桃園市蘆竹區國道1號 45公里100.0公尺處北向中線,晴,有照明且開啟,國道,100,單路部分,直路,路段,快車道,柏油,乾燥,無缺陷,無障礙物,無遮蔽物,良好,無號誌,無號誌,中央分向島,寬式(50公分以上),車道線(附標記),未繪設快慢車道分隔線,有,車與車,其他,其他,車輛未停妥滑動致生事故,死亡1;受傷2,3,小客車(含客、貨兩用),租賃車,男,54,繫安全帶(使用幼童安全椅),未使用,車的狀態,向前直行中,汽車,前車頭,,,駕駛者,使用車輛自動駕駛或先進駕駛輔助系統設備(裝置)不符規定,否,121.300249,25.038800
2026,3,20260323,224800,A1,國道公路警察局,桃園市蘆竹區國道1號 45公里100.0公尺處北向中線,晴,有照明且開啟,國道,100,單路部分,直路,路段,快車道,柏油,乾燥,無缺陷,無障礙物,無遮蔽物,良好,無號誌,無號誌,中央分向島,寬式(50公分以上),車道線(附標記),未繪設快慢車道分隔線,有,車與車,其他,其他,車輛未停妥滑動致生事故,死亡1;受傷2,4,人,乘客,男,58,繫安全帶(使用幼童安全椅),非駕駛人,人的狀態,其他,其他,非汽、機及自行車,,,無(非車輛駕駛人因素),尚未發現肇事因素,否,121.300249,25.038800
2026,3,20260323,224800,A1,國道公路警察局,桃園市蘆竹區國道1號 45公里100.0公尺處北向中線,晴,有照明且開啟,國道,100,單路部分,直路,路段,快車道,柏油,乾燥,無缺陷,無障礙物,無遮蔽物,良好,無號誌,無號誌,中央分向島,寬式(50公分以上),車道線(附標記),未繪設快慢車道分隔線,有,車與車,其他,其他,車輛未停妥滑動致生事故,死亡1;受傷2,5,人,乘客,女,52,繫安全帶(使用幼童安全椅),非駕駛人,人的狀態,其他,其他,非汽、機及自行車,,,無(非車輛駕駛人因素),尚未發現肇事因素,否,121.300249,25.038800
2026,3,20260324,061440,A1,桃園市政府警察局,桃園市楊梅區快速路五段口 / 桃園市楊梅區快速路五段口,陰,無照明,市區道路,50,交岔路,四岔路,交叉路口,交叉路口內,柏油,乾燥,無缺陷,無障礙物,無遮蔽物,良好,行車管制號誌,正常,無,無分向設施,未繪設車道線,未繪設快慢車道分隔線,無,車與車,路口交岔撞,駕駛者,闖紅燈直行,死亡1;受傷1,1,小客車(含客、貨兩用),租賃車,男,59,不明,不明,車的狀態,向前直行中,汽車,右前車頭(身),,,駕駛者,闖紅燈直行,否,121.165206,24.947638
2026,3,20260324,061440,A1,桃園市政府警察局,桃園市楊梅區快速路五段口 / 桃園市楊梅區快速路五段口,陰,無照明,市區道路,50,交岔路,四岔路,交叉路口,交叉路口內,柏油,乾燥,無缺陷,無障礙物,無遮蔽物,良好,行車管制號誌,正常,無,無分向設施,未繪設車道線,未繪設快慢車道分隔線,無,車與車,路口交岔撞,駕駛者,闖紅燈直行,死亡1;受傷1,2,機車,普通重型,男,87,不明,不明,車的狀態,向前直行中,機車與自行車,左側車身,,,駕駛者,闖紅燈直行,否,121.165206,24.947638
2026,3,20260324,061440,A1,桃園市政府警察局,桃園市楊梅區快速路五段口 / 桃園市楊梅區快速路五段口,陰,無照明,市區道路,50,交岔路,四岔路,交叉路口,交叉路口內,柏油,乾燥,無缺陷,無障礙物,無遮蔽物,良好,行車管制號誌,正常,無,無分向設施,未繪設車道線,未繪設快慢車道分隔線,無,車與車,路口交岔撞,駕駛者,闖紅燈直行,死亡1;受傷1,3,人,乘客,女,55,不明,非駕駛人,人的狀態,其他,其他,非汽、機及自行車,,,無(非車輛駕駛人因素),尚未發現肇事因素,否,121.165206,24.947638
2026,3,20260324,084614,A1,桃園市政府警察局,桃園市蘆竹區宏竹路口 / 桃園市蘆竹區宏竹路附近,陰,有照明未開啟或故障,市區道路,50,單路部分,直路,路段,一般車道(未劃分快慢車道),柏油,濕潤,無缺陷,無障礙物,無遮蔽物,良好,無號誌,無號誌,行車分向線,無標記,未繪設車道線,未繪設快慢車道分隔線,有,車與車,其他,駕駛者,違反其他標誌(線)禁制,死亡1;受傷0,1,機車,普通重型,女,31,戴非半罩式安全帽,未使用,車的狀態,超車(含超越),機車與自行車,左側車身,,,駕駛者,違反其他標誌(線)禁制,否,121.246550,25.045443
2026,3,20260324,084614,A1,桃園市政府警察局,桃園市蘆竹區宏竹路口 / 桃園市蘆竹區宏竹路附近,陰,有照明未開啟或故障,市區道路,50,單路部分,直路,路段,一般車道(未劃分快慢車道),柏油,濕潤,無缺陷,無障礙物,無遮蔽物,良好,無號誌,無號誌,行車分向線,無標記,未繪設車道線,未繪設快慢車道分隔線,有,車與車,其他,駕駛者,違反其他標誌(線)禁制,死亡1;受傷0,2,大貨車,自用,男,50,繫安全帶(使用幼童安全椅),未使用,車的狀態,向前直行中,汽車,前車頭,,,無(車輛駕駛者因素),尚未發現肇事因素,否,121.246550,25.045443
2026,3,20260324,163300,A1,桃園市政府警察局,桃園市蘆竹區南崁路二段475號前0.0公尺,陰,有照明未開啟或故障,市區道路,50,單路部分,直路,路段,一般車道(未劃分快慢車道),柏油,乾燥,無缺陷,無障礙物,無遮蔽物,良好,無號誌,無號誌,中央分向島,寬式(50公分以上),車道線(無標記),快慢車道分隔線,無,車與車,追撞,駕駛者,恍神、緊張、心不在焉分心駕駛,死亡1;受傷0,1,機車,大型重型1(550C.C.以上),男,55,戴半罩式安全帽,未使用,車的狀態,超車(含超越),機車與自行車,前車頭,,,駕駛者,恍神、緊張、心不在焉分心駕駛,否,121.266600,25.062609
2026,3,20260324,163300,A1,桃園市政府警察局,桃園市蘆竹區南崁路二段475號前0.0公尺,陰,有照明未開啟或故障,市區道路,50,單路部分,直路,路段,一般車道(未劃分快慢車道),柏油,乾燥,無缺陷,無障礙物,無遮蔽物,良好,無號誌,無號誌,中央分向島,寬式(50公分以上),車道線(無標記),快慢車道分隔線,無,車與車,追撞,駕駛者,恍神、緊張、心不在焉分心駕駛,死亡1;受傷0,2,小貨車,自用,男,64,繫安全帶(使用幼童安全椅),未使用,車的狀態,等待(引擎未熄火),汽車,右後車尾(身),,,無(車輛駕駛者因素),尚未發現肇事因素,否,121.266600,25.062609
2026,3,20260331,134316,A1,桃園市政府警察局,桃園市中壢區環中東路485號前0.0公尺附近,陰,有照明且開啟,市區道路,50,單路部分,直路,路段,一般車道(未劃分快慢車道),柏油,乾燥,無缺陷,無障礙物,無遮蔽物,良好,無號誌,無號誌,無,無分向設施,未繪設車道線,未繪設快慢車道分隔線,無,車輛本身,路上翻車、摔倒,其他,相關跡證不足且無具體影像紀錄，當事人各執一詞，經分析後無法釐清肇事原因,死亡1;受傷0,1,機車,普通重型,男,45,戴半罩式安全帽,未使用,車的狀態,其他,機車與自行車,左側車身,,,其他,相關跡證不足且無具體影像紀錄，當事人各執一詞，經分析後無法釐清肇事原因,否,121.251563,24.959454
2026,3,20260331,134316,A1,桃園市政府警察局,桃園市中壢區環中東路485號前0.0公尺附近,陰,有照明且開啟,市區道路,50,單路部分,直路,路段,一般車道(未劃分快慢車道),柏油,乾燥,無缺陷,無障礙物,無遮蔽物,良好,無號誌,無號誌,無,無分向設施,未繪設車道線,未繪設快慢車道分隔線,無,車輛本身,路上翻車、摔倒,其他,相關跡證不足且無具體影像紀錄，當事人各執一詞，經分析後無法釐清肇事原因,死亡1;受傷0,2,,,無或物(動物、堆置物),-1,,,,,,,,,無(非車輛駕駛人因素),尚未發現肇事因素,否,121.251563,24.959454
2026,3,20260331,134316,A1,桃園市政府警察局,桃園市中壢區環中東路485號前0.0公尺附近,陰,有照明且開啟,市區道路,50,單路部分,直路,路段,一般車道(未劃分快慢車道),柏油,乾燥,無缺陷,無障礙物,無遮蔽物,良好,無號誌,無號誌,無,無分向設施,未繪設車道線,未繪設快慢車道分隔線,無,車輛本身,路上翻車、摔倒,其他,相關跡證不足且無具體影像紀錄，當事人各執一詞，經分析後無法釐清肇事原因,死亡1;受傷0,3,大貨車,自用,男,40,繫安全帶(使用幼童安全椅),未使用,車的狀態,向前直行中,汽車,右側車身,,,其他,相關跡證不足且無具體影像紀錄，當事人各執一詞，經分析後無法釐清肇事原因,否,121.251563,24.959454
2026,4,20260403,023700,A1,桃園市政府警察局,桃園市蘆竹區榮安路口 / 桃園市蘆竹區長榮路,雨,有照明未開啟或故障,市區道路,50,交岔路,三岔路,交叉路口,交叉路口內,柏油,濕潤,無缺陷,無障礙物,無遮蔽物,良好,行車管制號誌,正常,無,無分向設施,未繪設車道線,未繪設快慢車道分隔線,無,車輛本身,撞護欄(樁),駕駛者,恍神、緊張、心不在焉分心駕駛,死亡1;受傷0,1,機車,普通重型,男,25,戴半罩式安全帽,未使用,車的狀態,向前直行中,機車與自行車,前車頭,,,駕駛者,恍神、緊張、心不在焉分心駕駛,否,121.287344,25.056649
2026,4,20260403,023700,A1,桃園市政府警察局,桃園市蘆竹區榮安路口 / 桃園市蘆竹區長榮路,雨,有照明未開啟或故障,市區道路,50,交岔路,三岔路,交叉路口,交叉路口內,柏油,濕潤,無缺陷,無障礙物,無遮蔽物,良好,行車管制號誌,正常,無,無分向設施,未繪設車道線,未繪設快慢車道分隔線,無,車輛本身,撞護欄(樁),駕駛者,恍神、緊張、心不在焉分心駕駛,死亡1;受傷0,2,,,無或物(動物、堆置物),-1,,,,,,,,,無(非車輛駕駛人因素),尚未發現肇事因素,否,121.287344,25.056649
2026,4,20260403,061846,A1,桃園市政府警察局,桃園市八德區廣福路656號前0.0公尺,雨,有照明且開啟,市區道路,50,交岔路,四岔路,交叉路口,交叉路口內,柏油,濕潤,無缺陷,無障礙物,無遮蔽物,良好,行車管制號誌,正常,無,無分向設施,未繪設車道線,未繪設快慢車道分隔線,無,車與車,側撞,駕駛者,有號誌路口，轉彎車未讓直行車先行,死亡1;受傷1,1,機車,普通重型,女,43,戴非半罩式安全帽,未使用,車的狀態,左轉彎,機車與自行車,前車頭,,,駕駛者,有號誌路口，轉彎車未讓直行車先行,否,121.283054,24.960509
2026,4,20260403,061846,A1,桃園市政府警察局,桃園市八德區廣福路656號前0.0公尺,雨,有照明且開啟,市區道路,50,交岔路,四岔路,交叉路口,交叉路口內,柏油,濕潤,無缺陷,無障礙物,無遮蔽物,良好,行車管制號誌,正常,無,無分向設施,未繪設車道線,未繪設快慢車道分隔線,無,車與車,側撞,駕駛者,有號誌路口，轉彎車未讓直行車先行,死亡1;受傷1,2,機車,普通重型,男,29,戴非半罩式安全帽,未使用,車的狀態,向前直行中,機車與自行車,前車頭,,,駕駛者,恍神、緊張、心不在焉分心駕駛,否,121.283054,24.960509
2026,4,20260404,105023,A1,桃園市政府警察局,桃園市大溪區埔頂路二段372號前0.0公尺,陰,有照明未開啟或故障,市區道路,50,單路部分,直路,路段,一般車道(未劃分快慢車道),柏油,濕潤,無缺陷,無障礙物,無遮蔽物,良好,無號誌,無號誌,雙向禁止超車線,無標記,車道線(無標記),未繪設快慢車道分隔線,有,車與車,追撞,駕駛者,恍神、緊張、心不在焉分心駕駛,死亡1;受傷0,1,機車,普通重型,女,55,戴半罩式安全帽,未使用,車的狀態,向前直行中,機車與自行車,前車頭,,,駕駛者,恍神、緊張、心不在焉分心駕駛,否,121.281105,24.915445
2026,4,20260404,105023,A1,桃園市政府警察局,桃園市大溪區埔頂路二段372號前0.0公尺,陰,有照明未開啟或故障,市區道路,50,單路部分,直路,路段,一般車道(未劃分快慢車道),柏油,濕潤,無缺陷,無障礙物,無遮蔽物,良好,無號誌,無號誌,雙向禁止超車線,無標記,車道線(無標記),未繪設快慢車道分隔線,有,車與車,追撞,駕駛者,恍神、緊張、心不在焉分心駕駛,死亡1;受傷0,2,小客車(含客、貨兩用),自用,男,61,不明,未使用,車的狀態,靜止(引擎熄火),汽車,左後車尾(身),,,其他,違規(臨時)停車,否,121.281105,24.915445
2026,4,20260405,225300,A1,桃園市政府警察局,桃園市平鎮區金陵路七段9號附近,霧或煙,有照明未開啟或故障,市區道路,50,交岔路,四岔路,交叉路口,交叉路口內,柏油,濕潤,無缺陷,無障礙物,無遮蔽物,良好,行車管制號誌,不正常,無,無分向設施,未繪設車道線,未繪設快慢車道分隔線,無,車與車,路口交岔撞,駕駛者,闖紅燈直行,死亡1;受傷1,1,機車,普通重型,男,46,戴半罩式安全帽,未使用,車的狀態,向前直行中,機車與自行車,前車頭,,,駕駛者,闖紅燈直行,否,121.232573,24.903451
2026,4,20260405,225300,A1,桃園市政府警察局,桃園市平鎮區金陵路七段9號附近,霧或煙,有照明未開啟或故障,市區道路,50,交岔路,四岔路,交叉路口,交叉路口內,柏油,濕潤,無缺陷,無障礙物,無遮蔽物,良好,行車管制號誌,不正常,無,無分向設施,未繪設車道線,未繪設快慢車道分隔線,無,車與車,路口交岔撞,駕駛者,闖紅燈直行,死亡1;受傷1,2,小客車(含客、貨兩用),自用,男,33,繫安全帶(使用幼童安全椅),未使用,車的狀態,向前直行中,汽車,左側車身,,,無(車輛駕駛者因素),尚未發現肇事因素,否,121.232573,24.903451
2026,4,20260408,182900,A1,桃園市政府警察局,桃園市楊梅區金山街口 / 桃園市楊梅區中山北路一段口,陰,有照明且開啟,市區道路,50,交岔路,四岔路,其他,行人穿越道,柏油,乾燥,無缺陷,無障礙物,無遮蔽物,良好,無號誌,無號誌,無,無分向設施,未繪設車道線,未繪設快慢車道分隔線,無,人與車,穿越道路中,駕駛者,車輛未依規定暫停讓行人先行,死亡1;受傷0,1,小客車(含客、貨兩用),自用,女,37,繫安全帶(使用幼童安全椅),未使用,車的狀態,向前直行中,汽車,右前車頭(身),,,駕駛者,車輛未依規定暫停讓行人先行,否,121.160245,24.909056
2026,4,20260408,182900,A1,桃園市政府警察局,桃園市楊梅區金山街口 / 桃園市楊梅區中山北路一段口,陰,有照明且開啟,市區道路,50,交岔路,四岔路,其他,行人穿越道,柏油,乾燥,無缺陷,無障礙物,無遮蔽物,良好,無號誌,無號誌,無,無分向設施,未繪設車道線,未繪設快慢車道分隔線,無,人與車,穿越道路中,駕駛者,車輛未依規定暫停讓行人先行,死亡1;受傷0,2,人,行人,女,76,其他(無需使用保護裝備之人),非駕駛人,人的狀態,步行,其他,非汽、機及自行車,,,無(非車輛駕駛人因素),尚未發現肇事因素,否,121.160245,24.909056
2026,4,20260408,182900,A1,桃園市政府警察局,桃園市楊梅區金山街口 / 桃園市楊梅區中山北路一段口,陰,有照明且開啟,市區道路,50,交岔路,四岔路,其他,行人穿越道,柏油,乾燥,無缺陷,無障礙物,無遮蔽物,良好,無號誌,無號誌,無,無分向設施,未繪設車道線,未繪設快慢車道分隔線,無,人與車,穿越道路中,駕駛者,車輛未依規定暫停讓行人先行,死亡1;受傷0,3,小客車(含客、貨兩用),自用,男,43,不明,不明,車的狀態,靜止(引擎熄火),汽車,左側車身,,,無(車輛駕駛者因素),尚未發現肇事因素,否,121.160245,24.909056
2026,4,20260415,084800,A1,桃園市政府警察局,桃園市桃園區國際路一段588號前0.0公尺,晴,有照明未開啟或故障,市區道路,50,單路部分,直路,路段,一般車道(未劃分快慢車道),柏油,乾燥,無缺陷,無障礙物,無遮蔽物,良好,無號誌,無號誌,行車分向線,無標記,車道線(無標記),未繪設快慢車道分隔線,有,車與車,同向擦撞,駕駛者,未保持行車安全間隔,死亡1;受傷0,1,大貨車,營業用,男,37,不明,不明,車的狀態,向前直行中,汽車,右側車身,,,駕駛者,未保持行車安全間隔,否,121.289087,24.975140
2026,4,20260415,084800,A1,桃園市政府警察局,桃園市桃園區國際路一段588號前0.0公尺,晴,有照明未開啟或故障,市區道路,50,單路部分,直路,路段,一般車道(未劃分快慢車道),柏油,乾燥,無缺陷,無障礙物,無遮蔽物,良好,無號誌,無號誌,行車分向線,無標記,車道線(無標記),未繪設快慢車道分隔線,有,車與車,同向擦撞,駕駛者,未保持行車安全間隔,死亡1;受傷0,2,機車,普通重型,女,72,不明,不明,車的狀態,向前直行中,機車與自行車,左側車身,,,無(車輛駕駛者因素),尚未發現肇事因素,否,121.289087,24.975140
2026,4,20260419,193006,A1,桃園市政府警察局,桃園市中壢區聖德路二段836號旁,晴,有照明未開啟或故障,市區道路,50,交岔路,三岔路,交叉路口,交叉口附近,柏油,乾燥,無缺陷,無障礙物,無遮蔽物,良好,無號誌,無號誌,行車分向線,無標記,車道線(無標記),未繪設快慢車道分隔線,有,車輛本身,撞電桿,駕駛者,恍神、緊張、心不在焉分心駕駛,死亡1;受傷0,1,機車,普通重型,男,22,戴非半罩式安全帽,未使用,車的狀態,其他,機車與自行車,前車頭,,,駕駛者,恍神、緊張、心不在焉分心駕駛,否,121.195014,25.025913
2026,4,20260419,193006,A1,桃園市政府警察局,桃園市中壢區聖德路二段836號旁,晴,有照明未開啟或故障,市區道路,50,交岔路,三岔路,交叉路口,交叉口附近,柏油,乾燥,無缺陷,無障礙物,無遮蔽物,良好,無號誌,無號誌,行車分向線,無標記,車道線(無標記),未繪設快慢車道分隔線,有,車輛本身,撞電桿,駕駛者,恍神、緊張、心不在焉分心駕駛,死亡1;受傷0,2,,,無或物(動物、堆置物),-1,,,,,,,,,無(非車輛駕駛人因素),尚未發現肇事因素,否,121.195014,25.025913
2026,4,20260420,135400,A1,桃園市政府警察局,桃園市大園區中山北路139號前0.0公尺,晴,無照明,市區道路,50,單路部分,彎曲路及附近,路段,一般車道(未劃分快慢車道),柏油,乾燥,無缺陷,無障礙物,無遮蔽物,良好,無號誌,無號誌,行車分向線,無標記,未繪設車道線,未繪設快慢車道分隔線,有,車與車,同向擦撞,駕駛者,未保持行車安全間隔,死亡1;受傷0,1,小客車(含客、貨兩用),自用,女,22,繫安全帶(使用幼童安全椅),未使用,車的狀態,超車(含超越),汽車,右側車身,,,駕駛者,未保持行車安全間隔,否,121.196247,25.067460
2026,4,20260420,135400,A1,桃園市政府警察局,桃園市大園區中山北路139號前0.0公尺,晴,無照明,市區道路,50,單路部分,彎曲路及附近,路段,一般車道(未劃分快慢車道),柏油,乾燥,無缺陷,無障礙物,無遮蔽物,良好,無號誌,無號誌,行車分向線,無標記,未繪設車道線,未繪設快慢車道分隔線,有,車與車,同向擦撞,駕駛者,未保持行車安全間隔,死亡1;受傷0,2,機車,普通重型,女,78,戴非半罩式安全帽,未使用,車的狀態,向前直行中,機車與自行車,左側車身,,,無(車輛駕駛者因素),尚未發現肇事因素,否,121.196247,25.067460
2026,4,20260424,123000,A1,桃園市政府警察局,桃園市龜山區青山路二段266號前0.0公尺,雨,有照明且開啟,市區道路,50,單路部分,彎曲路及附近,路段,一般車道(未劃分快慢車道),柏油,濕潤,無缺陷,無障礙物,無遮蔽物,良好,無號誌,無號誌,中央分向島,寬式(50公分以上),車道線(無標記),未繪設快慢車道分隔線,有,車輛本身,衝出路外,駕駛者,恍神、緊張、心不在焉分心駕駛,死亡1;受傷0,1,機車,普通重型,女,73,戴半罩式安全帽,不明,車的狀態,向前直行中,機車與自行車,前車頭,,,駕駛者,恍神、緊張、心不在焉分心駕駛,否,121.390275,25.036525
2026,4,20260424,123000,A1,桃園市政府警察局,桃園市龜山區青山路二段266號前0.0公尺,雨,有照明且開啟,市區道路,50,單路部分,彎曲路及附近,路段,一般車道(未劃分快慢車道),柏油,濕潤,無缺陷,無障礙物,無遮蔽物,良好,無號誌,無號誌,中央分向島,寬式(50公分以上),車道線(無標記),未繪設快慢車道分隔線,有,車輛本身,衝出路外,駕駛者,恍神、緊張、心不在焉分心駕駛,死亡1;受傷0,2,,,無或物(動物、堆置物),-1,,,,,,,,,無(非車輛駕駛人因素),尚未發現肇事因素,否,121.390275,25.036525
2026,4,20260424,205620,A1,桃園市政府警察局,桃園市大園區圳頭路149號前0.0公尺附近,雨,有照明且開啟,村里道路,50,單路部分,直路,路段,一般車道(未劃分快慢車道),柏油,濕潤,無缺陷,無障礙物,有遮蔽物,路上停放車輛,無號誌,無號誌,行車分向線,無標記,未繪設車道線,未繪設快慢車道分隔線,有,車與車,對撞,駕駛者,違反其他標誌(線)禁制,死亡1;受傷0,1,小客車(含客、貨兩用),自用,男,61,繫安全帶(使用幼童安全椅),未使用,車的狀態,向前直行中,汽車,右前車頭(身),,,駕駛者,違反其他標誌(線)禁制,否,121.199369,25.083176
2026,4,20260424,205620,A1,桃園市政府警察局,桃園市大園區圳頭路149號前0.0公尺附近,雨,有照明且開啟,村里道路,50,單路部分,直路,路段,一般車道(未劃分快慢車道),柏油,濕潤,無缺陷,無障礙物,有遮蔽物,路上停放車輛,無號誌,無號誌,行車分向線,無標記,未繪設車道線,未繪設快慢車道分隔線,有,車與車,對撞,駕駛者,違反其他標誌(線)禁制,死亡1;受傷0,2,機車,普通重型,女,72,戴半罩式安全帽,未使用,車的狀態,向前直行中,機車與自行車,前車頭,,,無(車輛駕駛者因素),尚未發現肇事因素,否,121.199369,25.083176
2026,4,20260427,021400,A1,桃園市政府警察局,桃園市大園區三民路一段燈桿1208585號,晴,有照明未開啟或故障,市區道路,50,單路部分,彎曲路及附近,路段,快車道,柏油,乾燥,無缺陷,無障礙物,無遮蔽物,良好,無號誌,無號誌,中央分向島,寬式(50公分以上),車道線(無標記),快慢車道分隔線,有,車輛本身,撞交通島,駕駛者,恍神、緊張、心不在焉分心駕駛,死亡1;受傷0,1,機車,普通重型,男,34,不明,不明,車的狀態,向前直行中,機車與自行車,左側車身,,,駕駛者,恍神、緊張、心不在焉分心駕駛,否,121.250403,25.093122
2026,4,20260427,021400,A1,桃園市政府警察局,桃園市大園區三民路一段燈桿1208585號,晴,有照明未開啟或故障,市區道路,50,單路部分,彎曲路及附近,路段,快車道,柏油,乾燥,無缺陷,無障礙物,無遮蔽物,良好,無號誌,無號誌,中央分向島,寬式(50公分以上),車道線(無標記),快慢車道分隔線,有,車輛本身,撞交通島,駕駛者,恍神、緊張、心不在焉分心駕駛,死亡1;受傷0,2,,,無或物(動物、堆置物),-1,,,,,,,,,無(非車輛駕駛人因素),尚未發現肇事因素,否,121.250403,25.093122
2026,4,20260429,190110,A1,桃園市政府警察局,桃園市新屋區東福路口 / 桃園市新屋區東福路口,雨,有照明且開啟,村里道路,50,交岔路,三岔路,路段,一般車道(未劃分快慢車道),柏油,濕潤,無缺陷,無障礙物,無遮蔽物,良好,無號誌,無號誌,行車分向線,無標記,未繪設車道線,未繪設快慢車道分隔線,有,車輛本身,撞電桿,駕駛者,恍神、緊張、心不在焉分心駕駛,死亡1;受傷1,1,小客車(含客、貨兩用),自用,男,72,繫安全帶(使用幼童安全椅),未使用,車的狀態,靜止(引擎熄火),汽車,右側車身,,,駕駛者,恍神、緊張、心不在焉分心駕駛,否,121.078545,24.974531
2026,4,20260429,190110,A1,桃園市政府警察局,桃園市新屋區東福路口 / 桃園市新屋區東福路口,雨,有照明且開啟,村里道路,50,交岔路,三岔路,路段,一般車道(未劃分快慢車道),柏油,濕潤,無缺陷,無障礙物,無遮蔽物,良好,無號誌,無號誌,行車分向線,無標記,未繪設車道線,未繪設快慢車道分隔線,有,車輛本身,撞電桿,駕駛者,恍神、緊張、心不在焉分心駕駛,死亡1;受傷1,2,,,無或物(動物、堆置物),-1,,,,,,,,,無(非車輛駕駛人因素),尚未發現肇事因素,否,121.078545,24.974531
2026,4,20260429,190110,A1,桃園市政府警察局,桃園市新屋區東福路口 / 桃園市新屋區東福路口,雨,有照明且開啟,村里道路,50,交岔路,三岔路,路段,一般車道(未劃分快慢車道),柏油,濕潤,無缺陷,無障礙物,無遮蔽物,良好,無號誌,無號誌,行車分向線,無標記,未繪設車道線,未繪設快慢車道分隔線,有,車輛本身,撞電桿,駕駛者,恍神、緊張、心不在焉分心駕駛,死亡1;受傷1,3,小客車(含客、貨兩用),自用,男,41,繫安全帶(使用幼童安全椅),未使用,車的狀態,向前直行中,汽車,前車頭,,,駕駛者,恍神、緊張、心不在焉分心駕駛,否,121.078545,24.974531
2026,5,20260501,194040,A1,桃園市政府警察局,桃園市楊梅區永美路口 / 桃園市楊梅區四維二路口,晴,有照明且開啟,市區道路,50,交岔路,三岔路,交叉路口,交叉路口內,柏油,乾燥,無缺陷,無障礙物,無遮蔽物,良好,行車管制號誌(附設行人專用號誌),正常,無,無分向設施,未繪設車道線,未繪設快慢車道分隔線,無,車與車,側撞,駕駛者,闖紅燈左轉(或迴轉),死亡1;受傷0,1,小客車(含客、貨兩用),自用,男,25,繫安全帶(使用幼童安全椅),未使用,車的狀態,迴轉或橫越道路中,汽車,右側車身,,,駕駛者,闖紅燈左轉(或迴轉),否,121.179094,24.914619
2026,5,20260501,194040,A1,桃園市政府警察局,桃園市楊梅區永美路口 / 桃園市楊梅區四維二路口,晴,有照明且開啟,市區道路,50,交岔路,三岔路,交叉路口,交叉路口內,柏油,乾燥,無缺陷,無障礙物,無遮蔽物,良好,行車管制號誌(附設行人專用號誌),正常,無,無分向設施,未繪設車道線,未繪設快慢車道分隔線,無,車與車,側撞,駕駛者,闖紅燈左轉(或迴轉),死亡1;受傷0,2,機車,普通重型,男,40,戴非半罩式安全帽,未使用,車的狀態,向前直行中,機車與自行車,前車頭,,,駕駛者,超速駕駛,否,121.179094,24.914619
2026,5,20260504,190349,A1,桃園市政府警察局,桃園市大溪區台4線 29公里500.0公尺處,雨,有照明且開啟,省道,50,單路部分,彎曲路及附近,路段,一般車道(未劃分快慢車道),柏油,濕潤,無缺陷,無障礙物,無遮蔽物,良好,無號誌,無號誌,中央分向島,寬式(50公分以上),車道線(附標記),未繪設快慢車道分隔線,無,車輛本身,撞護欄(樁),駕駛者,恍神、緊張、心不在焉分心駕駛,死亡1;受傷0,1,機車,普通重型,女,48,戴非半罩式安全帽,未使用,車的狀態,向前直行中,機車與自行車,前車頭,,,駕駛者,恍神、緊張、心不在焉分心駕駛,否,121.285108,24.896837
2026,5,20260504,190349,A1,桃園市政府警察局,桃園市大溪區台4線 29公里500.0公尺處,雨,有照明且開啟,省道,50,單路部分,彎曲路及附近,路段,一般車道(未劃分快慢車道),柏油,濕潤,無缺陷,無障礙物,無遮蔽物,良好,無號誌,無號誌,中央分向島,寬式(50公分以上),車道線(附標記),未繪設快慢車道分隔線,無,車輛本身,撞護欄(樁),駕駛者,恍神、緊張、心不在焉分心駕駛,死亡1;受傷0,2,,,無或物(動物、堆置物),-1,,,,,,,,,無(非車輛駕駛人因素),尚未發現肇事因素,否,121.285108,24.896837
2026,5,20260505,193800,A1,航空警察局,桃園市大園區桃園國際機場航站南路與塔台路路口,雨,有照明且開啟,其他,50,單路部分,彎曲路及附近,路段,交通島(含槽化線),柏油,濕潤,無缺陷,無障礙物,無遮蔽物,良好,無號誌,無號誌,無,無分向設施,車道線(無標記),未繪設快慢車道分隔線,有,車輛本身,撞交通島,駕駛者,使用車輛自動駕駛或先進駕駛輔助系統設備(裝置)不符規定,死亡1;受傷2,1,小客車(含客、貨兩用),租賃車,男,32,繫安全帶(使用幼童安全椅),未使用,車的狀態,向前直行中,汽車,前車頭,,,駕駛者,使用車輛自動駕駛或先進駕駛輔助系統設備(裝置)不符規定,否,121.235722,25.078578
2026,5,20260505,193800,A1,航空警察局,桃園市大園區桃園國際機場航站南路與塔台路路口,雨,有照明且開啟,其他,50,單路部分,彎曲路及附近,路段,交通島(含槽化線),柏油,濕潤,無缺陷,無障礙物,無遮蔽物,良好,無號誌,無號誌,無,無分向設施,車道線(無標記),未繪設快慢車道分隔線,有,車輛本身,撞交通島,駕駛者,使用車輛自動駕駛或先進駕駛輔助系統設備(裝置)不符規定,死亡1;受傷2,2,,,無或物(動物、堆置物),-1,,,,,,,,,無(非車輛駕駛人因素),尚未發現肇事因素,否,121.235722,25.078578
2026,5,20260505,193800,A1,航空警察局,桃園市大園區桃園國際機場航站南路與塔台路路口,雨,有照明且開啟,其他,50,單路部分,彎曲路及附近,路段,交通島(含槽化線),柏油,濕潤,無缺陷,無障礙物,無遮蔽物,良好,無號誌,無號誌,無,無分向設施,車道線(無標記),未繪設快慢車道分隔線,有,車輛本身,撞交通島,駕駛者,使用車輛自動駕駛或先進駕駛輔助系統設備(裝置)不符規定,死亡1;受傷2,3,人,乘客,男,56,不明,非駕駛人,人的狀態,其他,其他,非汽、機及自行車,,,無(非車輛駕駛人因素),尚未發現肇事因素,否,121.235722,25.078578
2026,5,20260505,193800,A1,航空警察局,桃園市大園區桃園國際機場航站南路與塔台路路口,雨,有照明且開啟,其他,50,單路部分,彎曲路及附近,路段,交通島(含槽化線),柏油,濕潤,無缺陷,無障礙物,無遮蔽物,良好,無號誌,無號誌,無,無分向設施,車道線(無標記),未繪設快慢車道分隔線,有,車輛本身,撞交通島,駕駛者,使用車輛自動駕駛或先進駕駛輔助系統設備(裝置)不符規定,死亡1;受傷2,4,人,乘客,女,54,不明,非駕駛人,人的狀態,其他,其他,非汽、機及自行車,,,無(非車輛駕駛人因素),尚未發現肇事因素,否,121.235722,25.078578
2026,5,20260519,075300,A1,桃園市政府警察局,桃園市觀音區玉林路一段523號前0.0公尺附近,晴,無照明,其他,50,單路部分,彎曲路及附近,路段,一般車道(未劃分快慢車道),柏油,乾燥,無缺陷,無障礙物,無遮蔽物,良好,無號誌,無號誌,行車分向線,無標記,未繪設車道線,未繪設快慢車道分隔線,有,車與車,側撞,駕駛者,違反其他標誌(線)禁制,死亡1;受傷1,1,機車,普通重型,男,23,戴半罩式安全帽,不明,車的狀態,左轉彎,機車與自行車,前車頭,,,駕駛者,違反其他標誌(線)禁制,否,121.091952,25.046811
2026,5,20260519,075300,A1,桃園市政府警察局,桃園市觀音區玉林路一段523號前0.0公尺附近,晴,無照明,其他,50,單路部分,彎曲路及附近,路段,一般車道(未劃分快慢車道),柏油,乾燥,無缺陷,無障礙物,無遮蔽物,良好,無號誌,無號誌,行車分向線,無標記,未繪設車道線,未繪設快慢車道分隔線,有,車與車,側撞,駕駛者,違反其他標誌(線)禁制,死亡1;受傷1,2,小客車(含客、貨兩用),自用,男,31,繫安全帶(使用幼童安全椅),未使用,車的狀態,向前直行中,汽車,右前車頭(身),,,無(車輛駕駛者因素),尚未發現肇事因素,否,121.091952,25.046811
2026,5,20260519,075300,A1,桃園市政府警察局,桃園市觀音區玉林路一段523號前0.0公尺附近,晴,無照明,其他,50,單路部分,彎曲路及附近,路段,一般車道(未劃分快慢車道),柏油,乾燥,無缺陷,無障礙物,無遮蔽物,良好,無號誌,無號誌,行車分向線,無標記,未繪設車道線,未繪設快慢車道分隔線,有,車與車,側撞,駕駛者,違反其他標誌(線)禁制,死亡1;受傷1,3,機車,普通重型,女,43,戴半罩式安全帽,未使用,車的狀態,向前直行中,機車與自行車,左側車身,,,無(車輛駕駛者因素),尚未發現肇事因素,否,121.091952,25.046811
2026,5,20260521,070500,A1,桃園市政府警察局,桃園市八德區國2便道與桃園區樹林三街561巷口,晴,有照明未開啟或故障,市區道路,40,交岔路,四岔路,交叉路口,交叉路口內,柏油,乾燥,無缺陷,無障礙物,無遮蔽物,良好,行車管制號誌,正常,無,無分向設施,未繪設車道線,未繪設快慢車道分隔線,無,車與車,側撞,駕駛者,酒醉(後)駕駛,死亡1;受傷0,1,機車,普通重型,男,55,戴半罩式安全帽,未使用,車的狀態,向前直行中,機車與自行車,前車頭,,,駕駛者,酒醉(後)駕駛,否,121.310367,24.973051
2026,5,20260521,070500,A1,桃園市政府警察局,桃園市八德區國2便道與桃園區樹林三街561巷口,晴,有照明未開啟或故障,市區道路,40,交岔路,四岔路,交叉路口,交叉路口內,柏油,乾燥,無缺陷,無障礙物,無遮蔽物,良好,行車管制號誌,正常,無,無分向設施,未繪設車道線,未繪設快慢車道分隔線,無,車與車,側撞,駕駛者,酒醉(後)駕駛,死亡1;受傷0,2,小客車(含客、貨兩用),自用,男,57,繫安全帶(使用幼童安全椅),未使用,車的狀態,右轉彎,汽車,右前車頭(身),,,無(車輛駕駛者因素),尚未發現肇事因素,否,121.310367,24.973051
2026,5,20260522,071300,A1,桃園市政府警察局,桃園市桃園區三民路三段口 / 桃園市桃園區文化街口,晴,有照明未開啟或故障,市區道路,50,交岔路,四岔路,交叉路口,交叉路口內,柏油,乾燥,無缺陷,無障礙物,無遮蔽物,良好,行車管制號誌(附設行人專用號誌),正常,無,無分向設施,未繪設車道線,未繪設快慢車道分隔線,無,車與車,側撞,駕駛者,左轉彎未依規定,死亡1;受傷0,1,機車,普通重型,男,60,戴半罩式安全帽,未使用,車的狀態,左轉彎,機車與自行車,前車頭,,,駕駛者,左轉彎未依規定,否,121.306367,24.991297
2026,5,20260522,071300,A1,桃園市政府警察局,桃園市桃園區三民路三段口 / 桃園市桃園區文化街口,晴,有照明未開啟或故障,市區道路,50,交岔路,四岔路,交叉路口,交叉路口內,柏油,乾燥,無缺陷,無障礙物,無遮蔽物,良好,行車管制號誌(附設行人專用號誌),正常,無,無分向設施,未繪設車道線,未繪設快慢車道分隔線,無,車與車,側撞,駕駛者,左轉彎未依規定,死亡1;受傷0,2,小客車(含客、貨兩用),自用,男,66,不明,不明,車的狀態,向前直行中,汽車,左前車頭(身),,,無(車輛駕駛者因素),尚未發現肇事因素,否,121.306367,24.991297
2026,5,20260522,071300,A1,桃園市政府警察局,桃園市桃園區三民路三段口 / 桃園市桃園區文化街口,晴,有照明未開啟或故障,市區道路,50,交岔路,四岔路,交叉路口,交叉路口內,柏油,乾燥,無缺陷,無障礙物,無遮蔽物,良好,行車管制號誌(附設行人專用號誌),正常,無,無分向設施,未繪設車道線,未繪設快慢車道分隔線,無,車與車,側撞,駕駛者,左轉彎未依規定,死亡1;受傷0,3,小客車(含客、貨兩用),自用,男,43,不明,不明,車的狀態,等待(引擎未熄火),其他,無撞擊,,,無(車輛駕駛者因素),尚未發現肇事因素,否,121.306367,24.991297
2026,5,20260526,104600,A1,桃園市政府警察局,桃園市楊梅區三民路63號前0.0公尺,晴,有照明未開啟或故障,市區道路,40,單路部分,彎曲路及附近,路段,一般車道(未劃分快慢車道),柏油,乾燥,無缺陷,無障礙物,無遮蔽物,良好,無號誌,無號誌,雙向禁止超車線,無標記,未繪設車道線,未繪設快慢車道分隔線,有,車與車,追撞,駕駛者,恍神、緊張、心不在焉分心駕駛,死亡1;受傷0,1,機車,普通重型,男,36,戴非半罩式安全帽,未使用,車的狀態,向前直行中,機車與自行車,前車頭,,,駕駛者,恍神、緊張、心不在焉分心駕駛,否,121.170664,24.906088
2026,5,20260526,104600,A1,桃園市政府警察局,桃園市楊梅區三民路63號前0.0公尺,晴,有照明未開啟或故障,市區道路,40,單路部分,彎曲路及附近,路段,一般車道(未劃分快慢車道),柏油,乾燥,無缺陷,無障礙物,無遮蔽物,良好,無號誌,無號誌,雙向禁止超車線,無標記,未繪設車道線,未繪設快慢車道分隔線,有,車與車,追撞,駕駛者,恍神、緊張、心不在焉分心駕駛,死亡1;受傷0,2,大貨車,自用,男,42,繫安全帶(使用幼童安全椅),使用手持或有礙駕駛安全,車的狀態,靜止(引擎熄火),汽車,左後車尾(身),,,其他,違規(臨時)停車,否,121.170664,24.906088
2026,6,20260603,185351,A1,桃園市政府警察局,桃園市中壢區自強一路口 / 桃園市中壢區自強四路口,陰,有照明未開啟或故障,市區道路,50,交岔路,四岔路,交叉路口,交叉路口內,柏油,乾燥,無缺陷,無障礙物,無遮蔽物,良好,行車管制號誌(附設行人專用號誌),正常,無,無分向設施,未繪設車道線,未繪設快慢車道分隔線,無,車與車,側撞,駕駛者,有號誌路口，轉彎車未讓直行車先行,死亡1;受傷0,1,小客車(含客、貨兩用),自用,男,76,繫安全帶(使用幼童安全椅),未使用,車的狀態,左轉彎,汽車,右前車頭(身),,,駕駛者,有號誌路口，轉彎車未讓直行車先行,否,121.244408,24.972565
2026,6,20260603,185351,A1,桃園市政府警察局,桃園市中壢區自強一路口 / 桃園市中壢區自強四路口,陰,有照明未開啟或故障,市區道路,50,交岔路,四岔路,交叉路口,交叉路口內,柏油,乾燥,無缺陷,無障礙物,無遮蔽物,良好,行車管制號誌(附設行人專用號誌),正常,無,無分向設施,未繪設車道線,未繪設快慢車道分隔線,無,車與車,側撞,駕駛者,有號誌路口，轉彎車未讓直行車先行,死亡1;受傷0,2,機車,普通重型,男,25,戴非半罩式安全帽,未使用,車的狀態,向前直行中,機車與自行車,前車頭,,,駕駛者,恍神、緊張、心不在焉分心駕駛,否,121.244408,24.972565
2026,6,20260605,071641,A1,桃園市政府警察局,桃園市大溪區瑞安路二段與瑞安路二段48巷口附近,雨,有照明未開啟或故障,市區道路,60,單路部分,直路,路段,路肩、路緣,柏油,濕潤,無缺陷,無障礙物,無遮蔽物,良好,無號誌,無號誌,中央分向島,寬式(50公分以上),車道線(無標記),未繪設快慢車道分隔線,有,車輛本身,撞護欄(樁),駕駛者,未依規定減速,死亡1;受傷0,1,小客車(含客、貨兩用),自用,女,53,不明,不明,車的狀態,向前直行中,汽車,前車頭,,,駕駛者,未依規定減速,否,121.281615,24.871609
2026,6,20260605,071641,A1,桃園市政府警察局,桃園市大溪區瑞安路二段與瑞安路二段48巷口附近,雨,有照明未開啟或故障,市區道路,60,單路部分,直路,路段,路肩、路緣,柏油,濕潤,無缺陷,無障礙物,無遮蔽物,良好,無號誌,無號誌,中央分向島,寬式(50公分以上),車道線(無標記),未繪設快慢車道分隔線,有,車輛本身,撞護欄(樁),駕駛者,未依規定減速,死亡1;受傷0,2,,,無或物(動物、堆置物),-1,,,,,,,,,無(非車輛駕駛人因素),尚未發現肇事因素,否,121.281615,24.871609
2026,6,20260610,120454,A1,桃園市政府警察局,桃園市新屋區中山西路二段692號前0.0公尺,雨,無照明,市區道路,60,單路部分,直路,路段,一般車道(未劃分快慢車道),柏油,濕潤,無缺陷,無障礙物,無遮蔽物,良好,無號誌,無號誌,雙向禁止超車線,無標記,車道線(無標記),未繪設快慢車道分隔線,有,車與車,對撞,駕駛者,違反其他標誌(線)禁制,死亡4;受傷2,1,小客車(含客、貨兩用),自用,女,60,繫安全帶(使用幼童安全椅),不明,車的狀態,向前直行中,汽車,前車頭,,,駕駛者,違反其他標誌(線)禁制,否,121.061474,24.982514
2026,6,20260610,120454,A1,桃園市政府警察局,桃園市新屋區中山西路二段692號前0.0公尺,雨,無照明,市區道路,60,單路部分,直路,路段,一般車道(未劃分快慢車道),柏油,濕潤,無缺陷,無障礙物,無遮蔽物,良好,無號誌,無號誌,雙向禁止超車線,無標記,車道線(無標記),未繪設快慢車道分隔線,有,車與車,對撞,駕駛者,違反其他標誌(線)禁制,死亡4;受傷2,2,曳引車,營業用,男,35,繫安全帶(使用幼童安全椅),未使用,車的狀態,向前直行中,汽車,前車頭,,,無(車輛駕駛者因素),尚未發現肇事因素,否,121.061474,24.982514
2026,6,20260610,120454,A1,桃園市政府警察局,桃園市新屋區中山西路二段692號前0.0公尺,雨,無照明,市區道路,60,單路部分,直路,路段,一般車道(未劃分快慢車道),柏油,濕潤,無缺陷,無障礙物,無遮蔽物,良好,無號誌,無號誌,雙向禁止超車線,無標記,車道線(無標記),未繪設快慢車道分隔線,有,車與車,對撞,駕駛者,違反其他標誌(線)禁制,死亡4;受傷2,3,人,乘客,女,73,繫安全帶(使用幼童安全椅),非駕駛人,人的狀態,其他,其他,非汽、機及自行車,,,無(非車輛駕駛人因素),尚未發現肇事因素,否,121.061474,24.982514
2026,6,20260610,120454,A1,桃園市政府警察局,桃園市新屋區中山西路二段692號前0.0公尺,雨,無照明,市區道路,60,單路部分,直路,路段,一般車道(未劃分快慢車道),柏油,濕潤,無缺陷,無障礙物,無遮蔽物,良好,無號誌,無號誌,雙向禁止超車線,無標記,車道線(無標記),未繪設快慢車道分隔線,有,車與車,對撞,駕駛者,違反其他標誌(線)禁制,死亡4;受傷2,4,人,乘客,男,65,繫安全帶(使用幼童安全椅),非駕駛人,人的狀態,其他,其他,非汽、機及自行車,,,無(非車輛駕駛人因素),尚未發現肇事因素,否,121.061474,24.982514
2026,6,20260610,120454,A1,桃園市政府警察局,桃園市新屋區中山西路二段692號前0.0公尺,雨,無照明,市區道路,60,單路部分,直路,路段,一般車道(未劃分快慢車道),柏油,濕潤,無缺陷,無障礙物,無遮蔽物,良好,無號誌,無號誌,雙向禁止超車線,無標記,車道線(無標記),未繪設快慢車道分隔線,有,車與車,對撞,駕駛者,違反其他標誌(線)禁制,死亡4;受傷2,5,人,乘客,女,64,繫安全帶(使用幼童安全椅),非駕駛人,人的狀態,其他,其他,非汽、機及自行車,,,無(非車輛駕駛人因素),尚未發現肇事因素,否,121.061474,24.982514
2026,6,20260610,120454,A1,桃園市政府警察局,桃園市新屋區中山西路二段692號前0.0公尺,雨,無照明,市區道路,60,單路部分,直路,路段,一般車道(未劃分快慢車道),柏油,濕潤,無缺陷,無障礙物,無遮蔽物,良好,無號誌,無號誌,雙向禁止超車線,無標記,車道線(無標記),未繪設快慢車道分隔線,有,車與車,對撞,駕駛者,違反其他標誌(線)禁制,死亡4;受傷2,6,人,乘客,女,61,繫安全帶(使用幼童安全椅),非駕駛人,人的狀態,其他,其他,非汽、機及自行車,,,無(非車輛駕駛人因素),尚未發現肇事因素,否,121.061474,24.982514
2026,6,20260610,120454,A1,桃園市政府警察局,桃園市新屋區中山西路二段692號前0.0公尺,雨,無照明,市區道路,60,單路部分,直路,路段,一般車道(未劃分快慢車道),柏油,濕潤,無缺陷,無障礙物,無遮蔽物,良好,無號誌,無號誌,雙向禁止超車線,無標記,車道線(無標記),未繪設快慢車道分隔線,有,車與車,對撞,駕駛者,違反其他標誌(線)禁制,死亡4;受傷2,7,,,無或物(動物、堆置物),-1,,,,,,,,,無(非車輛駕駛人因素),尚未發現肇事因素,否,121.061474,24.982514
2026,6,20260626,021900,A1,桃園市政府警察局,桃園市桃園區慈文路216號前0.0公尺,雨,有照明且開啟,市區道路,50,單路部分,直路,路段,一般車道(未劃分快慢車道),柏油,濕潤,無缺陷,無障礙物,無遮蔽物,良好,無號誌,無號誌,雙向禁止超車線,無標記,未繪設車道線,未繪設快慢車道分隔線,有,人與車,其他,非駕駛者,其他引起事故之疏失或行為,死亡1;受傷0,1,人,其他人,男,19,其他(無需使用保護裝備之人),非駕駛人,人的狀態,其他,其他,非汽、機及自行車,,,非駕駛者,其他引起事故之疏失或行為,否,121.302681,25.007316
2026,6,20260626,021900,A1,桃園市政府警察局,桃園市桃園區慈文路216號前0.0公尺,雨,有照明且開啟,市區道路,50,單路部分,直路,路段,一般車道(未劃分快慢車道),柏油,濕潤,無缺陷,無障礙物,無遮蔽物,良好,無號誌,無號誌,雙向禁止超車線,無標記,未繪設車道線,未繪設快慢車道分隔線,有,人與車,其他,非駕駛者,其他引起事故之疏失或行為,死亡1;受傷0,2,小客車(含客、貨兩用),自用,男,27,不明,不明,車的狀態,向前直行中,汽車,車底,,,駕駛者,恍神、緊張、心不在焉分心駕駛,否,121.302681,25.007316
2026,6,20260630,173435,A1,桃園市政府警察局,桃園市中壢區龍東路60號前0.0公尺附近,晴,有照明未開啟或故障,市區道路,50,單路部分,直路,路段,一般車道(未劃分快慢車道),柏油,乾燥,無缺陷,無障礙物,無遮蔽物,良好,無號誌,無號誌,行車分向線,無標記,未繪設車道線,未繪設快慢車道分隔線,有,車與車,追撞,駕駛者,吸食違禁物駕駛,死亡1;受傷1,1,小客車(含客、貨兩用),自用,男,48,不明,不明,車的狀態,向前直行中,汽車,左前車頭(身),,,駕駛者,吸食違禁物駕駛,是,121.250425,24.928579
2026,6,20260630,173435,A1,桃園市政府警察局,桃園市中壢區龍東路60號前0.0公尺附近,晴,有照明未開啟或故障,市區道路,50,單路部分,直路,路段,一般車道(未劃分快慢車道),柏油,乾燥,無缺陷,無障礙物,無遮蔽物,良好,無號誌,無號誌,行車分向線,無標記,未繪設車道線,未繪設快慢車道分隔線,有,車與車,追撞,駕駛者,吸食違禁物駕駛,死亡1;受傷1,2,機車,普通重型,男,59,不明,不明,車的狀態,左轉彎,機車與自行車,後車尾,,,無(車輛駕駛者因素),尚未發現肇事因素,否,121.250425,24.928579
2026,6,20260630,173435,A1,桃園市政府警察局,桃園市中壢區龍東路60號前0.0公尺附近,晴,有照明未開啟或故障,市區道路,50,單路部分,直路,路段,一般車道(未劃分快慢車道),柏油,乾燥,無缺陷,無障礙物,無遮蔽物,良好,無號誌,無號誌,行車分向線,無標記,未繪設車道線,未繪設快慢車道分隔線,有,車與車,追撞,駕駛者,吸食違禁物駕駛,死亡1;受傷1,3,機車,普通重型,女,47,不明,不明,車的狀態,向前直行中,其他,無撞擊,,,無(車輛駕駛者因素),尚未發現肇事因素,否,121.250425,24.928579
2026,6,20260630,173435,A1,桃園市政府警察局,桃園市中壢區龍東路60號前0.0公尺附近,晴,有照明未開啟或故障,市區道路,50,單路部分,直路,路段,一般車道(未劃分快慢車道),柏油,乾燥,無缺陷,無障礙物,無遮蔽物,良好,無號誌,無號誌,行車分向線,無標記,未繪設車道線,未繪設快慢車道分隔線,有,車與車,追撞,駕駛者,吸食違禁物駕駛,死亡1;受傷1,4,機車,普通重型,男,49,不明,不明,車的狀態,向前直行中,機車與自行車,左側車身,,,無(車輛駕駛者因素),尚未發現肇事因素,否,121.250425,24.928579
2026,6,20260630,173435,A1,桃園市政府警察局,桃園市中壢區龍東路60號前0.0公尺附近,晴,有照明未開啟或故障,市區道路,50,單路部分,直路,路段,一般車道(未劃分快慢車道),柏油,乾燥,無缺陷,無障礙物,無遮蔽物,良好,無號誌,無號誌,行車分向線,無標記,未繪設車道線,未繪設快慢車道分隔線,有,車與車,追撞,駕駛者,吸食違禁物駕駛,死亡1;受傷1,5,人,乘客,男,9,不明,非駕駛人,人的狀態,其他,其他,非汽、機及自行車,,,無(非車輛駕駛人因素),尚未發現肇事因素,否,121.250425,24.928579
2026,7,20260702,073000,A1,桃園市政府警察局,桃園市龜山區萬壽路一段附近 / 桃園市龜山區萬壽路一段附近,晴,有照明且開啟,市區道路,50,單路部分,彎曲路及附近,路段,一般車道(未劃分快慢車道),柏油,乾燥,無缺陷,無障礙物,無遮蔽物,良好,無號誌,無號誌,中央分向島,寬式(50公分以上),車道線(無標記),未繪設快慢車道分隔線,有,車輛本身,撞交通島,駕駛者,未依規定減速,死亡1;受傷0,1,機車,普通重型,男,35,戴非半罩式安全帽,未使用,車的狀態,右轉彎,機車與自行車,前車頭,,,駕駛者,未依規定減速,否,121.384714,25.012069
2026,7,20260702,073000,A1,桃園市政府警察局,桃園市龜山區萬壽路一段附近 / 桃園市龜山區萬壽路一段附近,晴,有照明且開啟,市區道路,50,單路部分,彎曲路及附近,路段,一般車道(未劃分快慢車道),柏油,乾燥,無缺陷,無障礙物,無遮蔽物,良好,無號誌,無號誌,中央分向島,寬式(50公分以上),車道線(無標記),未繪設快慢車道分隔線,有,車輛本身,撞交通島,駕駛者,未依規定減速,死亡1;受傷0,2,,,無或物(動物、堆置物),-1,,,,,,,,,無(非車輛駕駛人因素),尚未發現肇事因素,否,121.384714,25.012069
2026,7,20260706,142200,A1,桃園市政府警察局,桃園市平鎮區環南路口 / 桃園市平鎮區復興街口,晴,有照明未開啟或故障,市區道路,50,交岔路,四岔路,其他,行人穿越道,柏油,乾燥,無缺陷,無障礙物,無遮蔽物,良好,行車管制號誌(附設行人專用號誌),正常,無,無分向設施,未繪設車道線,未繪設快慢車道分隔線,無,人與車,穿越道路中,駕駛者,車輛未依規定暫停讓行人先行,死亡1;受傷0,1,小客車(含客、貨兩用),自用,女,54,繫安全帶(使用幼童安全椅),未使用,車的狀態,左轉彎,汽車,前車頭,,,駕駛者,車輛未依規定暫停讓行人先行,否,121.206666,24.954567
2026,7,20260706,142200,A1,桃園市政府警察局,桃園市平鎮區環南路口 / 桃園市平鎮區復興街口,晴,有照明未開啟或故障,市區道路,50,交岔路,四岔路,其他,行人穿越道,柏油,乾燥,無缺陷,無障礙物,無遮蔽物,良好,行車管制號誌(附設行人專用號誌),正常,無,無分向設施,未繪設車道線,未繪設快慢車道分隔線,無,人與車,穿越道路中,駕駛者,車輛未依規定暫停讓行人先行,死亡1;受傷0,2,人,行人,男,85,其他(無需使用保護裝備之人),非駕駛人,人的狀態,步行,其他,非汽、機及自行車,,,無(非車輛駕駛人因素),尚未發現肇事因素,否,121.206666,24.954567
2026,7,20260713,193400,A1,桃園市政府警察局,桃園市八德區介壽路一段252號前0.0公尺,陰,有照明且開啟,市區道路,50,單路部分,直路,路段,一般車道(未劃分快慢車道),柏油,乾燥,無缺陷,無障礙物,無遮蔽物,良好,無號誌,無號誌,雙向禁止超車線,無標記,車道線(無標記),未繪設快慢車道分隔線,有,車與車,追撞,駕駛者,變換車道不當,死亡1;受傷0,1,慢車,腳踏自行車,男,51,不明,不明,車的狀態,向左變換車道,機車與自行車,左側車身,,,駕駛者,變換車道不當,否,121.301782,24.971750
2026,7,20260713,193400,A1,桃園市政府警察局,桃園市八德區介壽路一段252號前0.0公尺,陰,有照明且開啟,市區道路,50,單路部分,直路,路段,一般車道(未劃分快慢車道),柏油,乾燥,無缺陷,無障礙物,無遮蔽物,良好,無號誌,無號誌,雙向禁止超車線,無標記,車道線(無標記),未繪設快慢車道分隔線,有,車與車,追撞,駕駛者,變換車道不當,死亡1;受傷0,2,小客車(含客、貨兩用),自用,男,51,不明,不明,車的狀態,向前直行中,汽車,前車頭,,,駕駛者,超速駕駛,否,121.301782,24.971750
2026,7,20260715,160200,A1,桃園市政府警察局,桃園市中壢區新生路556號前0.0公尺,晴,有照明未開啟或故障,市區道路,50,單路部分,直路,路段,一般車道(未劃分快慢車道),柏油,乾燥,無缺陷,無障礙物,無遮蔽物,良好,無號誌,無號誌,中央分向島,寬式(50公分以上),車道線(無標記),未繪設快慢車道分隔線,有,人與車,同向通行中,駕駛者,違反其他標誌(線)禁制,死亡1;受傷1,1,機車,普通重型,男,20,戴半罩式安全帽,未使用,車的狀態,向前直行中,機車與自行車,前車頭,,,駕駛者,違反其他標誌(線)禁制,否,121.223971,24.969301
2026,7,20260715,160200,A1,桃園市政府警察局,桃園市中壢區新生路556號前0.0公尺,晴,有照明未開啟或故障,市區道路,50,單路部分,直路,路段,一般車道(未劃分快慢車道),柏油,乾燥,無缺陷,無障礙物,無遮蔽物,良好,無號誌,無號誌,中央分向島,寬式(50公分以上),車道線(無標記),未繪設快慢車道分隔線,有,人與車,同向通行中,駕駛者,違反其他標誌(線)禁制,死亡1;受傷1,2,人,行人,女,45,其他(無需使用保護裝備之人),非駕駛人,人的狀態,步行,其他,非汽、機及自行車,,,非駕駛者,事故發生時當事者逕自離開現場,否,121.223971,24.969301
2026,7,20260715,160200,A1,桃園市政府警察局,桃園市中壢區新生路556號前0.0公尺,晴,有照明未開啟或故障,市區道路,50,單路部分,直路,路段,一般車道(未劃分快慢車道),柏油,乾燥,無缺陷,無障礙物,無遮蔽物,良好,無號誌,無號誌,中央分向島,寬式(50公分以上),車道線(無標記),未繪設快慢車道分隔線,有,人與車,同向通行中,駕駛者,違反其他標誌(線)禁制,死亡1;受傷1,3,小客車(含客、貨兩用),自用,男,30,繫安全帶(使用幼童安全椅),未使用,車的狀態,向前直行中,汽車,右側車身,,,無(車輛駕駛者因素),尚未發現肇事因素,否,121.223971,24.969301
2026,7,20260719,154600,A1,桃園市政府警察局,桃園市龜山區忠義路一段851號前0.0公尺,晴,有照明且開啟,市區道路,40,單路部分,直路,路段,慢車道,柏油,乾燥,無缺陷,無障礙物,無遮蔽物,良好,無號誌,無號誌,中央分向島,寬式(50公分以上),禁止變換車道線(無標記),窄式快慢車道分隔島(無柵欄),有,車輛本身,衝出路外,駕駛者,酒醉(後)駕駛,死亡1;受傷0,1,機車,普通重型,男,63,戴非半罩式安全帽,未使用,車的狀態,向前直行中,機車與自行車,前車頭,,,駕駛者,酒醉(後)駕駛,否,121.348355,25.017753
2026,7,20260719,154600,A1,桃園市政府警察局,桃園市龜山區忠義路一段851號前0.0公尺,晴,有照明且開啟,市區道路,40,單路部分,直路,路段,慢車道,柏油,乾燥,無缺陷,無障礙物,無遮蔽物,良好,無號誌,無號誌,中央分向島,寬式(50公分以上),禁止變換車道線(無標記),窄式快慢車道分隔島(無柵欄),有,車輛本身,衝出路外,駕駛者,酒醉(後)駕駛,死亡1;受傷0,2,,,無或物(動物、堆置物),-1,,,,,,,,,無(非車輛駕駛人因素),尚未發現肇事因素,否,121.348355,25.017753
2026,7,20260727,074200,A1,桃園市政府警察局,桃園市八德區興豐路2巷連城枝13分6電桿附近,晴,有照明未開啟或故障,市區道路,50,單路部分,彎曲路及附近,路段,一般車道(未劃分快慢車道),柏油,乾燥,無缺陷,無障礙物,無遮蔽物,良好,無號誌,無號誌,無,無分向設施,車道線(無標記),未繪設快慢車道分隔線,有,車輛本身,撞電桿,駕駛者,恍神、緊張、心不在焉分心駕駛,死亡1;受傷0,1,機車,普通重型,男,78,戴半罩式安全帽,不明,車的狀態,向前直行中,機車與自行車,前車頭,,,駕駛者,恍神、緊張、心不在焉分心駕駛,否,121.278182,24.928945
2026,7,20260727,074200,A1,桃園市政府警察局,桃園市八德區興豐路2巷連城枝13分6電桿附近,晴,有照明未開啟或故障,市區道路,50,單路部分,彎曲路及附近,路段,一般車道(未劃分快慢車道),柏油,乾燥,無缺陷,無障礙物,無遮蔽物,良好,無號誌,無號誌,無,無分向設施,車道線(無標記),未繪設快慢車道分隔線,有,車輛本身,撞電桿,駕駛者,恍神、緊張、心不在焉分心駕駛,死亡1;受傷0,2,,,無或物(動物、堆置物),-1,,,,,,,,,無(非車輛駕駛人因素),尚未發現肇事因素,否,121.278182,24.928945
